Store_Avg_Sales,Store_Size_Tier_Enc,Week,Month,Year,Is_EndOfYear,Holiday_Flag,Temperature,CPI,Unemployment,log_Weekly_Sales,Store,Date
1555264.3975524476,2,5,2,2010,0,0,42.31,211.0963582,8.106,14.312455428275923,1,2010-02-05
1899424.5726573425,2,5,2,2010,0,0,54.34,126.4420645,9.765,14.60080371296122,10,2010-02-05
518900.2819580419,0,5,2,2010,0,0,45.97,209.8529663,8.554,13.19190386159074,37,2010-02-05
893581.3904195804,1,5,2,2010,0,0,23.11,126.4420645,6.548,13.578568518879386,17,2010-02-05
438579.6162237762,0,5,2,2010,0,0,39.05,210.7526053,8.324,13.050028183719112,30,2010-02-05
706721.5326573426,1,5,2,2010,0,0,21.1,204.2471935,8.187,13.425770111777899,25,2010-02-05
1028501.0389510489,1,5,2,2010,0,0,24.36,135.3524608,8.283,13.847995531099514,22,2010-02-05
1389864.4604895106,2,5,2,2010,0,0,15.25,131.5279032,5.892,14.126461727850298,23,2010-02-05
1356755.3935664336,2,5,2,2010,0,0,22.43,131.5279032,8.326,14.143897791711575,24,2010-02-05
1444999.0356643356,2,5,2,2010,0,0,20.96,131.5279032,8.35,14.226054858441453,19,2010-02-05
756069.0833566433,1,5,2,2010,0,0,39.05,210.7526053,8.324,13.590609062371072,21,2010-02-05
1002911.8446853146,1,5,2,2010,0,0,9.55,131.5279032,8.488,13.849061584546545,26,2010-02-05
1450668.1291608391,2,5,2,2010,0,0,44.3,209.8529663,8.554,14.023010625541113,39,2010-02-05
908749.5183916084,1,5,2,2010,0,0,34.14,214.4714512,6.299,13.819640109616712,8,2010-02-05
1166568.154965035,1,5,2,2010,0,0,34.43,189.3816974,9.014,13.899499797058725,32,2010-02-05
623312.474965035,0,5,2,2010,0,0,19.83,131.5279032,8.35,13.387989148142418,15,2010-02-05
966781.5594405595,1,5,2,2010,0,0,35.44,126.4420645,9.521,13.770753707040539,34,2010-02-05
2003620.3062937064,2,5,2,2010,0,0,31.53,126.4420645,8.316,14.49213271431386,13,2010-02-05
385731.6532867133,0,5,2,2010,0,0,49.47,126.4420645,13.975,12.789675961305193,38,2010-02-05
543980.5523776223,0,5,2,2010,0,0,38.01,214.6554591,6.415,13.216775972681978,9,2010-02-05
1925751.3355244757,2,5,2,2010,0,0,40.19,210.7526053,8.324,14.574909070089168,2,2010-02-05
785981.4085314686,1,5,2,2010,0,0,27.31,181.8711898,8.992,13.69975229482183,45,2010-02-05
2107676.8703496503,2,5,2,2010,0,0,25.92,204.2471935,8.187,14.691560988601827,20,2010-02-05
1775216.2019580419,2,5,2,2010,0,0,27.19,135.3524608,8.237,14.443740900500504,27,2010-02-05
1268125.418811189,1,5,2,2010,0,0,30.27,189.3816974,7.541,13.898503536996504,41,2010-02-05
2094712.9606993007,2,5,2,2010,0,0,43.76,126.4420645,8.623,14.574045057143765,4,2010-02-05
1395901.437062937,2,5,2,2010,0,0,39.05,210.7526053,8.324,14.200264700361801,31,2010-02-05
519247.7300699301,0,5,2,2010,0,0,19.79,189.3816974,7.039,13.07613156785312,16,2010-02-05
1356383.1244755245,2,5,2,2010,0,0,46.04,214.4248812,7.368,14.239476557589226,11,2010-02-05
373511.9927972028,0,5,2,2010,0,0,45.97,209.8529663,8.554,13.055256740144285,36,2010-02-05
556403.863146853,0,5,2,2010,0,0,54.34,126.4420645,9.765,13.205573390021573,42,2010-02-05
318011.8104895105,0,5,2,2010,0,0,39.7,211.6539716,6.566,12.667206113454524,5,2010-02-05
633324.7231468532,0,5,2,2010,0,0,47.31,203.0642742,9.521,13.380148373006161,43,2010-02-05
919724.9795804196,1,5,2,2010,0,0,27.19,135.3524608,9.262,14.023024196089255,35,2010-02-05
1323522.241818182,1,5,2,2010,0,0,49.47,126.4420645,13.975,14.329742348153427,28,2010-02-05
1564728.1862937063,2,5,2,2010,0,0,40.43,212.6223518,7.259,14.317882207377089,6,2010-02-05
259861.69202797202,0,5,2,2010,0,0,58.4,126.4420645,10.115,12.523050488060758,33,2010-02-05
302748.86601398606,0,5,2,2010,0,0,31.53,126.4420645,8.119,12.54643711898901,44,2010-02-05
1084718.421048951,1,5,2,2010,0,0,21.33,131.5279032,9.202,14.002246108737745,18,2010-02-05
402704.44104895106,0,5,2,2010,0,0,45.71,214.4248812,7.368,13.042504296203752,3,2010-02-05
1009001.6094405595,1,5,2,2010,0,0,49.47,126.4420645,13.975,13.91086380047775,12,2010-02-05
539451.4287412588,0,5,2,2010,0,0,24.36,131.5279032,10.064,13.19679429454856,29,2010-02-05
964128.0404895104,1,5,2,2010,0,0,14.48,131.5279032,5.892,13.817453469289088,40,2010-02-05
570617.3086713287,0,5,2,2010,0,0,10.53,189.3816974,9.014,13.115794731005462,7,2010-02-05
2020978.4009790209,2,5,2,2010,0,0,27.31,181.8711898,8.992,14.780008789053506,14,2010-02-05
908749.5183916084,1,6,2,2010,0,1,33.34,214.6214189,6.299,13.810299403453712,8,2010-02-12
623312.474965035,0,6,2,2010,0,1,22.0,131.5866129,8.35,13.43344175919372,15,2010-02-12
633324.7231468532,0,6,2,2010,0,1,47.99,203.2010968,9.521,13.434132986742167,43,2010-02-12
318011.8104895105,0,6,2,2010,0,1,39.81,211.8004698,6.566,12.650202863754885,5,2010-02-12
1450668.1291608391,2,6,2,2010,0,1,44.58,209.9970208,8.554,14.051554595033208,39,2010-02-12
1002911.8446853146,1,6,2,2010,0,1,18.14,131.5866129,8.488,13.83107390828849,26,2010-02-12
966781.5594405595,1,6,2,2010,0,1,36.13,126.4962581,9.521,13.81010798028764,34,2010-02-12
259861.69202797202,0,6,2,2010,0,1,55.47,126.4962581,10.115,12.59433676115354,33,2010-02-12
570617.3086713287,0,6,2,2010,0,1,25.9,189.4642725,9.014,13.169449080280748,7,2010-02-12
2003620.3062937064,2,6,2,2010,0,1,33.16,126.4962581,8.316,14.524006570224016,13,2010-02-12
964128.0404895104,1,6,2,2010,0,1,20.84,131.5866129,5.892,13.769821833853676,40,2010-02-12
1009001.6094405595,1,6,2,2010,0,1,47.87,126.4962581,13.975,13.92693057470748,12,2010-02-12
1444999.0356643356,2,6,2,2010,0,1,23.22,131.5866129,8.35,14.245050819781621,19,2010-02-12
385731.6532867133,0,6,2,2010,0,1,47.87,126.4962581,13.975,12.743197103416916,38,2010-02-12
1555264.3975524476,2,6,2,2010,0,1,38.51,211.2421698,8.106,14.31140025807736,1,2010-02-12
543980.5523776223,0,6,2,2010,0,1,37.08,214.8056534,6.415,13.222531700931606,9,2010-02-12
1925751.3355244757,2,6,2,2010,0,1,38.49,210.8979935,8.324,14.575292732401277,2,2010-02-12
785981.4085314686,1,6,2,2010,0,1,27.73,181.982317,8.992,13.395423528697064,45,2010-02-12
2107676.8703496503,2,6,2,2010,0,1,22.12,204.3857472,8.187,14.5617760939742,20,2010-02-12
1775216.2019580419,2,6,2,2010,0,1,29.81,135.4113076,8.237,14.372473527429083,27,2010-02-12
2094712.9606993007,2,6,2,2010,0,1,28.84,126.4962581,8.623,14.598639378661515,4,2010-02-12
539451.4287412588,0,6,2,2010,0,1,28.14,131.5866129,10.064,13.18001690754286,29,2010-02-12
1395901.437062937,2,6,2,2010,0,1,37.77,210.8979935,8.324,14.249853479211977,31,2010-02-12
1084718.421048951,1,6,2,2010,0,1,26.41,131.5866129,9.202,13.987682194821819,18,2010-02-12
519247.7300699301,0,6,2,2010,0,1,20.87,189.4642725,7.039,13.064830192169882,16,2010-02-12
1356383.1244755245,2,6,2,2010,0,1,48.01,214.5747916,7.368,14.269565861043013,11,2010-02-12
373511.9927972028,0,6,2,2010,0,1,46.11,209.9970208,8.554,13.059561374312839,36,2010-02-12
556403.863146853,0,6,2,2010,0,1,49.96,126.4962581,9.765,13.263361008175929,42,2010-02-12
2020978.4009790209,2,6,2,2010,0,1,27.73,181.982317,8.992,14.348617992134304,14,2010-02-12
756069.0833566433,1,6,2,2010,0,1,37.77,210.8979935,8.324,13.603952682765273,21,2010-02-12
1166568.154965035,1,6,2,2010,0,1,28.09,189.4642725,9.014,13.932019110701106,32,2010-02-12
518900.2819580419,0,6,2,2010,0,1,46.11,209.9970208,8.554,13.180356209687027,37,2010-02-12
1268125.418811189,1,6,2,2010,0,1,23.04,189.4642725,7.541,13.88844251173652,41,2010-02-12
706721.5326573426,1,6,2,2010,0,1,19.64,204.3857472,8.187,13.276568375756309,25,2010-02-12
893581.3904195804,1,6,2,2010,0,1,18.36,126.4962581,6.548,13.64347936529473,17,2010-02-12
1028501.0389510489,1,6,2,2010,0,1,28.14,135.4113076,8.283,13.837831824549482,22,2010-02-12
1323522.241818182,1,6,2,2010,0,1,47.87,126.4962581,13.975,14.259535577611082,28,2010-02-12
1564728.1862937063,2,6,2,2010,0,1,40.57,212.7700425,7.259,14.289434530113901,6,2010-02-12
402704.44104895106,0,6,2,2010,0,1,47.93,214.5747916,7.368,12.949746481685233,3,2010-02-12
1389864.4604895106,2,6,2,2010,0,1,18.75,131.5866129,5.892,14.138241007236322,23,2010-02-12
1899424.5726573425,2,6,2,2010,0,1,49.96,126.4962581,9.765,14.593012453042421,10,2010-02-12
438579.6162237762,0,6,2,2010,0,1,37.77,210.8979935,8.324,13.11710069374516,30,2010-02-12
1356755.3935664336,2,6,2,2010,0,1,25.94,131.5866129,8.326,14.162009572304354,24,2010-02-12
302748.86601398606,0,6,2,2010,0,1,33.16,126.4962581,8.119,12.566743051967583,44,2010-02-12
919724.9795804196,1,6,2,2010,0,1,29.81,135.4113076,9.262,13.971502093804494,35,2010-02-12
785981.4085314686,1,7,2,2010,0,0,31.27,182.0347816,8.992,13.642662037938766,45,2010-02-19
539451.4287412588,0,7,2,2010,0,0,31.96,131.637,10.064,13.203759144664362,29,2010-02-19
1268125.418811189,1,7,2,2010,0,0,24.13,189.5340998,7.541,13.86623764508674,41,2010-02-19
1775216.2019580419,2,7,2,2010,0,0,32.44,135.4657781,8.237,14.480809207884077,27,2010-02-19
556403.863146853,0,7,2,2010,0,0,58.22,126.5262857,9.765,13.13980217383674,42,2010-02-19
756069.0833566433,1,7,2,2010,0,0,39.75,210.9451605,8.324,13.673122056701361,21,2010-02-19
373511.9927972028,0,7,2,2010,0,0,45.66,210.0451024,8.554,13.061087857549719,36,2010-02-19
893581.3904195804,1,7,2,2010,0,0,25.06,126.5262857,6.548,13.593260357493346,17,2010-02-19
1084718.421048951,1,7,2,2010,0,0,30.91,131.637,9.202,13.95585009002413,18,2010-02-19
1899424.5726573425,2,7,2,2010,0,0,58.22,126.5262857,9.765,14.56382447195151,10,2010-02-19
519247.7300699301,0,7,2,2010,0,0,21.13,189.5340998,7.039,13.060210701207227,16,2010-02-19
302748.86601398606,0,7,2,2010,0,0,35.7,126.5262857,8.119,12.498582918440674,44,2010-02-19
518900.2819580419,0,7,2,2010,0,0,45.66,210.0451024,8.554,13.142917682903963,37,2010-02-19
2094712.9606993007,2,7,2,2010,0,0,36.45,126.5262857,8.623,14.533282670775549,4,2010-02-19
1395901.437062937,2,7,2,2010,0,0,39.75,210.9451605,8.324,14.203074899092854,31,2010-02-19
1356383.1244755245,2,7,2,2010,0,0,48.3,214.6198868,7.368,14.22317305005494,11,2010-02-19
1009001.6094405595,1,7,2,2010,0,0,54.83,126.5262857,13.975,13.90665082849611,12,2010-02-19
2020978.4009790209,2,7,2,2010,0,0,31.27,182.0347816,8.992,14.606037457173144,14,2010-02-19
385731.6532867133,0,7,2,2010,0,0,54.83,126.5262857,13.975,12.698445825292156,38,2010-02-19
706721.5326573426,1,7,2,2010,0,0,24.16,204.4321004,8.187,13.424335365925538,25,2010-02-19
633324.7231468532,0,7,2,2010,0,0,48.77,203.2479796,9.521,13.398476613178733,43,2010-02-19
570617.3086713287,0,7,2,2010,0,0,27.28,189.5340998,9.014,13.135795836625256,7,2010-02-19
1356755.3935664336,2,7,2,2010,0,0,31.05,131.637,8.326,14.141473110823645,24,2010-02-19
1444999.0356643356,2,7,2,2010,0,0,28.57,131.637,8.35,14.231570746125874,19,2010-02-19
1002911.8446853146,1,7,2,2010,0,0,22.62,131.637,8.488,13.814859896329896,26,2010-02-19
919724.9795804196,1,7,2,2010,0,0,32.44,135.4657781,9.262,14.05504672516727,35,2010-02-19
1555264.3975524476,2,7,2,2010,0,0,39.93,211.2891429,8.106,14.292967076555646,1,2010-02-19
1450668.1291608391,2,7,2,2010,0,0,43.96,210.0451024,8.554,14.023006700611719,39,2010-02-19
1389864.4604895106,2,7,2,2010,0,0,26.7,131.637,5.892,14.092830912754936,23,2010-02-19
402704.44104895106,0,7,2,2010,0,0,47.07,214.6198868,7.368,12.95191471403636,3,2010-02-19
543980.5523776223,0,7,2,2010,0,0,43.06,214.8506185,6.415,13.144768302060227,9,2010-02-19
908749.5183916084,1,7,2,2010,0,0,39.1,214.6664878,6.299,13.778806500175646,8,2010-02-19
438579.6162237762,0,7,2,2010,0,0,39.75,210.9451605,8.324,13.046592429426328,30,2010-02-19
1166568.154965035,1,7,2,2010,0,0,29.16,189.5340998,9.014,13.894839219998659,32,2010-02-19
259861.69202797202,0,7,2,2010,0,0,62.16,126.5262857,10.115,12.600988404409481,33,2010-02-19
1323522.241818182,1,7,2,2010,0,0,54.83,126.5262857,13.975,14.215159732939785,28,2010-02-19
623312.474965035,0,7,2,2010,0,0,27.54,131.637,8.35,13.401266653738057,15,2010-02-19
318011.8104895105,0,7,2,2010,0,0,41.14,211.8471283,6.566,12.622967418779673,5,2010-02-19
1028501.0389510489,1,7,2,2010,0,0,31.96,135.4657781,8.283,13.803912165903979,22,2010-02-19
1925751.3355244757,2,7,2,2010,0,0,39.69,210.9451605,8.324,14.569024698913505,2,2010-02-19
966781.5594405595,1,7,2,2010,0,0,38.36,126.5262857,9.521,13.799344661140088,34,2010-02-19
1564728.1862937063,2,7,2,2010,0,0,43.58,212.8161546,7.259,14.264762266602478,6,2010-02-19
2003620.3062937064,2,7,2,2010,0,0,35.7,126.5262857,8.316,14.493684009708177,13,2010-02-19
964128.0404895104,1,7,2,2010,0,0,27.84,131.637,5.892,13.728088405708945,40,2010-02-19
2107676.8703496503,2,7,2,2010,0,0,25.43,204.4321004,8.187,14.586336466505966,20,2010-02-19
302748.86601398606,0,8,2,2010,0,0,29.98,126.5522857,8.119,12.517520327867324,44,2010-02-26
402704.44104895106,0,8,2,2010,0,0,52.05,214.6475127,7.368,12.917074135077574,3,2010-02-26
543980.5523776223,0,8,2,2010,0,0,43.83,214.8780453,6.415,13.068486263618036,9,2010-02-26
373511.9927972028,0,8,2,2010,0,0,50.87,210.0771885,8.554,13.011477491631585,36,2010-02-26
2020978.4009790209,2,8,2,2010,0,0,34.89,182.0774691,8.992,14.55534694961748,14,2010-02-26
1899424.5726573425,2,8,2,2010,0,0,52.77,126.5522857,9.765,14.512039992250003,10,2010-02-26
1356383.1244755245,2,8,2,2010,0,0,52.79,214.6475127,7.368,14.105494217231916,11,2010-02-26
518900.2819580419,0,8,2,2010,0,0,50.87,210.0771885,8.554,13.149232780042828,37,2010-02-26
706721.5326573426,1,8,2,2010,0,0,29.16,204.4630869,8.187,13.351119262071176,25,2010-02-26
633324.7231468532,0,8,2,2010,0,0,48.77,203.2798724,9.521,13.335381907247854,43,2010-02-26
623312.474965035,0,8,2,2010,0,0,29.87,131.686,8.35,13.244376033370065,15,2010-02-26
1028501.0389510489,1,8,2,2010,0,0,35.98,135.5195191,8.283,13.709886096364672,22,2010-02-26
756069.0833566433,1,8,2,2010,0,0,45.31,210.9759573,8.324,13.527292661984703,21,2010-02-26
1166568.154965035,1,8,2,2010,0,0,26.64,189.6018023,9.014,13.867389375899451,32,2010-02-26
1002911.8446853146,1,8,2,2010,0,0,27.32,131.686,8.488,13.659308119719528,26,2010-02-26
259861.69202797202,0,8,2,2010,0,0,56.5,126.5522857,10.115,12.55691883020841,33,2010-02-26
2094712.9606993007,2,8,2,2010,0,0,41.36,126.5522857,8.623,14.470815591511837,4,2010-02-26
385731.6532867133,0,8,2,2010,0,0,50.23,126.5522857,13.975,12.719565898008664,38,2010-02-26
1395901.437062937,2,8,2,2010,0,0,45.31,210.9759573,8.324,14.111425207070905,31,2010-02-26
964128.0404895104,1,8,2,2010,0,0,33.32,131.686,5.892,13.669233610456757,40,2010-02-26
2003620.3062937064,2,8,2,2010,0,0,29.98,126.5522857,8.316,14.413165768196999,13,2010-02-26
966781.5594405595,1,8,2,2010,0,0,37.28,126.5522857,9.521,13.71652648065568,34,2010-02-26
318011.8104895105,0,8,2,2010,0,0,46.7,211.8771468,6.566,12.507223468268466,5,2010-02-26
908749.5183916084,1,8,2,2010,0,0,37.91,214.6940735,6.299,13.650155976508886,8,2010-02-26
1450668.1291608391,2,8,2,2010,0,0,49.79,210.0771885,8.554,13.971302478789823,39,2010-02-26
1564728.1862937063,2,8,2,2010,0,0,47.1,212.845337,7.259,14.175248752356993,6,2010-02-26
1444999.0356643356,2,8,2,2010,0,0,30.33,131.686,8.35,14.132706086969305,19,2010-02-26
1356755.3935664336,2,8,2,2010,0,0,33.98,131.686,8.326,13.962829733253734,24,2010-02-26
1389864.4604895106,2,8,2,2010,0,0,32.68,131.686,5.892,13.996757078780734,23,2010-02-26
1323522.241818182,1,8,2,2010,0,0,50.23,126.5522857,13.975,14.248703881189945,28,2010-02-26
1009001.6094405595,1,8,2,2010,0,0,50.23,126.5522857,13.975,13.86298382683617,12,2010-02-26
919724.9795804196,1,8,2,2010,0,0,36.0,135.5195191,9.262,13.835952921761885,35,2010-02-26
438579.6162237762,0,8,2,2010,0,0,45.31,210.9759573,8.324,13.06543679316041,30,2010-02-26
893581.3904195804,1,8,2,2010,0,0,15.64,126.5522857,6.548,13.52722903921379,17,2010-02-26
570617.3086713287,0,8,2,2010,0,0,24.91,189.6018023,9.014,13.11450102999578,7,2010-02-26
556403.863146853,0,8,2,2010,0,0,52.77,126.5522857,9.765,13.105240778820807,42,2010-02-26
519247.7300699301,0,8,2,2010,0,0,18.12,189.6018023,7.039,13.001873814906286,16,2010-02-26
1268125.418811189,1,8,2,2010,0,0,21.84,189.6018023,7.541,13.807420652745623,41,2010-02-26
2107676.8703496503,2,8,2,2010,0,0,32.32,204.4630869,8.187,14.45641396625986,20,2010-02-26
1555264.3975524476,2,8,2,2010,0,0,46.63,211.3196429,8.106,14.158907754464193,1,2010-02-26
1775216.2019580419,2,8,2,2010,0,0,36.0,135.5195191,8.237,14.145486934955798,27,2010-02-26
1084718.421048951,1,8,2,2010,0,0,35.42,131.686,9.202,13.881446648921031,18,2010-02-26
539451.4287412588,0,8,2,2010,0,0,35.98,131.686,10.064,13.098928124505852,29,2010-02-26
785981.4085314686,1,8,2,2010,0,0,34.89,182.0774691,8.992,13.51695983513299,45,2010-02-26
1925751.3355244757,2,8,2,2010,0,0,46.1,210.9759573,8.324,14.438824301360903,2,2010-02-26
2020978.4009790209,2,9,3,2010,0,0,37.13,182.1201566,8.992,14.620890175849485,14,2010-03-05
1356755.3935664336,2,9,3,2010,0,0,36.73,131.735,8.326,14.160792708791195,24,2010-03-05
1555264.3975524476,2,9,3,2010,0,0,46.5,211.3501429,8.106,14.256862417490069,1,2010-03-05
543980.5523776223,0,9,3,2010,0,0,48.43,214.9054721,6.415,13.136855615785736,9,2010-03-05
1028501.0389510489,1,9,3,2010,0,0,36.82,135.5732602,8.283,13.824670715326441,22,2010-03-05
1389864.4604895106,2,9,3,2010,0,0,33.15,131.735,5.892,14.08643571168711,23,2010-03-05
1323522.241818182,1,9,3,2010,0,0,53.77,126.5782857,13.975,14.290773116021537,28,2010-03-05
1925751.3355244757,2,9,3,2010,0,0,47.17,211.0067542,8.324,14.504154679957363,2,2010-03-05
1395901.437062937,2,9,3,2010,0,0,48.61,211.0067542,8.324,14.14111792073676,31,2010-03-05
385731.6532867133,0,9,3,2010,0,0,53.77,126.5782857,13.975,12.827296477446254,38,2010-03-05
2107676.8703496503,2,9,3,2010,0,0,31.75,204.4940734,8.187,14.566556162933239,20,2010-03-05
706721.5326573426,1,9,3,2010,0,0,29.45,204.4940734,8.187,13.408671095864172,25,2010-03-05
756069.0833566433,1,9,3,2010,0,0,48.61,211.0067542,8.324,13.524416431069678,21,2010-03-05
919724.9795804196,1,9,3,2010,0,0,38.07,135.5732602,9.262,13.966179127992184,35,2010-03-05
402704.44104895106,0,9,3,2010,0,0,53.04,214.6751386,7.368,12.936522932579651,3,2010-03-05
518900.2819580419,0,9,3,2010,0,0,51.33,210.1092746,8.554,13.160153606364323,37,2010-03-05
893581.3904195804,1,9,3,2010,0,0,31.58,126.5782857,6.548,13.571272383837005,17,2010-03-05
570617.3086713287,0,9,3,2010,0,0,35.86,189.6695049,9.014,13.105055557486633,7,2010-03-05
1899424.5726573425,2,9,3,2010,0,0,55.92,126.5782857,9.765,14.502182363462563,10,2010-03-05
438579.6162237762,0,9,3,2010,0,0,48.61,211.0067542,8.324,13.065987864076604,30,2010-03-05
1009001.6094405595,1,9,3,2010,0,0,53.77,126.5782857,13.975,13.889707848271868,12,2010-03-05
2094712.9606993007,2,9,3,2010,0,0,43.49,126.5782857,8.623,14.494081235619204,4,2010-03-05
1450668.1291608391,2,9,3,2010,0,0,50.93,210.1092746,8.554,14.051574449047918,39,2010-03-05
519247.7300699301,0,9,3,2010,0,0,27.92,189.6695049,7.039,13.003991580962323,16,2010-03-05
1084718.421048951,1,9,3,2010,0,0,37.17,131.735,9.202,13.98080420935831,18,2010-03-05
556403.863146853,0,9,3,2010,0,0,55.92,126.5782857,9.765,13.226675499689826,42,2010-03-05
1356383.1244755245,2,9,3,2010,0,0,53.96,214.6751386,7.368,14.170821126566134,11,2010-03-05
373511.9927972028,0,9,3,2010,0,0,51.33,210.1092746,8.554,13.08196718804952,36,2010-03-05
2003620.3062937064,2,9,3,2010,0,0,40.65,126.5782857,8.316,14.47818895882875,13,2010-03-05
633324.7231468532,0,9,3,2010,0,0,52.89,203.3117653,9.521,13.39787324321405,43,2010-03-05
539451.4287412588,0,9,3,2010,0,0,36.82,131.735,10.064,13.190188198986515,29,2010-03-05
302748.86601398606,0,9,3,2010,0,0,40.65,126.5782857,8.119,12.558904157939367,44,2010-03-05
623312.474965035,0,9,3,2010,0,0,31.79,131.735,8.35,13.313523145225215,15,2010-03-05
964128.0404895104,1,9,3,2010,0,0,34.78,131.735,5.892,13.80561503840894,40,2010-03-05
1775216.2019580419,2,9,3,2010,0,0,38.07,135.5732602,8.237,14.088381525518512,27,2010-03-05
318011.8104895105,0,9,3,2010,0,0,48.89,211.9071653,6.566,12.573686030989798,5,2010-03-05
1268125.418811189,1,9,3,2010,0,0,32.49,189.6695049,7.541,13.877130909759385,41,2010-03-05
908749.5183916084,1,9,3,2010,0,0,45.64,214.7216592,6.299,13.689385896232542,8,2010-03-05
785981.4085314686,1,9,3,2010,0,0,37.13,182.1201566,8.992,13.564420387392872,45,2010-03-05
1166568.154965035,1,9,3,2010,0,0,37.72,189.6695049,9.014,13.879956331050877,32,2010-03-05
259861.69202797202,0,9,3,2010,0,0,59.17,126.5782857,10.115,12.582746878798389,33,2010-03-05
1564728.1862937063,2,9,3,2010,0,0,49.63,212.8745193,7.259,14.286357469047914,6,2010-03-05
1002911.8446853146,1,9,3,2010,0,0,28.6,131.735,8.488,13.82116512074825,26,2010-03-05
966781.5594405595,1,9,3,2010,0,0,42.65,126.5782857,9.521,13.730275918005827,34,2010-03-05
1444999.0356643356,2,9,3,2010,0,0,32.92,131.735,8.35,14.218202203578494,19,2010-03-05
964128.0404895104,1,10,3,2010,0,0,35.1,131.784,5.892,13.709431339657115,40,2010-03-12
1564728.1862937063,2,10,3,2010,0,0,58.82,212.9037017,7.259,14.259312886496827,6,2010-03-12
402704.44104895106,0,10,3,2010,0,0,63.08,214.7027646,7.368,12.85892292805757,3,2010-03-12
1899424.5726573425,2,10,3,2010,0,0,52.33,126.6042857,9.765,14.478892686964747,10,2010-03-12
1084718.421048951,1,10,3,2010,0,0,42.39,131.784,9.202,13.945486793500205,18,2010-03-12
385731.6532867133,0,10,3,2010,0,0,50.11,126.6042857,13.975,12.742638878887258,38,2010-03-12
570617.3086713287,0,10,3,2010,0,0,27.25,189.7372075,9.014,13.082484895968914,7,2010-03-12
2107676.8703496503,2,10,3,2010,0,0,43.82,204.5250598,8.187,14.5141306547592,20,2010-03-12
543980.5523776223,0,10,3,2010,0,0,55.76,214.932899,6.415,13.110587918016895,9,2010-03-12
2094712.9606993007,2,10,3,2010,0,0,49.63,126.6042857,8.623,14.454373180026808,4,2010-03-12
1775216.2019580419,2,10,3,2010,0,0,45.98,135.6270013,8.237,14.470495807063731,27,2010-03-12
1395901.437062937,2,10,3,2010,0,0,57.1,211.037551,8.324,14.127539585712851,31,2010-03-12
519247.7300699301,0,10,3,2010,0,0,28.64,189.7372075,7.039,13.00671622412633,16,2010-03-12
556403.863146853,0,10,3,2010,0,0,52.33,126.6042857,9.765,13.285102136737756,42,2010-03-12
633324.7231468532,0,10,3,2010,0,0,53.67,203.3436582,9.521,13.377606872339264,43,2010-03-12
623312.474965035,0,10,3,2010,0,0,41.39,131.784,8.35,13.311618491439623,15,2010-03-12
1268125.418811189,1,10,3,2010,0,0,33.4,189.7372075,7.541,13.839225824815172,41,2010-03-12
318011.8104895105,0,10,3,2010,0,0,58.5,211.9371839,6.566,12.60247881171332,5,2010-03-12
1166568.154965035,1,10,3,2010,0,0,39.88,189.7372075,9.014,13.904729834914608,32,2010-03-12
1002911.8446853146,1,10,3,2010,0,0,31.1,131.784,8.488,13.778206420605693,26,2010-03-12
1450668.1291608391,2,10,3,2010,0,0,61.88,210.1413607,8.554,14.034158282176097,39,2010-03-12
1444999.0356643356,2,10,3,2010,0,0,39.06,131.784,8.35,14.199336689718937,19,2010-03-12
1323522.241818182,1,10,3,2010,0,0,50.11,126.6042857,13.975,14.098339455289949,28,2010-03-12
438579.6162237762,0,10,3,2010,0,0,57.1,211.037551,8.324,13.056631461788086,30,2010-03-12
756069.0833566433,1,10,3,2010,0,0,57.1,211.037551,8.324,13.476273949986904,21,2010-03-12
518900.2819580419,0,10,3,2010,0,0,61.96,210.1413607,8.554,13.148062994990056,37,2010-03-12
893581.3904195804,1,10,3,2010,0,0,29.71,126.6042857,6.548,13.546274402043016,17,2010-03-12
908749.5183916084,1,10,3,2010,0,0,49.76,214.7492449,6.299,13.665079637911164,8,2010-03-12
302748.86601398606,0,10,3,2010,0,0,37.62,126.6042857,8.119,12.514262354053976,44,2010-03-12
539451.4287412588,0,10,3,2010,0,0,43.43,131.784,10.064,13.159742954398435,29,2010-03-12
1389864.4604895106,2,10,3,2010,0,0,36.07,131.784,5.892,14.157740444604105,23,2010-03-12
1028501.0389510489,1,10,3,2010,0,0,43.43,135.6270013,8.283,13.782148553810096,22,2010-03-12
706721.5326573426,1,10,3,2010,0,0,40.05,204.5250598,8.187,13.400935565578756,25,2010-03-12
259861.69202797202,0,10,3,2010,0,0,55.61,126.6042857,10.115,12.651277562807199,33,2010-03-12
2020978.4009790209,2,10,3,2010,0,0,45.8,182.1628441,8.992,14.583781936288597,14,2010-03-12
1009001.6094405595,1,10,3,2010,0,0,50.11,126.6042857,13.975,13.801001032058123,12,2010-03-12
2003620.3062937064,2,10,3,2010,0,0,37.62,126.6042857,8.316,14.425649940144078,13,2010-03-12
919724.9795804196,1,10,3,2010,0,0,45.98,135.6270013,9.262,13.9555727943771,35,2010-03-12
966781.5594405595,1,10,3,2010,0,0,42.26,126.6042857,9.521,13.73348550674546,34,2010-03-12
785981.4085314686,1,10,3,2010,0,0,45.8,182.1628441,8.992,13.548530603570374,45,2010-03-12
1925751.3355244757,2,10,3,2010,0,0,57.56,211.037551,8.324,14.503888775073255,2,2010-03-12
1356755.3935664336,2,10,3,2010,0,0,42.31,131.784,8.326,14.08503463736726,24,2010-03-12
1356383.1244755245,2,10,3,2010,0,0,64.1,214.7027646,7.368,14.102105159333659,11,2010-03-12
1555264.3975524476,2,10,3,2010,0,0,57.79,211.3806429,8.106,14.179835975258726,1,2010-03-12
373511.9927972028,0,10,3,2010,0,0,61.96,210.1413607,8.554,12.997786515887103,36,2010-03-12
1166568.154965035,1,11,3,2010,0,0,42.43,189.734262,9.014,13.873574520560048,32,2010-03-19
1028501.0389510489,1,11,3,2010,0,0,46.03,135.6682247,8.283,13.781070333644324,22,2010-03-19
908749.5183916084,1,11,3,2010,0,0,47.26,214.5764954,6.299,13.641052403426823,8,2010-03-19
1564728.1862937063,2,11,3,2010,0,0,56.55,212.7351935,7.259,14.342048047376354,6,2010-03-19
1395901.437062937,2,11,3,2010,0,0,54.68,210.8733316,8.324,14.102388814942941,31,2010-03-19
570617.3086713287,0,11,3,2010,0,0,29.04,189.734262,9.014,13.261170481457738,7,2010-03-19
893581.3904195804,1,11,3,2010,0,0,33.96,126.6066452,6.548,13.530538835859037,17,2010-03-19
519247.7300699301,0,11,3,2010,0,0,33.45,189.734262,7.039,13.130943165532342,16,2010-03-19
706721.5326573426,1,11,3,2010,0,0,45.0,204.3782258,8.187,13.399687248435049,25,2010-03-19
756069.0833566433,1,11,3,2010,0,0,54.68,210.8733316,8.324,13.496779413370179,21,2010-03-19
1009001.6094405595,1,11,3,2010,0,0,59.57,126.6066452,13.975,13.78720299279903,12,2010-03-19
373511.9927972028,0,11,3,2010,0,0,59.56,209.9803208,8.554,12.968869458529042,36,2010-03-19
2003620.3062937064,2,11,3,2010,0,0,42.49,126.6066452,8.316,14.446673759763138,13,2010-03-19
1899424.5726573425,2,11,3,2010,0,0,61.46,126.6066452,9.765,14.481736625420087,10,2010-03-19
438579.6162237762,0,11,3,2010,0,0,54.68,210.8733316,8.324,13.00748517862114,30,2010-03-19
518900.2819580419,0,11,3,2010,0,0,59.56,209.9803208,8.554,13.039029028218083,37,2010-03-19
919724.9795804196,1,11,3,2010,0,0,49.04,135.6682247,9.262,13.92663779507568,35,2010-03-19
2094712.9606993007,2,11,3,2010,0,0,55.19,126.6066452,8.623,14.45601108665616,4,2010-03-19
556403.863146853,0,11,3,2010,0,0,61.46,126.6066452,9.765,13.161420807996969,42,2010-03-19
1268125.418811189,1,11,3,2010,0,0,36.7,189.734262,7.541,13.82208757191286,41,2010-03-19
1356383.1244755245,2,11,3,2010,0,0,61.51,214.5301219,7.368,14.12608459842834,11,2010-03-19
633324.7231468532,0,11,3,2010,0,0,56.0,203.195159,9.521,13.412192378554499,43,2010-03-19
402704.44104895106,0,11,3,2010,0,0,60.42,214.5301219,7.368,12.835559825606913,3,2010-03-19
543980.5523776223,0,11,3,2010,0,0,53.15,214.7597274,6.415,13.09344032962808,9,2010-03-19
539451.4287412588,0,11,3,2010,0,0,46.03,131.8242903,10.064,13.116048681613513,29,2010-03-19
785981.4085314686,1,11,3,2010,0,0,48.79,182.0779857,8.992,13.559095200608487,45,2010-03-19
1450668.1291608391,2,11,3,2010,0,0,58.62,209.9803208,8.554,14.079098020174133,39,2010-03-19
1084718.421048951,1,11,3,2010,0,0,45.42,131.8242903,9.202,13.899399830420393,18,2010-03-19
966781.5594405595,1,11,3,2010,0,0,45.86,126.6066452,9.521,13.701301924015999,34,2010-03-19
1356755.3935664336,2,11,3,2010,0,0,46.09,131.8242903,8.326,14.016418553450366,24,2010-03-19
385731.6532867133,0,11,3,2010,0,0,59.57,126.6066452,13.975,12.715977255292948,38,2010-03-19
2107676.8703496503,2,11,3,2010,0,0,47.32,204.3782258,8.187,14.484287906709527,20,2010-03-19
318011.8104895105,0,11,3,2010,0,0,55.46,211.770897,6.566,12.548624258097844,5,2010-03-19
1444999.0356643356,2,11,3,2010,0,0,43.74,131.8242903,8.35,14.102898599693258,19,2010-03-19
623312.474965035,0,11,3,2010,0,0,44.69,131.8242903,8.35,13.2941490764577,15,2010-03-19
1925751.3355244757,2,11,3,2010,0,0,54.52,210.8733316,8.324,14.481323478353218,2,2010-03-19
302748.86601398606,0,11,3,2010,0,0,42.49,126.6066452,8.119,12.504788125462161,44,2010-03-19
1775216.2019580419,2,11,3,2010,0,0,49.04,135.6682247,8.237,14.346508722952793,27,2010-03-19
1389864.4604895106,2,11,3,2010,0,0,43.01,131.8242903,5.892,14.021718971920556,23,2010-03-19
2020978.4009790209,2,11,3,2010,0,0,48.79,182.0779857,8.992,14.541231554148368,14,2010-03-19
259861.69202797202,0,11,3,2010,0,0,64.6,126.6066452,10.115,12.550501465849093,33,2010-03-19
1323522.241818182,1,11,3,2010,0,0,59.57,126.6066452,13.975,14.062230336991869,28,2010-03-19
964128.0404895104,1,11,3,2010,0,0,40.54,131.8242903,5.892,13.70442960062301,40,2010-03-19
1555264.3975524476,2,11,3,2010,0,0,54.58,211.215635,8.106,14.202483596819782,1,2010-03-19
1002911.8446853146,1,11,3,2010,0,0,35.34,131.8242903,8.488,13.713884781699194,26,2010-03-19
893581.3904195804,1,12,3,2010,0,0,35.59,126.6050645,6.548,13.583702881279876,17,2010-03-26
1450668.1291608391,2,12,3,2010,0,0,54.83,209.7870932,8.554,14.026658982534416,39,2010-03-26
438579.6162237762,0,12,3,2010,0,0,51.66,210.6766095,8.324,13.000101614706367,30,2010-03-26
1444999.0356643356,2,12,3,2010,0,0,39.07,131.863129,8.35,14.171102030159423,19,2010-03-26
1323522.241818182,1,12,3,2010,0,0,60.06,126.6050645,13.975,14.034862747139556,28,2010-03-26
623312.474965035,0,12,3,2010,0,0,39.53,131.863129,8.35,13.291451912707112,15,2010-03-26
1356755.3935664336,2,12,3,2010,0,0,48.87,131.863129,8.326,14.045282143251612,24,2010-03-26
2003620.3062937064,2,12,3,2010,0,0,41.48,126.6050645,8.316,14.447897128086751,13,2010-03-26
318011.8104895105,0,12,3,2010,0,0,52.47,211.5718925,6.566,12.518266716701648,5,2010-03-26
1002911.8446853146,1,12,3,2010,0,0,35.26,131.863129,8.488,13.703029193579487,26,2010-03-26
756069.0833566433,1,12,3,2010,0,0,51.66,210.6766095,8.324,13.43935936289144,21,2010-03-26
1389864.4604895106,2,12,3,2010,0,0,38.59,131.863129,5.892,14.086074039868421,23,2010-03-26
966781.5594405595,1,12,3,2010,0,0,42.91,126.6050645,9.521,13.688521545791783,34,2010-03-26
1028501.0389510489,1,12,3,2010,0,0,48.56,135.7073618,8.283,13.827514343392165,22,2010-03-26
556403.863146853,0,12,3,2010,0,0,60.05,126.6050645,9.765,13.077413458046731,42,2010-03-26
908749.5183916084,1,12,3,2010,0,0,46.51,214.3703567,6.299,13.557439221680529,8,2010-03-26
1268125.418811189,1,12,3,2010,0,0,32.3,189.7195417,7.541,13.83059369340913,41,2010-03-26
402704.44104895106,0,12,3,2010,0,0,57.06,214.3241011,7.368,12.793721162001349,3,2010-03-26
1395901.437062937,2,12,3,2010,0,0,51.66,210.6766095,8.324,14.022229317865857,31,2010-03-26
543980.5523776223,0,12,3,2010,0,0,51.8,214.5531227,6.415,13.09179604036249,9,2010-03-26
1775216.2019580419,2,12,3,2010,0,0,52.34,135.7073618,8.237,14.42348966524234,27,2010-03-26
259861.69202797202,0,12,3,2010,0,0,64.09,126.6050645,10.115,12.479509078986435,33,2010-03-26
2020978.4009790209,2,12,3,2010,0,0,54.36,181.9718697,8.992,14.53354412258359,14,2010-03-26
302748.86601398606,0,12,3,2010,0,0,41.48,126.6050645,8.119,12.529171896764389,44,2010-03-26
1564728.1862937063,2,12,3,2010,0,0,53.74,212.533737,7.259,14.202155933976472,6,2010-03-26
964128.0404895104,1,12,3,2010,0,0,39.51,131.863129,5.892,13.680098060027174,40,2010-03-26
785981.4085314686,1,12,3,2010,0,0,54.36,181.9718697,8.992,13.570331472772446,45,2010-03-26
539451.4287412588,0,12,3,2010,0,0,48.56,131.863129,10.064,13.223088578571895,29,2010-03-26
1925751.3355244757,2,12,3,2010,0,0,51.26,210.6766095,8.324,14.375239945161342,2,2010-03-26
1084718.421048951,1,12,3,2010,0,0,47.55,131.863129,9.202,13.904166913734132,18,2010-03-26
2107676.8703496503,2,12,3,2010,0,0,50.49,204.201755,8.187,14.454594268635796,20,2010-03-26
1555264.3975524476,2,12,3,2010,0,0,51.45,211.0180424,8.106,14.155142739553565,1,2010-03-26
385731.6532867133,0,12,3,2010,0,0,60.06,126.6050645,13.975,12.724447035531833,38,2010-03-26
519247.7300699301,0,12,3,2010,0,0,29.88,189.7195417,7.039,13.08814080869095,16,2010-03-26
1166568.154965035,1,12,3,2010,0,0,36.59,189.7195417,9.014,13.888782004613793,32,2010-03-26
633324.7231468532,0,12,3,2010,0,0,54.53,203.0165945,9.521,13.342460581310489,43,2010-03-26
570617.3086713287,0,12,3,2010,0,0,23.33,189.7195417,9.014,13.151402821501806,7,2010-03-26
1899424.5726573425,2,12,3,2010,0,0,60.05,126.6050645,9.765,14.453955197147524,10,2010-03-26
919724.9795804196,1,12,3,2010,0,0,52.34,135.7073618,9.262,13.891453896231283,35,2010-03-26
373511.9927972028,0,12,3,2010,0,0,55.76,209.7870932,8.554,12.910257461652826,36,2010-03-26
2094712.9606993007,2,12,3,2010,0,0,39.91,126.6050645,8.623,14.382266678655382,4,2010-03-26
518900.2819580419,0,12,3,2010,0,0,55.76,209.7870932,8.554,13.153433599981291,37,2010-03-26
1009001.6094405595,1,12,3,2010,0,0,60.06,126.6050645,13.975,13.79695629733408,12,2010-03-26
1356383.1244755245,2,12,3,2010,0,0,58.09,214.3241011,7.368,14.035148186707827,11,2010-03-26
706721.5326573426,1,12,3,2010,0,0,45.84,204.201755,8.187,13.454093818030886,25,2010-03-26
519247.7300699301,0,13,4,2010,0,0,36.19,189.7048215,6.842,13.103190119613606,16,2010-04-02
1450668.1291608391,2,13,4,2010,0,0,63.31,209.5938656,8.464,14.196644461832868,39,2010-04-02
2107676.8703496503,2,13,4,2010,0,0,51.0,204.0252842,7.856,14.693225196393213,20,2010-04-02
373511.9927972028,0,13,4,2010,0,0,63.43,209.5938656,8.464,12.985337474656786,36,2010-04-02
556403.863146853,0,13,4,2010,0,0,63.66,126.6034839,9.524,13.134110923980556,42,2010-04-02
385731.6532867133,0,13,4,2010,0,0,59.84,126.6034839,14.099,12.818363693926566,38,2010-04-02
1925751.3355244757,2,13,4,2010,0,0,63.27,210.4798874,8.2,14.54121627008532,2,2010-04-02
785981.4085314686,1,13,4,2010,0,0,47.74,181.8657537,8.899,13.684532428701184,45,2010-04-02
1356383.1244755245,2,13,4,2010,0,0,66.16,214.1180803,7.343,14.184457770614404,11,2010-04-02
2003620.3062937064,2,13,4,2010,0,0,42.15,126.6034839,8.107,14.577476060111557,13,2010-04-02
966781.5594405595,1,13,4,2010,0,0,50.07,126.6034839,9.593,13.794725701639061,34,2010-04-02
1775216.2019580419,2,13,4,2010,0,0,46.9,135.7464988,8.058,14.535277259287694,27,2010-04-02
633324.7231468532,0,13,4,2010,0,0,62.19,202.83803,9.593,13.384887321430053,43,2010-04-02
543980.5523776223,0,13,4,2010,0,0,65.21,214.3465181,6.384,13.208921404979973,9,2010-04-02
1395901.437062937,2,13,4,2010,0,0,64.12,210.4798874,8.2,14.12123023037929,31,2010-04-02
2094712.9606993007,2,13,4,2010,0,0,48.77,126.6034839,7.896,14.498227593178486,4,2010-04-02
318011.8104895105,0,13,4,2010,0,0,63.18,211.372888,6.465,12.711102506262083,5,2010-04-02
908749.5183916084,1,13,4,2010,0,0,60.18,214.164218,6.29,13.726134835383867,8,2010-04-02
623312.474965035,0,13,4,2010,0,0,45.27,131.9019677,8.185,13.484881610030854,15,2010-04-02
518900.2819580419,0,13,4,2010,0,0,63.43,209.5938656,8.464,13.199677504346475,37,2010-04-02
570617.3086713287,0,13,4,2010,0,0,38.26,189.7048215,8.963,13.237736649689566,7,2010-04-02
1268125.418811189,1,13,4,2010,0,0,41.31,189.7048215,7.363,13.97151157343563,41,2010-04-02
919724.9795804196,1,13,4,2010,0,0,46.9,135.7464988,9.051,13.989091921975868,35,2010-04-02
1899424.5726573425,2,13,4,2010,0,0,63.66,126.6034839,9.524,14.575686735538124,10,2010-04-02
893581.3904195804,1,13,4,2010,0,0,36.94,126.6034839,6.635,13.651251491777067,17,2010-04-02
1009001.6094405595,1,13,4,2010,0,0,59.84,126.6034839,14.099,13.827264508841282,12,2010-04-02
438579.6162237762,0,13,4,2010,0,0,64.12,210.4798874,8.2,13.034373470901727,30,2010-04-02
1564728.1862937063,2,13,4,2010,0,0,64.94,212.3322805,7.092,14.386679295691787,6,2010-04-02
402704.44104895106,0,13,4,2010,0,0,65.56,214.1180803,7.343,12.955825559452567,3,2010-04-02
1323522.241818182,1,13,4,2010,0,0,59.84,126.6034839,14.099,14.18123669598056,28,2010-04-02
706721.5326573426,1,13,4,2010,0,0,47.2,204.0252842,7.856,13.620088405880665,25,2010-04-02
1028501.0389510489,1,13,4,2010,0,0,44.96,135.7464988,8.348,13.978769904785478,22,2010-04-02
1389864.4604895106,2,13,4,2010,0,0,40.5,131.9019677,5.435,14.25803289956479,23,2010-04-02
259861.69202797202,0,13,4,2010,0,0,66.79,126.6034839,9.849,12.5232001157352,33,2010-04-02
1002911.8446853146,1,13,4,2010,0,0,36.53,131.9019677,8.512,13.844923912735645,26,2010-04-02
756069.0833566433,1,13,4,2010,0,0,64.12,210.4798874,8.2,13.532703410400595,21,2010-04-02
1166568.154965035,1,13,4,2010,0,0,48.28,189.7048215,8.963,13.939261474784443,32,2010-04-02
2020978.4009790209,2,13,4,2010,0,0,47.74,181.8657537,8.899,14.730052365361209,14,2010-04-02
1444999.0356643356,2,13,4,2010,0,0,45.26,131.9019677,8.185,14.31201691056098,19,2010-04-02
1084718.421048951,1,13,4,2010,0,0,45.63,131.9019677,9.269,14.041935790666972,18,2010-04-02
539451.4287412588,0,13,4,2010,0,0,44.96,131.9019677,10.16,13.304068494238207,29,2010-04-02
964128.0404895104,1,13,4,2010,0,0,41.39,131.9019677,5.435,13.855887458244784,40,2010-04-02
1555264.3975524476,2,13,4,2010,0,0,62.27,210.8204499,7.808,14.282365033827514,1,2010-04-02
1356755.3935664336,2,13,4,2010,0,0,45.22,131.9019677,8.211,14.206418394612518,24,2010-04-02
302748.86601398606,0,13,4,2010,0,0,42.15,126.6034839,7.972,12.564440905000605,44,2010-04-02
1356383.1244755245,2,14,4,2010,0,0,69.57,213.9120595,7.343,14.200983358388072,11,2010-04-09
519247.7300699301,0,14,4,2010,0,0,34.21,189.6901012,6.842,12.957689162240264,16,2010-04-09
919724.9795804196,1,14,4,2010,0,0,62.62,135.7856359,9.051,13.996177388119598,35,2010-04-09
706721.5326573426,1,14,4,2010,0,0,61.36,203.8488134,7.856,13.476744249972374,25,2010-04-09
1084718.421048951,1,14,4,2010,0,0,59.91,131.9408065,9.269,13.97630927624676,18,2010-04-09
2094712.9606993007,2,14,4,2010,0,0,54.16,126.6019032,7.896,14.413497093539005,4,2010-04-09
1555264.3975524476,2,14,4,2010,0,0,65.86,210.6228574,7.808,14.25080597190662,1,2010-04-09
1899424.5726573425,2,14,4,2010,0,0,65.29,126.6019032,9.524,14.528984919394585,10,2010-04-09
785981.4085314686,1,14,4,2010,0,0,65.45,181.7596377,8.899,13.633729295185217,45,2010-04-09
1009001.6094405595,1,14,4,2010,0,0,59.25,126.6019032,14.099,13.855922743724388,12,2010-04-09
385731.6532867133,0,14,4,2010,0,0,59.25,126.6019032,14.099,12.741487832674709,38,2010-04-09
402704.44104895106,0,14,4,2010,0,0,68.0,213.9120595,7.343,12.93813106828528,3,2010-04-09
964128.0404895104,1,14,4,2010,0,0,54.31,131.9408065,5.435,13.731955227414758,40,2010-04-09
1564728.1862937063,2,14,4,2010,0,0,66.15,212.1308239,7.092,14.326645825785596,6,2010-04-09
1395901.437062937,2,14,4,2010,0,0,65.74,210.2831653,8.2,14.1489145852988,31,2010-04-09
302748.86601398606,0,14,4,2010,0,0,38.97,126.6019032,7.972,12.458240098770705,44,2010-04-09
1925751.3355244757,2,14,4,2010,0,0,65.41,210.2831653,8.2,14.485742278487377,2,2010-04-09
1775216.2019580419,2,14,4,2010,0,0,62.62,135.7856359,8.058,14.486317610795211,27,2010-04-09
259861.69202797202,0,14,4,2010,0,0,68.43,126.6019032,9.849,12.692201960448962,33,2010-04-09
539451.4287412588,0,14,4,2010,0,0,57.06,131.9408065,10.16,13.253283265517398,29,2010-04-09
2020978.4009790209,2,14,4,2010,0,0,65.45,181.7596377,8.899,14.630336411876664,14,2010-04-09
1444999.0356643356,2,14,4,2010,0,0,55.66,131.9408065,8.185,14.214027798777744,19,2010-04-09
1268125.418811189,1,14,4,2010,0,0,37.3,189.6901012,7.363,13.89446887174137,41,2010-04-09
623312.474965035,0,14,4,2010,0,0,57.77,131.9408065,8.185,13.360760826211738,15,2010-04-09
318011.8104895105,0,14,4,2010,0,0,65.19,211.1738835,6.465,12.700834403512735,5,2010-04-09
1002911.8446853146,1,14,4,2010,0,0,50.13,131.9408065,8.512,13.837560471944583,26,2010-04-09
966781.5594405595,1,14,4,2010,0,0,51.26,126.6019032,9.593,13.76493826674935,34,2010-04-09
1389864.4604895106,2,14,4,2010,0,0,56.82,131.9408065,5.435,14.05013649366085,23,2010-04-09
1028501.0389510489,1,14,4,2010,0,0,57.06,135.7856359,8.348,13.848144307318112,22,2010-04-09
518900.2819580419,0,14,4,2010,0,0,68.54,209.400638,8.464,13.148671367496469,37,2010-04-09
756069.0833566433,1,14,4,2010,0,0,65.74,210.2831653,8.2,13.529403777421743,21,2010-04-09
1323522.241818182,1,14,4,2010,0,0,59.25,126.6019032,14.099,14.139302893342219,28,2010-04-09
2003620.3062937064,2,14,4,2010,0,0,38.97,126.6019032,8.107,14.456481069865957,13,2010-04-09
2107676.8703496503,2,14,4,2010,0,0,65.1,203.8488134,7.856,14.512548788560876,20,2010-04-09
1166568.154965035,1,14,4,2010,0,0,44.88,189.6901012,8.963,13.907077577239749,32,2010-04-09
543980.5523776223,0,14,4,2010,0,0,64.95,214.1399135,6.384,13.179471819995735,9,2010-04-09
1356755.3935664336,2,14,4,2010,0,0,62.06,131.9408065,8.211,14.137290119644721,24,2010-04-09
1450668.1291608391,2,14,4,2010,0,0,68.15,209.400638,8.464,14.098458645269384,39,2010-04-09
893581.3904195804,1,14,4,2010,0,0,34.05,126.6019032,6.635,13.554443178178186,17,2010-04-09
373511.9927972028,0,14,4,2010,0,0,68.54,209.400638,8.464,13.023686940107469,36,2010-04-09
570617.3086713287,0,14,4,2010,0,0,33.79,189.6901012,8.963,13.090386007785169,7,2010-04-09
908749.5183916084,1,14,4,2010,0,0,59.25,213.9580793,6.29,13.727809765200375,8,2010-04-09
438579.6162237762,0,14,4,2010,0,0,65.74,210.2831653,8.2,13.027617350435863,30,2010-04-09
556403.863146853,0,14,4,2010,0,0,65.29,126.6019032,9.524,13.275175893718602,42,2010-04-09
633324.7231468532,0,14,4,2010,0,0,64.37,202.6594654,9.593,13.448870902211825,43,2010-04-09
1444999.0356643356,2,15,4,2010,0,0,49.67,131.9809,8.185,14.194190573605562,19,2010-04-16
1555264.3975524476,2,15,4,2010,0,0,66.32,210.4887,7.808,14.198088597173271,1,2010-04-16
318011.8104895105,0,15,4,2010,0,0,65.3,211.0388528,6.465,12.634145886266007,5,2010-04-16
1450668.1291608391,2,15,4,2010,0,0,66.33,209.2691428,8.464,14.032938590776482,39,2010-04-16
966781.5594405595,1,15,4,2010,0,0,59.18,126.5621,9.593,13.735758809624631,34,2010-04-16
1084718.421048951,1,15,4,2010,0,0,50.26,131.9809,9.269,13.942652876351943,18,2010-04-16
964128.0404895104,1,15,4,2010,0,0,43.3,131.9809,5.435,13.690670384183443,40,2010-04-16
1356755.3935664336,2,15,4,2010,0,0,51.08,131.9809,8.211,14.053162527340001,24,2010-04-16
438579.6162237762,0,15,4,2010,0,0,67.87,210.1495463,8.2,13.062730478667957,30,2010-04-16
539451.4287412588,0,15,4,2010,0,0,51.14,131.9809,10.16,13.140403354105072,29,2010-04-16
1775216.2019580419,2,15,4,2010,0,0,54.95,135.82725,8.058,14.434743110755191,27,2010-04-16
1395901.437062937,2,15,4,2010,0,0,67.87,210.1495463,8.2,14.128457723010913,31,2010-04-16
1564728.1862937063,2,15,4,2010,0,0,65.68,211.9942765,7.092,14.234120466727296,6,2010-04-16
2003620.3062937064,2,15,4,2010,0,0,50.39,126.5621,8.107,14.414161019770722,13,2010-04-16
1323522.241818182,1,15,4,2010,0,0,64.95,126.5621,14.099,14.053141979416777,28,2010-04-16
1009001.6094405595,1,15,4,2010,0,0,64.95,126.5621,14.099,13.772601512066627,12,2010-04-16
1389864.4604895106,2,15,4,2010,0,0,44.25,131.9809,5.435,14.069241291294103,23,2010-04-16
556403.863146853,0,15,4,2010,0,0,69.74,126.5621,9.524,13.216817117841861,42,2010-04-16
893581.3904195804,1,15,4,2010,0,0,45.22,126.5621,6.635,13.538095281136888,17,2010-04-16
908749.5183916084,1,15,4,2010,0,0,62.66,213.8186357,6.29,13.690987745954644,8,2010-04-16
519247.7300699301,0,15,4,2010,0,0,45.69,189.6628845,6.842,12.986116094371662,16,2010-04-16
570617.3086713287,0,15,4,2010,0,0,41.89,189.6628845,8.963,12.914672786698674,7,2010-04-16
919724.9795804196,1,15,4,2010,0,0,54.95,135.82725,9.051,13.896619051332566,35,2010-04-16
1268125.418811189,1,15,4,2010,0,0,46.79,189.6628845,7.363,13.857985384205321,41,2010-04-16
785981.4085314686,1,15,4,2010,0,0,54.28,181.6924769,8.899,13.56989509397938,45,2010-04-16
2107676.8703496503,2,15,4,2010,0,0,55.43,203.7307486,7.856,14.501525157034001,20,2010-04-16
2020978.4009790209,2,15,4,2010,0,0,54.28,181.6924769,8.899,14.56777044620957,14,2010-04-16
402704.44104895106,0,15,4,2010,0,0,66.98,213.7726889,7.343,12.77985689931275,3,2010-04-16
633324.7231468532,0,15,4,2010,0,0,69.46,202.5351571,9.593,13.4228874374214,43,2010-04-16
1925751.3355244757,2,15,4,2010,0,0,68.07,210.1495463,8.2,14.444097318480202,2,2010-04-16
385731.6532867133,0,15,4,2010,0,0,64.95,126.5621,14.099,12.729985723732367,38,2010-04-16
518900.2819580419,0,15,4,2010,0,0,66.74,209.2691428,8.464,13.170288081456887,37,2010-04-16
706721.5326573426,1,15,4,2010,0,0,52.16,203.7307486,7.856,13.480474928928052,25,2010-04-16
623312.474965035,0,15,4,2010,0,0,49.63,131.9809,8.185,13.371111749510712,15,2010-04-16
373511.9927972028,0,15,4,2010,0,0,66.74,209.2691428,8.464,13.089221316552807,36,2010-04-16
302748.86601398606,0,15,4,2010,0,0,50.39,126.5621,7.972,12.542722509231906,44,2010-04-16
543980.5523776223,0,15,4,2010,0,0,66.09,214.0001817,6.384,13.093480905599785,9,2010-04-16
756069.0833566433,1,15,4,2010,0,0,67.87,210.1495463,8.2,13.481473866992394,21,2010-04-16
259861.69202797202,0,15,4,2010,0,0,72.44,126.5621,9.849,12.637142600423049,33,2010-04-16
1356383.1244755245,2,15,4,2010,0,0,67.81,213.7726889,7.343,14.095597119920829,11,2010-04-16
1002911.8446853146,1,15,4,2010,0,0,36.6,131.9809,8.512,13.716297088225671,26,2010-04-16
2094712.9606993007,2,15,4,2010,0,0,56.23,126.5621,7.896,14.431517853996565,4,2010-04-16
1166568.154965035,1,15,4,2010,0,0,53.49,189.6628845,8.963,13.89502783839432,32,2010-04-16
1899424.5726573425,2,15,4,2010,0,0,69.74,126.5621,9.524,14.417771102408087,10,2010-04-16
1028501.0389510489,1,15,4,2010,0,0,51.14,135.82725,8.348,13.816479758138012,22,2010-04-16
706721.5326573426,1,16,4,2010,0,0,46.12,203.6905586,7.856,13.45099455309771,25,2010-04-23
519247.7300699301,0,16,4,2010,0,0,44.9,189.6190057,6.842,12.821884953087565,16,2010-04-23
1356383.1244755245,2,16,4,2010,0,0,68.37,213.7221852,7.343,14.065309711017536,11,2010-04-23
2094712.9606993007,2,16,4,2010,0,0,56.87,126.4713333,7.896,14.404784394256405,4,2010-04-23
1268125.418811189,1,16,4,2010,0,0,45.29,189.6190057,7.363,13.880681760166965,41,2010-04-23
919724.9795804196,1,16,4,2010,0,0,53.91,135.8721667,9.051,13.920616673265073,35,2010-04-23
908749.5183916084,1,16,4,2010,0,0,56.1,213.768119,6.29,13.653510623177207,8,2010-04-23
1899424.5726573425,2,16,4,2010,0,0,66.42,126.4713333,9.524,14.419565742182888,10,2010-04-23
633324.7231468532,0,16,4,2010,0,0,62.71,202.4831905,9.593,13.367594551266665,43,2010-04-23
1166568.154965035,1,16,4,2010,0,0,50.06,189.6190057,8.963,13.885480365427172,32,2010-04-23
556403.863146853,0,16,4,2010,0,0,66.42,126.4713333,9.524,13.106977154222914,42,2010-04-23
1450668.1291608391,2,16,4,2010,0,0,67.64,209.2199574,8.464,14.062552533413943,39,2010-04-23
438579.6162237762,0,16,4,2010,0,0,64.21,210.1000648,8.2,13.044305377228572,30,2010-04-23
1444999.0356643356,2,16,4,2010,0,0,46.87,132.0226667,8.185,14.191748915295705,19,2010-04-23
1356755.3935664336,2,16,4,2010,0,0,51.07,132.0226667,8.211,14.04988521167272,24,2010-04-23
1002911.8446853146,1,16,4,2010,0,0,39.68,132.0226667,8.512,13.689870087107428,26,2010-04-23
966781.5594405595,1,16,4,2010,0,0,55.04,126.4713333,9.593,13.721465425649848,34,2010-04-23
1028501.0389510489,1,16,4,2010,0,0,51.04,135.8721667,8.348,13.784634222256571,22,2010-04-23
570617.3086713287,0,16,4,2010,0,0,43.07,189.6190057,8.963,12.91103043051146,7,2010-04-23
756069.0833566433,1,16,4,2010,0,0,64.21,210.1000648,8.2,13.485312821432215,21,2010-04-23
373511.9927972028,0,16,4,2010,0,0,68.03,209.2199574,8.464,12.9810712048239,36,2010-04-23
623312.474965035,0,16,4,2010,0,0,46.54,132.0226667,8.185,13.374053335165213,15,2010-04-23
1323522.241818182,1,16,4,2010,0,0,64.55,126.4713333,14.099,14.033985797648164,28,2010-04-23
1389864.4604895106,2,16,4,2010,0,0,46.4,132.0226667,5.435,14.089365535213416,23,2010-04-23
893581.3904195804,1,16,4,2010,0,0,52.25,126.4713333,6.635,13.793052073599855,17,2010-04-23
402704.44104895106,0,16,4,2010,0,0,67.87,213.7221852,7.343,12.736635159137567,3,2010-04-23
543980.5523776223,0,16,4,2010,0,0,61.26,213.9496138,6.384,13.099472509197279,9,2010-04-23
318011.8104895105,0,16,4,2010,0,0,65.13,210.9891204,6.465,12.573630707912706,5,2010-04-23
2003620.3062937064,2,16,4,2010,0,0,55.66,126.4713333,8.107,14.462263880169257,13,2010-04-23
518900.2819580419,0,16,4,2010,0,0,68.03,209.2199574,8.464,13.174995257486167,37,2010-04-23
385731.6532867133,0,16,4,2010,0,0,64.55,126.4713333,14.099,12.722252370481668,38,2010-04-23
1084718.421048951,1,16,4,2010,0,0,50.3,132.0226667,9.269,13.939880342174794,18,2010-04-23
785981.4085314686,1,16,4,2010,0,0,53.47,181.6772564,8.899,13.527535242520969,45,2010-04-23
2107676.8703496503,2,16,4,2010,0,0,50.65,203.6905586,7.856,14.446177588153944,20,2010-04-23
302748.86601398606,0,16,4,2010,0,0,55.66,126.4713333,7.972,12.53641197138391,44,2010-04-23
539451.4287412588,0,16,4,2010,0,0,51.04,132.0226667,10.16,13.132968266264884,29,2010-04-23
1555264.3975524476,2,16,4,2010,0,0,64.84,210.4391228,7.808,14.145718299258707,1,2010-04-23
1775216.2019580419,2,16,4,2010,0,0,53.91,135.8721667,8.058,14.430807796232493,27,2010-04-23
1009001.6094405595,1,16,4,2010,0,0,64.55,126.4713333,14.099,13.809325912410024,12,2010-04-23
964128.0404895104,1,16,4,2010,0,0,45.85,132.0226667,5.435,13.64704396436171,40,2010-04-23
2020978.4009790209,2,16,4,2010,0,0,53.47,181.6772564,8.899,14.575449614262796,14,2010-04-23
1395901.437062937,2,16,4,2010,0,0,64.21,210.1000648,8.2,14.062735256913477,31,2010-04-23
1564728.1862937063,2,16,4,2010,0,0,64.11,211.9442745,7.092,14.24757669387789,6,2010-04-23
259861.69202797202,0,16,4,2010,0,0,71.59,126.4713333,9.849,12.480912685938023,33,2010-04-23
1925751.3355244757,2,16,4,2010,0,0,65.11,210.1000648,8.2,14.415440927593549,2,2010-04-23
1323522.241818182,1,17,4,2010,0,0,67.38,126.3805667,14.099,13.986916101283652,28,2010-04-30
623312.474965035,0,17,4,2010,0,0,49.09,132.0644333,8.185,13.254780341784308,15,2010-04-30
1389864.4604895106,2,17,4,2010,0,0,45.47,132.0644333,5.435,14.046158298289416,23,2010-04-30
385731.6532867133,0,17,4,2010,0,0,67.38,126.3805667,14.099,12.730743924305687,38,2010-04-30
1925751.3355244757,2,17,4,2010,0,0,66.98,210.0505833,8.2,14.404658124197734,2,2010-04-30
1899424.5726573425,2,17,4,2010,0,0,69.76,126.3805667,9.524,14.398114700097745,10,2010-04-30
259861.69202797202,0,17,4,2010,0,0,73.29,126.3805667,9.849,12.527736600181052,33,2010-04-30
373511.9927972028,0,17,4,2010,0,0,70.9,209.170772,8.464,13.034407496329294,36,2010-04-30
402704.44104895106,0,17,4,2010,0,0,70.24,213.6716815,7.343,12.797323829826038,3,2010-04-30
1555264.3975524476,2,17,4,2010,0,0,67.41,210.3895456,7.808,14.16975374457638,1,2010-04-30
756069.0833566433,1,17,4,2010,0,0,66.93,210.0505833,8.2,13.430632607563107,21,2010-04-30
1084718.421048951,1,17,4,2010,0,0,51.12,132.0644333,9.269,13.874201226191555,18,2010-04-30
966781.5594405595,1,17,4,2010,0,0,56.58,126.3805667,9.593,13.664598350287473,34,2010-04-30
1028501.0389510489,1,17,4,2010,0,0,50.96,135.9170833,8.348,13.792941849791255,22,2010-04-30
2107676.8703496503,2,17,4,2010,0,0,54.75,203.6503685,7.856,14.467343023678906,20,2010-04-30
1002911.8446853146,1,17,4,2010,0,0,40.56,132.0644333,8.512,13.715142945881608,26,2010-04-30
1166568.154965035,1,17,4,2010,0,0,47.51,189.575127,8.963,13.88016810014356,32,2010-04-30
1356755.3935664336,2,17,4,2010,0,0,51.48,132.0644333,8.211,14.046525599651195,24,2010-04-30
2020978.4009790209,2,17,4,2010,0,0,53.15,181.6620359,8.899,14.549010560600294,14,2010-04-30
1444999.0356643356,2,17,4,2010,0,0,49.89,132.0644333,8.185,14.155595240410468,19,2010-04-30
1395901.437062937,2,17,4,2010,0,0,66.93,210.0505833,8.2,14.03320025602102,31,2010-04-30
1450668.1291608391,2,17,4,2010,0,0,70.03,209.170772,8.464,14.04966335650948,39,2010-04-30
318011.8104895105,0,17,4,2010,0,0,67.53,210.939388,6.465,12.607191120701515,5,2010-04-30
543980.5523776223,0,17,4,2010,0,0,66.07,213.8990459,6.384,13.105673716596325,9,2010-04-30
893581.3904195804,1,17,4,2010,0,0,43.82,126.3805667,6.635,13.602069447870244,17,2010-04-30
539451.4287412588,0,17,4,2010,0,0,50.96,132.0644333,10.16,13.124390261885447,29,2010-04-30
2003620.3062937064,2,17,4,2010,0,0,48.33,126.3805667,8.107,14.395390698517106,13,2010-04-30
2094712.9606993007,2,17,4,2010,0,0,53.04,126.3805667,7.896,14.41284828810506,4,2010-04-30
1564728.1862937063,2,17,4,2010,0,0,68.91,211.8942725,7.092,14.219695620496886,6,2010-04-30
1009001.6094405595,1,17,4,2010,0,0,67.38,126.3805667,14.099,13.76865081034129,12,2010-04-30
1356383.1244755245,2,17,4,2010,0,0,71.13,213.6716815,7.343,14.030434734575959,11,2010-04-30
519247.7300699301,0,17,4,2010,0,0,37.75,189.575127,6.842,12.857230301313251,16,2010-04-30
706721.5326573426,1,17,4,2010,0,0,50.97,203.6503685,7.856,13.468679885506381,25,2010-04-30
302748.86601398606,0,17,4,2010,0,0,48.33,126.3805667,7.972,12.517222129099926,44,2010-04-30
438579.6162237762,0,17,4,2010,0,0,66.93,210.0505833,8.2,13.030557996610394,30,2010-04-30
1775216.2019580419,2,17,4,2010,0,0,53.55,135.9170833,8.058,14.406561910192936,27,2010-04-30
785981.4085314686,1,17,4,2010,0,0,53.15,181.6620359,8.899,13.51070480184035,45,2010-04-30
908749.5183916084,1,17,4,2010,0,0,61.01,213.7176024,6.29,13.565347289701498,8,2010-04-30
964128.0404895104,1,17,4,2010,0,0,46.5,132.0644333,5.435,13.613197671510969,40,2010-04-30
633324.7231468532,0,17,4,2010,0,0,66.91,202.4312238,9.593,13.354650772071833,43,2010-04-30
1268125.418811189,1,17,4,2010,0,0,40.2,189.575127,7.363,13.877509397463852,41,2010-04-30
518900.2819580419,0,17,4,2010,0,0,70.9,209.170772,8.464,13.157444437852627,37,2010-04-30
556403.863146853,0,17,4,2010,0,0,69.76,126.3805667,9.524,13.076564162882267,42,2010-04-30
570617.3086713287,0,17,4,2010,0,0,38.99,189.575127,8.963,12.831092499553897,7,2010-04-30
919724.9795804196,1,17,4,2010,0,0,53.55,135.9170833,9.051,13.908027431026369,35,2010-04-30
1899424.5726573425,2,18,5,2010,0,0,71.06,126.2898,9.524,14.468581903058046,10,2010-05-07
402704.44104895106,0,18,5,2010,0,0,73.47,213.6211778,7.343,12.897530550066472,3,2010-05-07
259861.69202797202,0,18,5,2010,0,0,75.4,126.2898,9.849,12.697321274343093,33,2010-05-07
893581.3904195804,1,18,5,2010,0,0,40.26,126.2898,6.635,13.645729617898887,17,2010-05-07
1444999.0356643356,2,18,5,2010,0,0,62.54,132.1062,8.185,14.264176122608054,19,2010-05-07
570617.3086713287,0,18,5,2010,0,0,40.07,189.5312483,8.963,12.887791849806467,7,2010-05-07
539451.4287412588,0,18,5,2010,0,0,63.81,132.1062,10.16,13.250753689793846,29,2010-05-07
1564728.1862937063,2,18,5,2010,0,0,73.68,211.8442706,7.092,14.297887965279958,6,2010-05-07
1389864.4604895106,2,18,5,2010,0,0,61.04,132.1062,5.435,14.127070237809166,23,2010-05-07
2020978.4009790209,2,18,5,2010,0,0,70.75,181.6468154,8.899,14.678450098379834,14,2010-05-07
1002911.8446853146,1,18,5,2010,0,0,54.72,132.1062,8.512,13.887348060981132,26,2010-05-07
706721.5326573426,1,18,5,2010,0,0,63.67,203.6101784,7.856,13.493195590608467,25,2010-05-07
1028501.0389510489,1,18,5,2010,0,0,63.81,135.962,8.348,13.867129365366715,22,2010-05-07
1009001.6094405595,1,18,5,2010,0,0,70.15,126.2898,14.099,13.85784303033827,12,2010-05-07
1323522.241818182,1,18,5,2010,0,0,70.15,126.2898,14.099,14.24266815351626,28,2010-05-07
964128.0404895104,1,18,5,2010,0,0,60.05,132.1062,5.435,13.825260928232598,40,2010-05-07
518900.2819580419,0,18,5,2010,0,0,75.56,209.1215867,8.464,13.205298703574037,37,2010-05-07
1555264.3975524476,2,18,5,2010,0,0,72.55,210.3399684,7.808,14.28798371042592,1,2010-05-07
756069.0833566433,1,18,5,2010,0,0,70.87,210.0011018,8.2,13.521099791875457,21,2010-05-07
1268125.418811189,1,18,5,2010,0,0,41.5,189.5312483,7.363,13.977407631149486,41,2010-05-07
302748.86601398606,0,18,5,2010,0,0,44.42,126.2898,7.972,12.561579918005851,44,2010-05-07
1084718.421048951,1,18,5,2010,0,0,65.64,132.1062,9.269,14.016209273942938,18,2010-05-07
919724.9795804196,1,18,5,2010,0,0,69.02,135.962,9.051,13.982803820176056,35,2010-05-07
1166568.154965035,1,18,5,2010,0,0,48.94,189.5312483,8.963,13.940960642099663,32,2010-05-07
438579.6162237762,0,18,5,2010,0,0,70.87,210.0011018,8.2,13.034373208827187,30,2010-05-07
1395901.437062937,2,18,5,2010,0,0,70.87,210.0011018,8.2,14.138895962909352,31,2010-05-07
385731.6532867133,0,18,5,2010,0,0,70.15,126.2898,14.099,12.85750795658187,38,2010-05-07
318011.8104895105,0,18,5,2010,0,0,71.53,210.8896556,6.465,12.71746890645181,5,2010-05-07
519247.7300699301,0,18,5,2010,0,0,37.43,189.5312483,6.842,12.90723318321039,16,2010-05-07
373511.9927972028,0,18,5,2010,0,0,75.56,209.1215867,8.464,13.100880299742007,36,2010-05-07
966781.5594405595,1,18,5,2010,0,0,57.39,126.2898,9.593,13.7678910123535,34,2010-05-07
1775216.2019580419,2,18,5,2010,0,0,69.02,135.962,8.058,14.477920059280159,27,2010-05-07
2003620.3062937064,2,18,5,2010,0,0,44.42,126.2898,8.107,14.511393722304843,13,2010-05-07
1356755.3935664336,2,18,5,2010,0,0,66.65,132.1062,8.211,14.158891751255721,24,2010-05-07
623312.474965035,0,18,5,2010,0,0,63.16,132.1062,8.185,13.402038298007136,15,2010-05-07
1356383.1244755245,2,18,5,2010,0,0,75.57,213.6211778,7.343,14.087315335611981,11,2010-05-07
908749.5183916084,1,18,5,2010,0,0,62.68,213.6670857,6.29,13.728668577535327,8,2010-05-07
785981.4085314686,1,18,5,2010,0,0,70.75,181.6468154,8.899,13.607491748898457,45,2010-05-07
2107676.8703496503,2,18,5,2010,0,0,66.74,203.6101784,7.856,14.575008700573019,20,2010-05-07
556403.863146853,0,18,5,2010,0,0,71.06,126.2898,9.524,13.275680372670308,42,2010-05-07
2094712.9606993007,2,18,5,2010,0,0,56.77,126.2898,7.896,14.508971259371421,4,2010-05-07
543980.5523776223,0,18,5,2010,0,0,68.58,213.848478,6.384,13.173302868210772,9,2010-05-07
633324.7231468532,0,18,5,2010,0,0,67.16,202.3792571,9.593,13.446617851634143,43,2010-05-07
1450668.1291608391,2,18,5,2010,0,0,74.86,209.1215867,8.464,14.119832327093215,39,2010-05-07
1925751.3355244757,2,18,5,2010,0,0,71.28,210.0011018,8.2,14.52972559938846,2,2010-05-07
539451.4287412588,0,19,5,2010,0,0,50.99,132.152129,10.16,13.159547171291543,29,2010-05-14
1925751.3355244757,2,19,5,2010,0,0,73.31,209.9984585,8.2,14.447182977942207,2,2010-05-14
570617.3086713287,0,19,5,2010,0,0,41.41,189.4904116,8.963,12.828460958649856,7,2010-05-14
1323522.241818182,1,19,5,2010,0,0,68.44,126.2085484,14.099,14.03536850157612,28,2010-05-14
519247.7300699301,0,19,5,2010,0,0,41.26,189.4904116,6.842,12.903639793626194,16,2010-05-14
964128.0404895104,1,19,5,2010,0,0,45.5,132.152129,5.435,13.718188172030407,40,2010-05-14
518900.2819580419,0,19,5,2010,0,0,77.53,209.118536,8.464,13.132703889552616,37,2010-05-14
1084718.421048951,1,19,5,2010,0,0,49.9,132.152129,9.269,13.904086742503717,18,2010-05-14
756069.0833566433,1,19,5,2010,0,0,73.08,209.9984585,8.2,13.491939968023578,21,2010-05-14
1775216.2019580419,2,19,5,2010,0,0,53.82,136.010394,8.058,14.426615873032343,27,2010-05-14
1356383.1244755245,2,19,5,2010,0,0,77.64,213.6196139,7.343,14.05200232809306,11,2010-05-14
893581.3904195804,1,19,5,2010,0,0,47.28,126.2085484,6.635,13.609417185216577,17,2010-05-14
385731.6532867133,0,19,5,2010,0,0,68.44,126.2085484,14.099,12.754700573136246,38,2010-05-14
1389864.4604895106,2,19,5,2010,0,0,45.33,132.152129,5.435,14.080222901995537,23,2010-05-14
908749.5183916084,1,19,5,2010,0,0,61.35,213.6655355,6.29,13.680078892392803,8,2010-05-14
1268125.418811189,1,19,5,2010,0,0,40.23,189.4904116,7.363,13.925655627368338,41,2010-05-14
302748.86601398606,0,19,5,2010,0,0,50.15,126.2085484,7.972,12.565552870984723,44,2010-05-14
919724.9795804196,1,19,5,2010,0,0,53.82,136.010394,9.051,13.914702801888398,35,2010-05-14
543980.5523776223,0,19,5,2010,0,0,70.53,213.8469819,6.384,13.107846109953472,9,2010-05-14
633324.7231468532,0,19,5,2010,0,0,72.14,202.3705092,9.593,13.445681751482637,43,2010-05-14
1166568.154965035,1,19,5,2010,0,0,46.42,189.4904116,8.963,13.89183762040059,32,2010-05-14
623312.474965035,0,19,5,2010,0,0,47.13,132.152129,8.185,13.295284555427077,15,2010-05-14
318011.8104895105,0,19,5,2010,0,0,74.79,210.8872772,6.465,12.600391767273917,5,2010-05-14
1564728.1862937063,2,19,5,2010,0,0,74.95,211.8421769,7.092,14.236888646989312,6,2010-05-14
2107676.8703496503,2,19,5,2010,0,0,55.91,203.6133915,7.856,14.525127671500012,20,2010-05-14
2094712.9606993007,2,19,5,2010,0,0,62.35,126.2085484,7.896,14.444438249157267,4,2010-05-14
438579.6162237762,0,19,5,2010,0,0,73.08,209.9984585,8.2,13.043036774932913,30,2010-05-14
1450668.1291608391,2,19,5,2010,0,0,77.49,209.118536,8.464,14.020081664197784,39,2010-05-14
2020978.4009790209,2,19,5,2010,0,0,54.26,181.6612792,8.899,14.571525550742052,14,2010-05-14
785981.4085314686,1,19,5,2010,0,0,54.26,181.6612792,8.899,13.538680324076864,45,2010-05-14
1009001.6094405595,1,19,5,2010,0,0,68.44,126.2085484,14.099,13.780977051474792,12,2010-05-14
1444999.0356643356,2,19,5,2010,0,0,46.53,132.152129,8.185,14.17829113950462,19,2010-05-14
402704.44104895106,0,19,5,2010,0,0,77.18,213.6196139,7.343,12.859332134556201,3,2010-05-14
706721.5326573426,1,19,5,2010,0,0,50.27,203.6133915,7.856,13.456081754203376,25,2010-05-14
373511.9927972028,0,19,5,2010,0,0,77.53,209.118536,8.464,13.074715514560245,36,2010-05-14
1395901.437062937,2,19,5,2010,0,0,73.08,209.9984585,8.2,14.068049472921949,31,2010-05-14
556403.863146853,0,19,5,2010,0,0,73.88,126.2085484,9.524,13.243423792137479,42,2010-05-14
1356755.3935664336,2,19,5,2010,0,0,51.31,132.152129,8.211,14.113230346064922,24,2010-05-14
1555264.3975524476,2,19,5,2010,0,0,74.78,210.3374261,7.808,14.217136639765242,1,2010-05-14
1899424.5726573425,2,19,5,2010,0,0,73.88,126.2085484,9.524,14.407763572748717,10,2010-05-14
966781.5594405595,1,19,5,2010,0,0,60.74,126.2085484,9.593,13.747151885330709,34,2010-05-14
1002911.8446853146,1,19,5,2010,0,0,39.08,132.152129,8.512,13.78779458437049,26,2010-05-14
2003620.3062937064,2,19,5,2010,0,0,50.15,126.2085484,8.107,14.45223258284361,13,2010-05-14
259861.69202797202,0,19,5,2010,0,0,76.8,126.2085484,9.849,12.710400735971085,33,2010-05-14
1028501.0389510489,1,19,5,2010,0,0,50.99,136.010394,8.348,13.788741779883095,22,2010-05-14
1564728.1862937063,2,20,5,2010,0,0,74.8,212.1275324,7.092,14.242045098475232,6,2010-05-21
706721.5326573426,1,20,5,2010,0,0,57.17,203.8770235,7.856,13.464695866298175,25,2010-05-21
518900.2819580419,0,20,5,2010,0,0,77.34,209.3922937,8.464,13.14313749343679,37,2010-05-21
556403.863146853,0,20,5,2010,0,0,78.32,126.1843871,9.524,13.131133130461572,42,2010-05-21
1925751.3355244757,2,20,5,2010,0,0,74.83,210.2768443,8.2,14.455751617915604,2,2010-05-21
1775216.2019580419,2,20,5,2010,0,0,63.31,136.0796521,8.058,14.423424732023268,27,2010-05-21
1268125.418811189,1,20,5,2010,0,0,50.59,189.467827,7.363,13.966715758408805,41,2010-05-21
1356383.1244755245,2,20,5,2010,0,0,76.97,213.9116886,7.343,14.05582395620089,11,2010-05-21
1009001.6094405595,1,20,5,2010,0,0,76.2,126.1843871,14.099,13.772995005183446,12,2010-05-21
1555264.3975524476,2,20,5,2010,0,0,76.44,210.6170934,7.808,14.151742101335476,1,2010-05-21
908749.5183916084,1,20,5,2010,0,0,66.03,213.9577839,6.29,13.61502610182517,8,2010-05-21
2003620.3062937064,2,20,5,2010,0,0,57.71,126.1843871,8.107,14.432671865756824,13,2010-05-21
1450668.1291608391,2,20,5,2010,0,0,76.67,209.3922937,8.464,14.116115010648851,39,2010-05-21
519247.7300699301,0,20,5,2010,0,0,47.34,189.467827,6.842,12.983794196406414,16,2010-05-21
402704.44104895106,0,20,5,2010,0,0,75.81,213.9116886,7.343,12.747711148931504,3,2010-05-21
785981.4085314686,1,20,5,2010,0,0,62.62,181.8538486,8.899,13.525010184497102,45,2010-05-21
570617.3086713287,0,20,5,2010,0,0,46.6,189.467827,8.963,12.887138768099275,7,2010-05-21
2107676.8703496503,2,20,5,2010,0,0,60.38,203.8770235,7.856,14.45406315878046,20,2010-05-21
438579.6162237762,0,20,5,2010,0,0,74.24,210.2768443,8.2,13.029705924008054,30,2010-05-21
2020978.4009790209,2,20,5,2010,0,0,62.62,181.8538486,8.899,14.561339416161548,14,2010-05-21
259861.69202797202,0,20,5,2010,0,0,82.8,126.1843871,9.849,12.59223668054282,33,2010-05-21
1444999.0356643356,2,20,5,2010,0,0,57.53,132.2230323,8.185,14.13593846275535,19,2010-05-21
1395901.437062937,2,20,5,2010,0,0,74.24,210.2768443,8.2,14.106242923538247,31,2010-05-21
373511.9927972028,0,20,5,2010,0,0,77.34,209.3922937,8.464,13.070899500047279,36,2010-05-21
1028501.0389510489,1,20,5,2010,0,0,59.99,136.0796521,8.348,13.79528630959842,22,2010-05-21
1002911.8446853146,1,20,5,2010,0,0,50.81,132.2230323,8.512,13.802188218374468,26,2010-05-21
1356755.3935664336,2,20,5,2010,0,0,60.44,132.2230323,8.211,14.065088696432712,24,2010-05-21
1899424.5726573425,2,20,5,2010,0,0,78.32,126.1843871,9.524,14.429405948825918,10,2010-05-21
966781.5594405595,1,20,5,2010,0,0,63.99,126.1843871,9.593,13.725167075672658,34,2010-05-21
633324.7231468532,0,20,5,2010,0,0,74.74,202.6210737,9.593,13.418107484147482,43,2010-05-21
623312.474965035,0,20,5,2010,0,0,59.09,132.2230323,8.185,13.331974334815866,15,2010-05-21
1323522.241818182,1,20,5,2010,0,0,76.2,126.1843871,14.099,14.012658910891469,28,2010-05-21
318011.8104895105,0,20,5,2010,0,0,75.2,211.169023,6.465,12.616911588687625,5,2010-05-21
1084718.421048951,1,20,5,2010,0,0,60.27,132.2230323,9.269,13.912294523939314,18,2010-05-21
964128.0404895104,1,20,5,2010,0,0,56.75,132.2230323,5.435,13.6940374962782,40,2010-05-21
893581.3904195804,1,20,5,2010,0,0,53.94,126.1843871,6.635,13.625109449318375,17,2010-05-21
539451.4287412588,0,20,5,2010,0,0,59.99,132.2230323,10.16,13.126400855808006,29,2010-05-21
1166568.154965035,1,20,5,2010,0,0,55.89,189.467827,8.963,13.949884401877037,32,2010-05-21
756069.0833566433,1,20,5,2010,0,0,74.24,210.2768443,8.2,13.532302090669091,21,2010-05-21
302748.86601398606,0,20,5,2010,0,0,57.71,126.1843871,7.972,12.49525240838357,44,2010-05-21
919724.9795804196,1,20,5,2010,0,0,63.31,136.0796521,9.051,13.890787941803826,35,2010-05-21
385731.6532867133,0,20,5,2010,0,0,76.2,126.1843871,14.099,12.738164765789286,38,2010-05-21
1389864.4604895106,2,20,5,2010,0,0,57.94,132.2230323,5.435,14.098751744261746,23,2010-05-21
543980.5523776223,0,20,5,2010,0,0,71.5,214.1399162,6.384,13.13483713559636,9,2010-05-21
2094712.9606993007,2,20,5,2010,0,0,67.4,126.1843871,7.896,14.459338074194317,4,2010-05-21
1899424.5726573425,2,21,5,2010,0,0,76.67,126.1602258,9.524,14.459792635796964,10,2010-05-28
1555264.3975524476,2,21,5,2010,0,0,80.44,210.8967606,7.808,14.174632171364747,1,2010-05-28
1009001.6094405595,1,21,5,2010,0,0,67.84,126.1602258,14.099,13.769939973381808,12,2010-05-28
1925751.3355244757,2,21,5,2010,0,0,81.13,210.5552301,8.2,14.486981951859919,2,2010-05-28
1775216.2019580419,2,21,5,2010,0,0,67.88,136.1489101,8.058,14.489714273742203,27,2010-05-28
2020978.4009790209,2,21,5,2010,0,0,69.27,182.0464181,8.899,14.616234718010281,14,2010-05-28
1084718.421048951,1,21,5,2010,0,0,69.12,132.2939355,9.269,14.043668547940229,18,2010-05-28
539451.4287412588,0,21,5,2010,0,0,65.64,132.2939355,10.16,13.266686484443339,29,2010-05-28
964128.0404895104,1,21,5,2010,0,0,67.88,132.2939355,5.435,13.823958840515408,40,2010-05-28
385731.6532867133,0,21,5,2010,0,0,67.84,126.1602258,14.099,12.696094656981598,38,2010-05-28
2107676.8703496503,2,21,5,2010,0,0,70.97,204.1406556,7.856,14.541118128057764,20,2010-05-28
1395901.437062937,2,21,5,2010,0,0,80.94,210.5552301,8.2,14.085108725320325,31,2010-05-28
302748.86601398606,0,21,5,2010,0,0,53.11,126.1602258,7.972,12.584139184079772,44,2010-05-28
1450668.1291608391,2,21,5,2010,0,0,80.22,209.6660514,8.464,14.127062409449776,39,2010-05-28
1564728.1862937063,2,21,5,2010,0,0,78.89,212.412888,7.092,14.312929711261175,6,2010-05-28
919724.9795804196,1,21,5,2010,0,0,67.88,136.1489101,9.051,14.017453745283325,35,2010-05-28
2094712.9606993007,2,21,5,2010,0,0,67.73,126.1602258,7.896,14.434760736422444,4,2010-05-28
1389864.4604895106,2,21,5,2010,0,0,69.26,132.2939355,5.435,14.267324477961898,23,2010-05-28
543980.5523776223,0,21,5,2010,0,0,77.12,214.4328505,6.384,13.232373222161943,9,2010-05-28
756069.0833566433,1,21,5,2010,0,0,80.94,210.5552301,8.2,13.534758100177074,21,2010-05-28
1323522.241818182,1,21,5,2010,0,0,67.84,126.1602258,14.099,13.978130344875769,28,2010-05-28
623312.474965035,0,21,5,2010,0,0,70.61,132.2939355,8.185,13.520835934512633,15,2010-05-28
1166568.154965035,1,21,5,2010,0,0,64.69,189.4452425,8.963,14.002540886073184,32,2010-05-28
318011.8104895105,0,21,5,2010,0,0,79.81,211.4507688,6.465,12.644373091554534,5,2010-05-28
1356755.3935664336,2,21,5,2010,0,0,69.59,132.2939355,8.211,14.2034015757421,24,2010-05-28
1002911.8446853146,1,21,5,2010,0,0,61.65,132.2939355,8.512,13.883031430592293,26,2010-05-28
1028501.0389510489,1,21,5,2010,0,0,65.64,136.1489101,8.348,13.914216239250473,22,2010-05-28
373511.9927972028,0,21,5,2010,0,0,80.87,209.6660514,8.464,13.010428900536901,36,2010-05-28
1444999.0356643356,2,21,5,2010,0,0,68.85,132.2939355,8.185,14.315609022944393,19,2010-05-28
259861.69202797202,0,21,5,2010,0,0,78.47,126.1602258,9.849,12.53985315556076,33,2010-05-28
438579.6162237762,0,21,5,2010,0,0,80.94,210.5552301,8.2,13.044348126384177,30,2010-05-28
966781.5594405595,1,21,5,2010,0,0,68.68,126.1602258,9.593,13.756683036644995,34,2010-05-28
633324.7231468532,0,21,5,2010,0,0,78.59,202.8716382,9.593,13.353977765660135,43,2010-05-28
1268125.418811189,1,21,5,2010,0,0,56.97,189.4452425,7.363,14.035974714905198,41,2010-05-28
519247.7300699301,0,21,5,2010,0,0,52.08,189.4452425,6.842,13.080355263055322,16,2010-05-28
893581.3904195804,1,21,5,2010,0,0,48.19,126.1602258,6.635,13.679483046912303,17,2010-05-28
2003620.3062937064,2,21,5,2010,0,0,53.11,126.1602258,8.107,14.44537701802367,13,2010-05-28
908749.5183916084,1,21,5,2010,0,0,74.71,214.2500323,6.29,13.67399602469851,8,2010-05-28
706721.5326573426,1,21,5,2010,0,0,69.31,204.1406556,7.856,13.58287653929347,25,2010-05-28
556403.863146853,0,21,5,2010,0,0,76.67,126.1602258,9.524,13.090042706512358,42,2010-05-28
518900.2819580419,0,21,5,2010,0,0,80.87,209.6660514,8.464,13.184853965457725,37,2010-05-28
402704.44104895106,0,21,5,2010,0,0,78.6,214.2037634,7.343,12.765946200240887,3,2010-05-28
1356383.1244755245,2,21,5,2010,0,0,79.69,214.2037634,7.343,14.050008222684543,11,2010-05-28
785981.4085314686,1,21,5,2010,0,0,69.27,182.0464181,8.899,13.593740350681298,45,2010-05-28
570617.3086713287,0,21,5,2010,0,0,54.24,189.4452425,8.963,13.000727918184195,7,2010-05-28
259861.69202797202,0,22,6,2010,0,0,86.06,126.1360645,9.849,12.560598782435825,33,2010-06-04
373511.9927972028,0,22,6,2010,0,0,79.93,209.9398091,8.464,13.062804182818681,36,2010-06-04
1009001.6094405595,1,22,6,2010,0,0,81.39,126.1360645,14.099,13.863689449630446,12,2010-06-04
2003620.3062937064,2,22,6,2010,0,0,59.85,126.1360645,8.107,14.5199468856341,13,2010-06-04
438579.6162237762,0,22,6,2010,0,0,82.68,210.833616,8.2,13.035376800107183,30,2010-06-04
2020978.4009790209,2,22,6,2010,0,0,75.93,182.2389876,8.899,14.675697483469188,14,2010-06-04
1450668.1291608391,2,22,6,2010,0,0,79.83,209.9398091,8.464,14.229082020618087,39,2010-06-04
1356383.1244755245,2,22,6,2010,0,0,79.66,214.4958382,7.343,14.14935304697113,11,2010-06-04
964128.0404895104,1,22,6,2010,0,0,65.7,132.3648387,5.435,13.866612362518817,40,2010-06-04
1395901.437062937,2,22,6,2010,0,0,82.68,210.833616,8.2,14.171523132584875,31,2010-06-04
385731.6532867133,0,22,6,2010,0,0,81.39,126.1360645,14.099,12.83783866191767,38,2010-06-04
519247.7300699301,0,22,6,2010,0,0,53.76,189.422658,6.842,13.154437092270307,16,2010-06-04
908749.5183916084,1,22,6,2010,0,0,75.71,214.5422806,6.29,13.772839365146927,8,2010-06-04
623312.474965035,0,22,6,2010,0,0,69.99,132.3648387,8.185,13.449064459976395,15,2010-06-04
543980.5523776223,0,22,6,2010,0,0,79.65,214.7257848,6.384,13.281181649909872,9,2010-06-04
919724.9795804196,1,22,6,2010,0,0,74.29,136.2181682,9.051,14.06422805825587,35,2010-06-04
570617.3086713287,0,22,6,2010,0,0,53.63,189.422658,8.963,13.140565155397292,7,2010-06-04
893581.3904195804,1,22,6,2010,0,0,53.79,126.1360645,6.635,13.684152653031742,17,2010-06-04
1166568.154965035,1,22,6,2010,0,0,66.69,189.422658,8.963,13.95460789693081,32,2010-06-04
518900.2819580419,0,22,6,2010,0,0,79.93,209.9398091,8.464,13.079865020239703,37,2010-06-04
1899424.5726573425,2,22,6,2010,0,0,82.82,126.1360645,9.524,14.47375945579438,10,2010-06-04
966781.5594405595,1,22,6,2010,0,0,72.17,126.1360645,9.593,13.781114239083896,34,2010-06-04
539451.4287412588,0,22,6,2010,0,0,69.49,132.3648387,10.16,13.284513961071108,29,2010-06-04
1002911.8446853146,1,22,6,2010,0,0,58.46,132.3648387,8.512,13.818709097179497,26,2010-06-04
1028501.0389510489,1,22,6,2010,0,0,69.49,136.2181682,8.348,13.90675806902177,22,2010-06-04
633324.7231468532,0,22,6,2010,0,0,82.76,203.1222028,9.593,13.432804775338491,43,2010-06-04
2094712.9606993007,2,22,6,2010,0,0,70.83,126.1360645,7.896,14.459095355770751,4,2010-06-04
556403.863146853,0,22,6,2010,0,0,82.82,126.1360645,9.524,13.228608317843232,42,2010-06-04
318011.8104895105,0,22,6,2010,0,0,79.54,211.7325146,6.465,12.730288883503233,5,2010-06-04
1444999.0356643356,2,22,6,2010,0,0,68.88,132.3648387,8.185,14.233572320702919,19,2010-06-04
756069.0833566433,1,22,6,2010,0,0,82.68,210.833616,8.2,13.599855745914669,21,2010-06-04
1389864.4604895106,2,22,6,2010,0,0,64.94,132.3648387,5.435,14.230553987144487,23,2010-06-04
402704.44104895106,0,22,6,2010,0,0,78.53,214.4958382,7.343,12.89161548624685,3,2010-06-04
302748.86601398606,0,22,6,2010,0,0,59.85,126.1360645,7.972,12.550912702655145,44,2010-06-04
1084718.421048951,1,22,6,2010,0,0,70.28,132.3648387,9.269,14.055560593857875,18,2010-06-04
1323522.241818182,1,22,6,2010,0,0,81.39,126.1360645,14.099,14.249679099353992,28,2010-06-04
706721.5326573426,1,22,6,2010,0,0,69.22,204.4042877,7.856,13.546527811585195,25,2010-06-04
785981.4085314686,1,22,6,2010,0,0,75.93,182.2389876,8.899,13.638235788687473,45,2010-06-04
1268125.418811189,1,22,6,2010,0,0,60.13,189.422658,7.363,14.081766547528689,41,2010-06-04
1564728.1862937063,2,22,6,2010,0,0,79.44,212.6982436,7.092,14.434678037374189,6,2010-06-04
1775216.2019580419,2,22,6,2010,0,0,74.29,136.2181682,8.058,14.544557361225845,27,2010-06-04
1925751.3355244757,2,22,6,2010,0,0,81.81,210.833616,8.2,14.558657137940587,2,2010-06-04
2107676.8703496503,2,22,6,2010,0,0,72.52,204.4042877,7.856,14.605612179426421,20,2010-06-04
1356755.3935664336,2,22,6,2010,0,0,71.99,132.3648387,8.211,14.2644628482228,24,2010-06-04
1555264.3975524476,2,22,6,2010,0,0,80.69,211.1764278,7.808,14.295170978697584,1,2010-06-04
706721.5326573426,1,23,6,2010,0,0,63.68,204.6679198,7.856,13.51056594147166,25,2010-06-11
1356383.1244755245,2,23,6,2010,0,0,82.81,214.787913,7.343,14.107860605945952,11,2010-06-11
908749.5183916084,1,23,6,2010,0,0,82.21,214.834529,6.29,13.726501033279234,8,2010-06-11
1166568.154965035,1,23,6,2010,0,0,70.86,189.4000734,8.963,13.991206119589776,32,2010-06-11
1028501.0389510489,1,23,6,2010,0,0,65.01,136.2874263,8.348,13.8749085171494,22,2010-06-11
543980.5523776223,0,23,6,2010,0,0,83.75,215.0187191,6.384,13.166794875422012,9,2010-06-11
1268125.418811189,1,23,6,2010,0,0,63.36,189.4000734,7.363,14.012064017412394,41,2010-06-11
1002911.8446853146,1,23,6,2010,0,0,51.62,132.4357419,8.512,13.88677353481116,26,2010-06-11
756069.0833566433,1,23,6,2010,0,0,83.51,211.1120018,8.2,13.572555230562035,21,2010-06-11
964128.0404895104,1,23,6,2010,0,0,59.42,132.4357419,5.435,13.82305767668236,40,2010-06-11
556403.863146853,0,23,6,2010,0,0,89.67,126.1119032,9.524,13.31664578385748,42,2010-06-11
623312.474965035,0,23,6,2010,0,0,61.04,132.4357419,8.185,13.336406912885064,15,2010-06-11
1450668.1291608391,2,23,6,2010,0,0,81.78,210.2135668,8.464,14.13134728954291,39,2010-06-11
259861.69202797202,0,23,6,2010,0,0,93.52,126.1119032,9.849,12.646910656789803,33,2010-06-11
2003620.3062937064,2,23,6,2010,0,0,65.24,126.1119032,8.107,14.527421571558456,13,2010-06-11
570617.3086713287,0,23,6,2010,0,0,63.59,189.4000734,8.963,13.119523087597411,7,2010-06-11
1925751.3355244757,2,23,6,2010,0,0,83.4,211.1120018,8.2,14.521346771153278,2,2010-06-11
1564728.1862937063,2,23,6,2010,0,0,81.81,212.9835992,7.092,14.337663791422129,6,2010-06-11
785981.4085314686,1,23,6,2010,0,0,69.71,182.4315571,8.899,13.58571967451084,45,2010-06-11
318011.8104895105,0,23,6,2010,0,0,80.7,212.0142605,6.465,12.600284371182061,5,2010-06-11
1084718.421048951,1,23,6,2010,0,0,64.08,132.4357419,9.269,13.975520740185548,18,2010-06-11
966781.5594405595,1,23,6,2010,0,0,80.84,126.1119032,9.593,13.76913416630068,34,2010-06-11
302748.86601398606,0,23,6,2010,0,0,65.24,126.1119032,7.972,12.600878478210007,44,2010-06-11
1395901.437062937,2,23,6,2010,0,0,83.51,211.1120018,8.2,14.13548555319176,31,2010-06-11
1555264.3975524476,2,23,6,2010,0,0,80.43,211.4560951,7.808,14.248955286787861,1,2010-06-11
402704.44104895106,0,23,6,2010,0,0,82.1,214.787913,7.343,12.77992402490573,3,2010-06-11
519247.7300699301,0,23,6,2010,0,0,62.63,189.4000734,6.842,13.19112106657142,16,2010-06-11
1009001.6094405595,1,23,6,2010,0,0,90.84,126.1119032,14.099,13.831423975215465,12,2010-06-11
1356755.3935664336,2,23,6,2010,0,0,64.84,132.4357419,8.211,14.134298204236028,24,2010-06-11
2020978.4009790209,2,23,6,2010,0,0,69.71,182.4315571,8.899,14.626250107115904,14,2010-06-11
1899424.5726573425,2,23,6,2010,0,0,89.67,126.1119032,9.524,14.418471897341444,10,2010-06-11
385731.6532867133,0,23,6,2010,0,0,90.84,126.1119032,14.099,12.779393094133374,38,2010-06-11
373511.9927972028,0,23,6,2010,0,0,82.3,210.2135668,8.464,13.055608385709712,36,2010-06-11
1389864.4604895106,2,23,6,2010,0,0,58.35,132.4357419,5.435,14.179759885695375,23,2010-06-11
919724.9795804196,1,23,6,2010,0,0,68.9,136.2874263,9.051,13.964287146051008,35,2010-06-11
1775216.2019580419,2,23,6,2010,0,0,68.9,136.2874263,8.058,14.443486446562744,27,2010-06-11
1444999.0356643356,2,23,6,2010,0,0,61.64,132.4357419,8.185,14.159585917454464,19,2010-06-11
518900.2819580419,0,23,6,2010,0,0,82.3,210.2135668,8.464,13.085525332241883,37,2010-06-11
438579.6162237762,0,23,6,2010,0,0,83.51,211.1120018,8.2,13.00702246733032,30,2010-06-11
2094712.9606993007,2,23,6,2010,0,0,78.45,126.1119032,7.896,14.441780607635966,4,2010-06-11
1323522.241818182,1,23,6,2010,0,0,90.84,126.1119032,14.099,14.11487129604576,28,2010-06-11
633324.7231468532,0,23,6,2010,0,0,88.12,203.3727673,9.593,13.435749672547619,43,2010-06-11
893581.3904195804,1,23,6,2010,0,0,57.14,126.1119032,6.635,13.647391518255912,17,2010-06-11
2107676.8703496503,2,23,6,2010,0,0,67.32,204.6679198,7.856,14.557681584911645,20,2010-06-11
539451.4287412588,0,23,6,2010,0,0,65.01,132.4357419,10.16,13.200652388250091,29,2010-06-11
785981.4085314686,1,24,6,2010,0,0,72.62,182.4424199,8.899,13.61110472890079,45,2010-06-18
259861.69202797202,0,24,6,2010,0,0,87.69,126.114,9.849,12.515027146943208,33,2010-06-18
1166568.154965035,1,24,6,2010,0,0,60.94,189.4185259,8.963,13.955440068907732,32,2010-06-18
402704.44104895106,0,24,6,2010,0,0,83.52,214.7858259,7.343,12.805122997377548,3,2010-06-18
373511.9927972028,0,24,6,2010,0,0,84.37,210.2108417,8.464,13.093337616271127,36,2010-06-18
893581.3904195804,1,24,6,2010,0,0,54.94,126.114,6.635,13.685398763273012,17,2010-06-18
570617.3086713287,0,24,6,2010,0,0,52.7,189.4185259,8.963,13.083924146014615,7,2010-06-18
756069.0833566433,1,24,6,2010,0,0,86.18,211.1096543,8.2,13.573573115158807,21,2010-06-18
518900.2819580419,0,24,6,2010,0,0,84.37,210.2108417,8.464,13.133822707758709,37,2010-06-18
1028501.0389510489,1,24,6,2010,0,0,67.13,136.3243393,8.348,13.867055258246713,22,2010-06-18
302748.86601398606,0,24,6,2010,0,0,58.41,126.114,7.972,12.589572814229427,44,2010-06-18
1925751.3355244757,2,24,6,2010,0,0,85.81,211.1096543,8.2,14.509476383343092,2,2010-06-18
318011.8104895105,0,24,6,2010,0,0,83.91,212.0119769,6.465,12.656500284295666,5,2010-06-18
1450668.1291608391,2,24,6,2010,0,0,83.96,210.2108417,8.464,14.129089481035296,39,2010-06-18
1084718.421048951,1,24,6,2010,0,0,65.96,132.4733333,9.269,13.983755941979272,18,2010-06-18
1775216.2019580419,2,24,6,2010,0,0,70.0,136.3243393,8.058,14.450595942051145,27,2010-06-18
1009001.6094405595,1,24,6,2010,0,0,81.06,126.114,14.099,13.77073513392981,12,2010-06-18
539451.4287412588,0,24,6,2010,0,0,67.13,132.4733333,10.16,13.233426534052485,29,2010-06-18
2107676.8703496503,2,24,6,2010,0,0,72.62,204.670036,7.856,14.553585515173678,20,2010-06-18
1555264.3975524476,2,24,6,2010,0,0,84.11,211.4537719,7.808,14.223163311430442,1,2010-06-18
1395901.437062937,2,24,6,2010,0,0,86.18,211.1096543,8.2,14.128926953895721,31,2010-06-18
2020978.4009790209,2,24,6,2010,0,0,72.62,182.4424199,8.899,14.625839077641986,14,2010-06-18
519247.7300699301,0,24,6,2010,0,0,52.4,189.4185259,6.842,13.199603731380845,16,2010-06-18
385731.6532867133,0,24,6,2010,0,0,81.06,126.114,14.099,12.723951883962632,38,2010-06-18
1389864.4604895106,2,24,6,2010,0,0,60.29,132.4733333,5.435,14.226102454936207,23,2010-06-18
919724.9795804196,1,24,6,2010,0,0,70.0,136.3243393,9.051,13.996186394636775,35,2010-06-18
2094712.9606993007,2,24,6,2010,0,0,81.53,126.114,7.896,14.472894463537344,4,2010-06-18
1444999.0356643356,2,24,6,2010,0,0,66.25,132.4733333,8.185,14.19210652709184,19,2010-06-18
1356383.1244755245,2,24,6,2010,0,0,84.13,214.7858259,7.343,14.105582711894405,11,2010-06-18
908749.5183916084,1,24,6,2010,0,0,78.79,214.8324452,6.29,13.676160624701703,8,2010-06-18
1356755.3935664336,2,24,6,2010,0,0,67.17,132.4733333,8.211,14.118698672950298,24,2010-06-18
633324.7231468532,0,24,6,2010,0,0,84.9,203.370619,9.593,13.458850999621468,43,2010-06-18
1899424.5726573425,2,24,6,2010,0,0,83.49,126.114,9.524,14.42399119571546,10,2010-06-18
556403.863146853,0,24,6,2010,0,0,83.49,126.114,9.524,13.179536666689193,42,2010-06-18
964128.0404895104,1,24,6,2010,0,0,60.97,132.4733333,5.435,13.788248604943886,40,2010-06-18
2003620.3062937064,2,24,6,2010,0,0,58.41,126.114,8.107,14.510374419184439,13,2010-06-18
706721.5326573426,1,24,6,2010,0,0,69.56,204.670036,7.856,13.56762075324605,25,2010-06-18
543980.5523776223,0,24,6,2010,0,0,82.99,215.0166484,6.384,13.148177058923013,9,2010-06-18
623312.474965035,0,24,6,2010,0,0,65.83,132.4733333,8.185,13.388306660306899,15,2010-06-18
1323522.241818182,1,24,6,2010,0,0,81.06,126.114,14.099,14.05265173185513,28,2010-06-18
1002911.8446853146,1,24,6,2010,0,0,53.62,132.4733333,8.512,13.816797399628266,26,2010-06-18
1564728.1862937063,2,24,6,2010,0,0,83.89,212.9813843,7.092,14.33266565230236,6,2010-06-18
1268125.418811189,1,24,6,2010,0,0,54.9,189.4185259,7.363,14.00029911919882,41,2010-06-18
966781.5594405595,1,24,6,2010,0,0,73.48,126.114,9.593,13.755349683600365,34,2010-06-18
438579.6162237762,0,24,6,2010,0,0,86.18,211.1096543,8.2,13.011942345572878,30,2010-06-18
1444999.0356643356,2,25,6,2010,0,0,72.3,132.4976,8.185,14.187355674754919,19,2010-06-25
1002911.8446853146,1,25,6,2010,0,0,63.78,132.4976,8.512,13.79146690200599,26,2010-06-25
302748.86601398606,0,25,6,2010,0,0,71.83,126.1266,7.972,12.571577332301738,44,2010-06-25
1775216.2019580419,2,25,6,2010,0,0,78.02,136.3483143,8.058,14.489793935494594,27,2010-06-25
2107676.8703496503,2,25,6,2010,0,0,75.17,204.5675459,7.856,14.495135154114118,20,2010-06-25
1395901.437062937,2,25,6,2010,0,0,87.01,210.9950134,8.2,14.080582484174194,31,2010-06-25
519247.7300699301,0,25,6,2010,0,0,62.37,189.4533931,6.842,13.211391978428786,16,2010-06-25
385731.6532867133,0,25,6,2010,0,0,87.27,126.1266,14.099,12.682455136509146,38,2010-06-25
2094712.9606993007,2,25,6,2010,0,0,81.1,126.1266,7.896,14.428885342229936,4,2010-06-25
908749.5183916084,1,25,6,2010,0,0,81.78,214.7126286,6.29,13.610845362878404,8,2010-06-25
633324.7231468532,0,25,6,2010,0,0,88.48,203.2673857,9.593,13.345822302982848,43,2010-06-25
556403.863146853,0,25,6,2010,0,0,90.32,126.1266,9.524,13.090518798364306,42,2010-06-25
318011.8104895105,0,25,6,2010,0,0,83.72,211.8960815,6.465,12.595605845434166,5,2010-06-25
543980.5523776223,0,25,6,2010,0,0,85.02,214.8965756,6.384,13.140722374933018,9,2010-06-25
623312.474965035,0,25,6,2010,0,0,72.79,132.4976,8.185,13.418303800612962,15,2010-06-25
1450668.1291608391,2,25,6,2010,0,0,83.24,210.0975233,8.464,14.062695426895493,39,2010-06-25
756069.0833566433,1,25,6,2010,0,0,87.01,210.9950134,8.2,13.553950644919427,21,2010-06-25
1166568.154965035,1,25,6,2010,0,0,72.42,189.4533931,8.963,13.933084451752022,32,2010-06-25
518900.2819580419,0,25,6,2010,0,0,84.14,210.0975233,8.464,13.092770577984886,37,2010-06-25
402704.44104895106,0,25,6,2010,0,0,83.79,214.6660741,7.343,12.786463920713368,3,2010-06-25
438579.6162237762,0,25,6,2010,0,0,87.01,210.9950134,8.2,13.024113609240619,30,2010-06-25
1323522.241818182,1,25,6,2010,0,0,87.27,126.1266,14.099,14.023358582846486,28,2010-06-25
1899424.5726573425,2,25,6,2010,0,0,90.32,126.1266,9.524,14.385457543393589,10,2010-06-25
964128.0404895104,1,25,6,2010,0,0,69.72,132.4976,5.435,13.75406700779253,40,2010-06-25
919724.9795804196,1,25,6,2010,0,0,78.02,136.3483143,9.051,14.022725308856801,35,2010-06-25
570617.3086713287,0,25,6,2010,0,0,59.94,189.4533931,8.963,13.224406964130498,7,2010-06-25
1925751.3355244757,2,25,6,2010,0,0,86.26,210.9950134,8.2,14.478161463342204,2,2010-06-25
1028501.0389510489,1,25,6,2010,0,0,74.37,136.3483143,8.348,13.906284400495071,22,2010-06-25
373511.9927972028,0,25,6,2010,0,0,84.14,210.0975233,8.464,12.98282741049479,36,2010-06-25
1268125.418811189,1,25,6,2010,0,0,66.0,189.4533931,7.363,13.97610658186352,41,2010-06-25
1555264.3975524476,2,25,6,2010,0,0,84.34,211.3386526,7.808,14.168075888999844,1,2010-06-25
1564728.1862937063,2,25,6,2010,0,0,84.2,212.8641412,7.092,14.310623103377923,6,2010-06-25
1356383.1244755245,2,25,6,2010,0,0,84.5,214.6660741,7.343,14.048228987479908,11,2010-06-25
966781.5594405595,1,25,6,2010,0,0,78.47,126.1266,9.593,13.705473647217673,34,2010-06-25
893581.3904195804,1,25,6,2010,0,0,62.64,126.1266,6.635,13.703457072044815,17,2010-06-25
706721.5326573426,1,25,6,2010,0,0,72.17,204.5675459,7.856,13.511116467758656,25,2010-06-25
539451.4287412588,0,25,6,2010,0,0,74.37,132.4976,10.16,13.28030649683304,29,2010-06-25
259861.69202797202,0,25,6,2010,0,0,93.66,126.1266,9.849,12.46620715671366,33,2010-06-25
1389864.4604895106,2,25,6,2010,0,0,69.83,132.4976,5.435,14.162785576708849,23,2010-06-25
1009001.6094405595,1,25,6,2010,0,0,87.27,126.1266,14.099,13.772612127893067,12,2010-06-25
785981.4085314686,1,25,6,2010,0,0,79.32,182.3806,8.899,13.582695576275542,45,2010-06-25
2003620.3062937064,2,25,6,2010,0,0,71.83,126.1266,8.107,14.493717309062992,13,2010-06-25
1084718.421048951,1,25,6,2010,0,0,74.04,132.4976,9.269,14.015167788225833,18,2010-06-25
2020978.4009790209,2,25,6,2010,0,0,79.32,182.3806,8.899,14.624741958676989,14,2010-06-25
1356755.3935664336,2,25,6,2010,0,0,74.9,132.4976,8.211,14.15132168324239,24,2010-06-25
2094712.9606993007,2,26,7,2010,0,0,73.66,126.1392,7.372,14.447493895416612,4,2010-07-02
1925751.3355244757,2,26,7,2010,0,0,82.74,210.8803726,8.099,14.51062661900636,2,2010-07-02
756069.0833566433,1,26,7,2010,0,0,82.29,210.8803726,8.099,13.475091061151732,21,2010-07-02
919724.9795804196,1,26,7,2010,0,0,76.25,136.3722893,8.861,14.035310991281671,35,2010-07-02
570617.3086713287,0,26,7,2010,0,0,61.31,189.4882603,9.017,13.2631192083173,7,2010-07-02
318011.8104895105,0,26,7,2010,0,0,81.25,211.7801861,6.496,12.631321655268998,5,2010-07-02
964128.0404895104,1,26,7,2010,0,0,65.47,132.5218667,5.326,13.899465400173735,40,2010-07-02
1356755.3935664336,2,26,7,2010,0,0,71.12,132.5218667,8.117,14.262366420418155,24,2010-07-02
2003620.3062937064,2,26,7,2010,0,0,78.82,126.1392,7.951,14.517773914636344,13,2010-07-02
556403.863146853,0,26,7,2010,0,0,92.89,126.1392,9.199,13.136601137745672,42,2010-07-02
1564728.1862937063,2,26,7,2010,0,0,80.34,212.746898,6.973,14.380698364758201,6,2010-07-02
543980.5523776223,0,26,7,2010,0,0,78.55,214.7765028,6.442,13.178428992134554,9,2010-07-02
1002911.8446853146,1,26,7,2010,0,0,58.9,132.5218667,8.445,13.891041391655955,26,2010-07-02
908749.5183916084,1,26,7,2010,0,0,74.78,214.5928119,6.315,13.655734627707862,8,2010-07-02
1166568.154965035,1,26,7,2010,0,0,74.74,189.4882603,9.017,13.987773058327983,32,2010-07-02
966781.5594405595,1,26,7,2010,0,0,73.66,126.1392,9.816,13.731292033691874,34,2010-07-02
1356383.1244755245,2,26,7,2010,0,0,83.09,214.5463222,7.346,14.079873700266786,11,2010-07-02
633324.7231468532,0,26,7,2010,0,0,80.17,203.1641524,9.816,13.411077102519455,43,2010-07-02
1450668.1291608391,2,26,7,2010,0,0,81.35,209.984205,8.36,14.11750129644824,39,2010-07-02
1268125.418811189,1,26,7,2010,0,0,69.39,189.4882603,7.335,14.057107426665343,41,2010-07-02
623312.474965035,0,26,7,2010,0,0,66.13,132.5218667,8.099,13.472087574775445,15,2010-07-02
785981.4085314686,1,26,7,2010,0,0,76.61,182.3187801,8.743,13.59255303934491,45,2010-07-02
1444999.0356643356,2,26,7,2010,0,0,66.25,132.5218667,8.099,14.253132824289247,19,2010-07-02
539451.4287412588,0,26,7,2010,0,0,72.88,132.5218667,10.409,13.273322483860994,29,2010-07-02
893581.3904195804,1,26,7,2010,0,0,68.98,126.1392,6.697,13.773517430018236,17,2010-07-02
2107676.8703496503,2,26,7,2010,0,0,70.1,204.4650559,7.527,14.578033496034294,20,2010-07-02
438579.6162237762,0,26,7,2010,0,0,82.29,210.8803726,8.099,13.01775473457483,30,2010-07-02
1389864.4604895106,2,26,7,2010,0,0,64.76,132.5218667,5.326,14.253193828754709,23,2010-07-02
302748.86601398606,0,26,7,2010,0,0,78.82,126.1392,7.804,12.613632857374972,44,2010-07-02
259861.69202797202,0,26,7,2010,0,0,97.66,126.1392,9.495,12.496862733095313,33,2010-07-02
1555264.3975524476,2,26,7,2010,0,0,80.91,211.2235333,7.787,14.215908945226799,1,2010-07-02
1009001.6094405595,1,26,7,2010,0,0,91.98,126.1392,14.18,13.766276520797797,12,2010-07-02
706721.5326573426,1,26,7,2010,0,0,66.42,204.4650559,7.527,13.540295606985525,25,2010-07-02
373511.9927972028,0,26,7,2010,0,0,81.85,209.984205,8.36,12.981382937963053,36,2010-07-02
402704.44104895106,0,26,7,2010,0,0,82.2,214.5463222,7.346,12.850955413689002,3,2010-07-02
519247.7300699301,0,26,7,2010,0,0,64.44,189.4882603,6.868,13.322266829519654,16,2010-07-02
1084718.421048951,1,26,7,2010,0,0,71.22,132.5218667,9.342,14.044977554093123,18,2010-07-02
1395901.437062937,2,26,7,2010,0,0,82.29,210.8803726,8.099,14.086839077020162,31,2010-07-02
1323522.241818182,1,26,7,2010,0,0,91.98,126.1392,14.18,14.151955044200449,28,2010-07-02
1028501.0389510489,1,26,7,2010,0,0,72.88,136.3722893,8.433,13.929071992968678,22,2010-07-02
1775216.2019580419,2,26,7,2010,0,0,76.25,136.3722893,7.982,14.520860530680679,27,2010-07-02
385731.6532867133,0,26,7,2010,0,0,91.98,126.1392,14.18,12.797138594365174,38,2010-07-02
518900.2819580419,0,26,7,2010,0,0,81.85,209.984205,8.36,13.118944600039104,37,2010-07-02
1899424.5726573425,2,26,7,2010,0,0,92.89,126.1392,9.199,14.428474742260699,10,2010-07-02
2020978.4009790209,2,26,7,2010,0,0,76.61,182.3187801,8.743,14.663432260864123,14,2010-07-02
1084718.421048951,1,27,7,2010,0,0,79.75,132.5461333,9.342,13.9737036931905,18,2010-07-09
556403.863146853,0,27,7,2010,0,0,91.03,126.1518,9.199,13.253515281289618,42,2010-07-09
964128.0404895104,1,27,7,2010,0,0,76.67,132.5461333,5.326,13.872128963248066,40,2010-07-09
633324.7231468532,0,27,7,2010,0,0,81.52,203.060919,9.816,13.48526793891935,43,2010-07-09
2107676.8703496503,2,27,7,2010,0,0,78.09,204.3625658,7.527,14.560911824953239,20,2010-07-09
1356755.3935664336,2,27,7,2010,0,0,79.05,132.5461333,8.117,14.325638068105643,24,2010-07-09
908749.5183916084,1,27,7,2010,0,0,72.49,214.4729952,6.315,13.647435953657121,8,2010-07-09
539451.4287412588,0,27,7,2010,0,0,79.22,132.5461333,10.409,13.241834640535764,29,2010-07-09
1555264.3975524476,2,27,7,2010,0,0,80.48,211.108414,7.787,14.251230135666441,1,2010-07-09
966781.5594405595,1,27,7,2010,0,0,75.0,126.1518,9.816,13.722530651961758,34,2010-07-09
919724.9795804196,1,27,7,2010,0,0,82.69,136.3962643,8.861,14.05355671970382,35,2010-07-09
519247.7300699301,0,27,7,2010,0,0,61.79,189.5231276,6.868,13.328164339605628,16,2010-07-09
1395901.437062937,2,27,7,2010,0,0,81.67,210.7657317,8.099,14.089438017951156,31,2010-07-09
385731.6532867133,0,27,7,2010,0,0,90.37,126.1518,14.18,12.74796469178852,38,2010-07-09
2094712.9606993007,2,27,7,2010,0,0,80.35,126.1518,7.372,14.410057222495816,4,2010-07-09
1009001.6094405595,1,27,7,2010,0,0,90.37,126.1518,14.18,13.75735935971222,12,2010-07-09
1389864.4604895106,2,27,7,2010,0,0,77.16,132.5461333,5.326,14.164431261337372,23,2010-07-09
1899424.5726573425,2,27,7,2010,0,0,91.03,126.1518,9.199,14.386373922659915,10,2010-07-09
518900.2819580419,0,27,7,2010,0,0,81.74,209.8708867,8.36,13.12726542272336,37,2010-07-09
756069.0833566433,1,27,7,2010,0,0,81.67,210.7657317,8.099,13.479588028226544,21,2010-07-09
373511.9927972028,0,27,7,2010,0,0,81.74,209.8708867,8.36,13.064129399470287,36,2010-07-09
1028501.0389510489,1,27,7,2010,0,0,79.22,136.3962643,8.433,13.90412131027106,22,2010-07-09
259861.69202797202,0,27,7,2010,0,0,95.88,126.1518,9.495,12.619588360365675,33,2010-07-09
438579.6162237762,0,27,7,2010,0,0,81.67,210.7657317,8.099,12.986072523824195,30,2010-07-09
1166568.154965035,1,27,7,2010,0,0,67.55,189.5231276,9.017,13.889926390581243,32,2010-07-09
893581.3904195804,1,27,7,2010,0,0,62.41,126.1518,6.697,13.637480085285826,17,2010-07-09
1925751.3355244757,2,27,7,2010,0,0,82.59,210.7657317,8.099,14.447262868267602,2,2010-07-09
570617.3086713287,0,27,7,2010,0,0,58.0,189.5231276,9.017,13.293730721958102,7,2010-07-09
1268125.418811189,1,27,7,2010,0,0,60.93,189.5231276,7.335,13.977697934004276,41,2010-07-09
302748.86601398606,0,27,7,2010,0,0,71.33,126.1518,7.804,12.544235523639912,44,2010-07-09
1450668.1291608391,2,27,7,2010,0,0,81.1,209.8708867,8.36,14.101046180940699,39,2010-07-09
1564728.1862937063,2,27,7,2010,0,0,80.93,212.6296549,6.973,14.340427820567227,6,2010-07-09
1444999.0356643356,2,27,7,2010,0,0,78.22,132.5461333,8.099,14.271378649584186,19,2010-07-09
706721.5326573426,1,27,7,2010,0,0,75.24,204.3625658,7.527,13.486439844367247,25,2010-07-09
785981.4085314686,1,27,7,2010,0,0,82.45,182.2569603,8.743,13.576063575021566,45,2010-07-09
318011.8104895105,0,27,7,2010,0,0,81.14,211.6642907,6.496,12.583857739036139,5,2010-07-09
2003620.3062937064,2,27,7,2010,0,0,71.33,126.1518,7.951,14.441900704973486,13,2010-07-09
543980.5523776223,0,27,7,2010,0,0,78.51,214.6564301,6.442,13.092708279526509,9,2010-07-09
1002911.8446853146,1,27,7,2010,0,0,71.08,132.5461333,8.445,13.930941968494263,26,2010-07-09
1323522.241818182,1,27,7,2010,0,0,90.37,126.1518,14.18,14.108400199957957,28,2010-07-09
1775216.2019580419,2,27,7,2010,0,0,82.69,136.3962643,7.982,14.56653223397208,27,2010-07-09
623312.474965035,0,27,7,2010,0,0,77.33,132.5461333,8.099,13.446616434423353,15,2010-07-09
2020978.4009790209,2,27,7,2010,0,0,82.45,182.2569603,8.743,14.620293084691404,14,2010-07-09
1356383.1244755245,2,27,7,2010,0,0,83.01,214.4265704,7.346,14.062493651766538,11,2010-07-09
402704.44104895106,0,27,7,2010,0,0,81.75,214.4265704,7.346,12.763443572793134,3,2010-07-09
2107676.8703496503,2,28,7,2010,0,0,75.14,204.3571656,7.527,14.52445882128983,20,2010-07-16
302748.86601398606,0,28,7,2010,0,0,77.79,126.1498065,7.804,12.60182725902216,44,2010-07-16
259861.69202797202,0,28,7,2010,0,0,100.14,126.1498065,9.495,12.545892273380861,33,2010-07-16
373511.9927972028,0,28,7,2010,0,0,84.43,209.8630532,8.36,13.054005390050074,36,2010-07-16
706721.5326573426,1,28,7,2010,0,0,73.43,204.3571656,7.527,13.496680160916034,25,2010-07-16
1389864.4604895106,2,28,7,2010,0,0,73.94,132.5667742,5.326,14.161314199856031,23,2010-07-16
1555264.3975524476,2,28,7,2010,0,0,83.15,211.1003854,7.787,14.186342757365217,1,2010-07-16
2020978.4009790209,2,28,7,2010,0,0,77.84,182.2604411,8.743,14.571767866556412,14,2010-07-16
1356755.3935664336,2,28,7,2010,0,0,76.56,132.5667742,8.117,14.165250142801353,24,2010-07-16
756069.0833566433,1,28,7,2010,0,0,85.61,210.7577954,8.099,13.53460468843775,21,2010-07-16
543980.5523776223,0,28,7,2010,0,0,82.93,214.6474453,6.442,13.069029075260978,9,2010-07-16
633324.7231468532,0,28,7,2010,0,0,84.17,203.0538548,9.816,13.454318799990652,43,2010-07-16
623312.474965035,0,28,7,2010,0,0,72.83,132.5667742,8.099,13.358549013784053,15,2010-07-16
1899424.5726573425,2,28,7,2010,0,0,91.8,126.1498065,9.199,14.41876228111549,10,2010-07-16
2003620.3062937064,2,28,7,2010,0,0,77.79,126.1498065,7.951,14.47418639523778,13,2010-07-16
1356383.1244755245,2,28,7,2010,0,0,84.9,214.4176476,7.346,14.070625951194678,11,2010-07-16
1002911.8446853146,1,28,7,2010,0,0,67.66,132.5667742,8.445,13.843274274274542,26,2010-07-16
966781.5594405595,1,28,7,2010,0,0,78.53,126.1498065,9.816,13.743230994790096,34,2010-07-16
919724.9795804196,1,28,7,2010,0,0,78.26,136.4179827,8.861,13.932774232109146,35,2010-07-16
1925751.3355244757,2,28,7,2010,0,0,85.32,210.7577954,8.099,14.428467114494932,2,2010-07-16
2094712.9606993007,2,28,7,2010,0,0,78.53,126.1498065,7.372,14.456537080913458,4,2010-07-16
1166568.154965035,1,28,7,2010,0,0,76.2,189.6125456,9.017,13.928993909881209,32,2010-07-16
518900.2819580419,0,28,7,2010,0,0,84.43,209.8630532,8.36,13.09221548228164,37,2010-07-16
785981.4085314686,1,28,7,2010,0,0,77.84,182.2604411,8.743,13.4921460248214,45,2010-07-16
1028501.0389510489,1,28,7,2010,0,0,76.3,136.4179827,8.433,13.803836672543909,22,2010-07-16
385731.6532867133,0,28,7,2010,0,0,97.18,126.1498065,14.18,12.731625420479878,38,2010-07-16
1395901.437062937,2,28,7,2010,0,0,85.61,210.7577954,8.099,14.104767429768383,31,2010-07-16
402704.44104895106,0,28,7,2010,0,0,84.32,214.4176476,7.346,12.773457547023245,3,2010-07-16
1775216.2019580419,2,28,7,2010,0,0,78.26,136.4179827,7.982,14.447150692486026,27,2010-07-16
1009001.6094405595,1,28,7,2010,0,0,97.18,126.1498065,14.18,13.728212332564846,12,2010-07-16
556403.863146853,0,28,7,2010,0,0,91.8,126.1498065,9.199,13.233615390061399,42,2010-07-16
318011.8104895105,0,28,7,2010,0,0,83.98,211.6561123,6.496,12.545051381113831,5,2010-07-16
1564728.1862937063,2,28,7,2010,0,0,83.75,212.6212163,6.973,14.260274453100953,6,2010-07-16
438579.6162237762,0,28,7,2010,0,0,85.61,210.7577954,8.099,12.990133331945872,30,2010-07-16
1450668.1291608391,2,28,7,2010,0,0,83.86,209.8630532,8.36,14.10804037111064,39,2010-07-16
519247.7300699301,0,28,7,2010,0,0,67.68,189.6125456,6.868,13.28207233562812,16,2010-07-16
908749.5183916084,1,28,7,2010,0,0,77.49,214.4640599,6.315,13.651380413509463,8,2010-07-16
539451.4287412588,0,28,7,2010,0,0,76.3,132.5667742,10.409,13.146652025485194,29,2010-07-16
1268125.418811189,1,28,7,2010,0,0,69.06,189.6125456,7.335,13.980846488984916,41,2010-07-16
1323522.241818182,1,28,7,2010,0,0,97.18,126.1498065,14.18,14.018726800769924,28,2010-07-16
964128.0404895104,1,28,7,2010,0,0,74.25,132.5667742,5.326,13.773886252094993,40,2010-07-16
1084718.421048951,1,28,7,2010,0,0,76.9,132.5667742,9.342,13.9248272864816,18,2010-07-16
893581.3904195804,1,28,7,2010,0,0,65.66,126.1498065,6.697,13.683797408476247,17,2010-07-16
570617.3086713287,0,28,7,2010,0,0,62.19,189.6125456,9.017,13.230620922616742,7,2010-07-16
1444999.0356643356,2,28,7,2010,0,0,74.6,132.5667742,8.099,14.160629602954927,19,2010-07-16
1009001.6094405595,1,29,7,2010,0,0,99.22,126.1283548,14.18,13.723838887748407,12,2010-07-23
1444999.0356643356,2,29,7,2010,0,0,74.68,132.5825806,8.099,14.131812674200564,19,2010-07-23
438579.6162237762,0,29,7,2010,0,0,87.17,210.8921319,8.099,12.995648312174998,30,2010-07-23
518900.2819580419,0,29,7,2010,0,0,82.6,209.9958663,8.36,13.10623220685496,37,2010-07-23
756069.0833566433,1,29,7,2010,0,0,87.17,210.8921319,8.099,13.548708284085318,21,2010-07-23
1323522.241818182,1,29,7,2010,0,0,99.22,126.1283548,14.18,14.002725107852775,28,2010-07-23
385731.6532867133,0,29,7,2010,0,0,99.22,126.1283548,14.18,12.701798387736677,38,2010-07-23
623312.474965035,0,29,7,2010,0,0,73.2,132.5825806,8.099,13.302272743871741,15,2010-07-23
1925751.3355244757,2,29,7,2010,0,0,87.66,210.8921319,8.099,14.393089023823636,2,2010-07-23
318011.8104895105,0,29,7,2010,0,0,83.66,211.7915565,6.496,12.523593687283723,5,2010-07-23
1356755.3935664336,2,29,7,2010,0,0,75.27,132.5825806,8.117,14.10349859610378,24,2010-07-23
2107676.8703496503,2,29,7,2010,0,0,77.75,204.4812188,7.527,14.457646983166127,20,2010-07-23
633324.7231468532,0,29,7,2010,0,0,86.6,203.1750161,9.816,13.383244311511863,43,2010-07-23
556403.863146853,0,29,7,2010,0,0,88.44,126.1283548,9.199,13.1044373825315,42,2010-07-23
402704.44104895106,0,29,7,2010,0,0,83.32,214.5564968,7.346,12.773842215139496,3,2010-07-23
966781.5594405595,1,29,7,2010,0,0,79.58,126.1283548,9.816,13.71242739162131,34,2010-07-23
259861.69202797202,0,29,7,2010,0,0,97.04,126.1283548,9.495,12.440098014521045,33,2010-07-23
706721.5326573426,1,29,7,2010,0,0,75.37,204.4812188,7.527,13.407981215790185,25,2010-07-23
908749.5183916084,1,29,7,2010,0,0,78.29,214.6029664,6.315,13.574097225944053,8,2010-07-23
964128.0404895104,1,29,7,2010,0,0,71.79,132.5825806,5.326,13.734672255555829,40,2010-07-23
893581.3904195804,1,29,7,2010,0,0,69.66,126.1283548,6.697,13.702908183229876,17,2010-07-23
543980.5523776223,0,29,7,2010,0,0,84.49,214.7865779,6.442,13.04478554609224,9,2010-07-23
785981.4085314686,1,29,7,2010,0,0,81.46,182.3509895,8.743,13.4794811772679,45,2010-07-23
2094712.9606993007,2,29,7,2010,0,0,79.78,126.1283548,7.372,14.429845987079766,4,2010-07-23
919724.9795804196,1,29,7,2010,0,0,81.56,136.4366924,8.861,13.930407147395522,35,2010-07-23
570617.3086713287,0,29,7,2010,0,0,64.64,189.774698,9.017,13.253798942816513,7,2010-07-23
1775216.2019580419,2,29,7,2010,0,0,81.56,136.4366924,7.982,14.407871030376779,27,2010-07-23
1084718.421048951,1,29,7,2010,0,0,75.71,132.5825806,9.342,13.84788987396022,18,2010-07-23
1166568.154965035,1,29,7,2010,0,0,75.69,189.774698,9.017,13.91948771622432,32,2010-07-23
2020978.4009790209,2,29,7,2010,0,0,81.46,182.3509895,8.743,14.530495739120541,14,2010-07-23
539451.4287412588,0,29,7,2010,0,0,76.91,132.5825806,10.409,13.135285703343282,29,2010-07-23
1450668.1291608391,2,29,7,2010,0,0,82.2,209.9958663,8.36,14.089083181133297,39,2010-07-23
1555264.3975524476,2,29,7,2010,0,0,83.36,211.2351443,7.787,14.141258494295231,1,2010-07-23
1002911.8446853146,1,29,7,2010,0,0,65.4,132.5825806,8.445,13.78671658176871,26,2010-07-23
1268125.418811189,1,29,7,2010,0,0,70.77,189.774698,7.335,13.991323370429653,41,2010-07-23
519247.7300699301,0,29,7,2010,0,0,70.67,189.774698,6.868,13.285069095456036,16,2010-07-23
1395901.437062937,2,29,7,2010,0,0,87.17,210.8921319,8.099,14.059266479232805,31,2010-07-23
302748.86601398606,0,29,7,2010,0,0,82.27,126.1283548,7.804,12.58683910436308,44,2010-07-23
1564728.1862937063,2,29,7,2010,0,0,83.9,212.7578505,6.973,14.276247584561432,6,2010-07-23
373511.9927972028,0,29,7,2010,0,0,82.6,209.9958663,8.36,13.021486572652512,36,2010-07-23
1356383.1244755245,2,29,7,2010,0,0,84.57,214.5564968,7.346,14.034156835686487,11,2010-07-23
1389864.4604895106,2,29,7,2010,0,0,70.2,132.5825806,5.326,14.103419192248985,23,2010-07-23
2003620.3062937064,2,29,7,2010,0,0,82.27,126.1283548,7.951,14.461226555521439,13,2010-07-23
1028501.0389510489,1,29,7,2010,0,0,76.91,136.4366924,8.433,13.789294089895686,22,2010-07-23
1899424.5726573425,2,29,7,2010,0,0,88.44,126.1283548,9.199,14.420742515006536,10,2010-07-23
543980.5523776223,0,30,7,2010,0,0,79.83,214.9257105,6.442,13.057667382535087,9,2010-07-30
570617.3086713287,0,30,7,2010,0,0,66.07,189.9368504,9.017,13.31058111749568,7,2010-07-30
908749.5183916084,1,30,7,2010,0,0,76.02,214.7418728,6.315,13.576359682819568,8,2010-07-30
1166568.154965035,1,30,7,2010,0,0,75.62,189.9368504,9.017,13.878815405939944,32,2010-07-30
623312.474965035,0,30,7,2010,0,0,72.04,132.5983871,8.099,13.33622407201493,15,2010-07-30
1450668.1291608391,2,30,7,2010,0,0,80.99,210.1286794,8.36,14.084180469219213,39,2010-07-30
1028501.0389510489,1,30,7,2010,0,0,76.35,136.4554021,8.433,13.785849629708046,22,2010-07-30
259861.69202797202,0,30,7,2010,0,0,92.71,126.1069032,9.495,12.396891456520425,33,2010-07-30
556403.863146853,0,30,7,2010,0,0,85.03,126.1069032,9.199,13.059635631822692,42,2010-07-30
1925751.3355244757,2,30,7,2010,0,0,83.49,211.0264684,8.099,14.405653976872037,2,2010-07-30
518900.2819580419,0,30,7,2010,0,0,81.88,210.1286794,8.36,13.097894337319762,37,2010-07-30
1268125.418811189,1,30,7,2010,0,0,70.07,189.9368504,7.335,14.007070665953707,41,2010-07-30
1356383.1244755245,2,30,7,2010,0,0,83.26,214.695346,7.346,14.038798010924145,11,2010-07-30
633324.7231468532,0,30,7,2010,0,0,79.79,203.2961774,9.816,13.340877396954362,43,2010-07-30
373511.9927972028,0,30,7,2010,0,0,81.88,210.1286794,8.36,12.977228720813647,36,2010-07-30
1002911.8446853146,1,30,7,2010,0,0,63.79,132.5983871,8.445,13.82082170879971,26,2010-07-30
318011.8104895105,0,30,7,2010,0,0,82.46,211.9270006,6.496,12.502206513224943,5,2010-07-30
1564728.1862937063,2,30,7,2010,0,0,81.37,212.8944846,6.973,14.242286815108061,6,2010-07-30
756069.0833566433,1,30,7,2010,0,0,83.59,211.0264684,8.099,13.481264020635779,21,2010-07-30
785981.4085314686,1,30,7,2010,0,0,79.78,182.4415378,8.743,13.482636219139412,45,2010-07-30
2003620.3062937064,2,30,7,2010,0,0,78.94,126.1069032,7.951,14.413186072181645,13,2010-07-30
1356755.3935664336,2,30,7,2010,0,0,75.91,132.5983871,8.117,14.143027551539612,24,2010-07-30
1389864.4604895106,2,30,7,2010,0,0,69.71,132.5983871,5.326,14.092971484520804,23,2010-07-30
1323522.241818182,1,30,7,2010,0,0,96.31,126.1069032,14.18,13.955451362603494,28,2010-07-30
1009001.6094405595,1,30,7,2010,0,0,96.31,126.1069032,14.18,13.725092566866348,12,2010-07-30
1899424.5726573425,2,30,7,2010,0,0,85.03,126.1069032,9.199,14.421281765986802,10,2010-07-30
1444999.0356643356,2,30,7,2010,0,0,72.83,132.5983871,8.099,14.127687877189611,19,2010-07-30
438579.6162237762,0,30,7,2010,0,0,83.59,211.0264684,8.099,12.989733886515564,30,2010-07-30
1395901.437062937,2,30,7,2010,0,0,83.59,211.0264684,8.099,14.024144666570784,31,2010-07-30
519247.7300699301,0,30,7,2010,0,0,70.71,189.9368504,6.868,13.240385797739247,16,2010-07-30
385731.6532867133,0,30,7,2010,0,0,96.31,126.1069032,14.18,12.725994909126149,38,2010-07-30
302748.86601398606,0,30,7,2010,0,0,78.94,126.1069032,7.804,12.52460622800596,44,2010-07-30
2094712.9606993007,2,30,7,2010,0,0,80.7,126.1069032,7.372,14.401428038139667,4,2010-07-30
1555264.3975524476,2,30,7,2010,0,0,81.84,211.3699032,7.787,14.13177104932625,1,2010-07-30
706721.5326573426,1,30,7,2010,0,0,71.99,204.605272,7.527,13.432968702930776,25,2010-07-30
919724.9795804196,1,30,7,2010,0,0,79.78,136.4554021,8.861,13.945777811578683,35,2010-07-30
2020978.4009790209,2,30,7,2010,0,0,79.78,182.4415378,8.743,14.535710626885596,14,2010-07-30
893581.3904195804,1,30,7,2010,0,0,69.96,126.1069032,6.697,13.633410804570127,17,2010-07-30
402704.44104895106,0,30,7,2010,0,0,82.04,214.695346,7.346,12.759831457677517,3,2010-07-30
966781.5594405595,1,30,7,2010,0,0,72.26,126.1069032,9.816,13.683096061379093,34,2010-07-30
539451.4287412588,0,30,7,2010,0,0,76.35,132.5983871,10.409,13.14191846426098,29,2010-07-30
1775216.2019580419,2,30,7,2010,0,0,79.78,136.4554021,7.982,14.412416917307482,27,2010-07-30
1084718.421048951,1,30,7,2010,0,0,75.79,132.5983871,9.342,13.891136096602692,18,2010-07-30
2107676.8703496503,2,30,7,2010,0,0,76.03,204.605272,7.527,14.486359771355517,20,2010-07-30
964128.0404895104,1,30,7,2010,0,0,71.35,132.5983871,5.326,13.767783549444541,40,2010-07-30
1444999.0356643356,2,31,8,2010,0,0,74.2,132.6141935,8.099,14.215669540118764,19,2010-08-06
1323522.241818182,1,31,8,2010,0,0,92.95,126.0854516,14.18,14.236259852204961,28,2010-08-06
1775216.2019580419,2,31,8,2010,0,0,77.45,136.4741118,7.982,14.461585879223044,27,2010-08-06
570617.3086713287,0,31,8,2010,0,0,61.7,190.0990028,9.017,13.375229088490302,7,2010-08-06
1389864.4604895106,2,31,8,2010,0,0,70.03,132.6141935,5.326,14.16406244805189,23,2010-08-06
1356383.1244755245,2,31,8,2010,0,0,86.54,214.8341952,7.346,14.130055510661217,11,2010-08-06
1084718.421048951,1,31,8,2010,0,0,73.67,132.6141935,9.342,13.969191570372198,18,2010-08-06
1395901.437062937,2,31,8,2010,0,0,90.3,211.1608049,8.099,14.117392887821191,31,2010-08-06
1564728.1862937063,2,31,8,2010,0,0,86.61,213.0311188,6.973,14.306077915726533,6,2010-08-06
1166568.154965035,1,31,8,2010,0,0,72.95,190.0990028,9.017,13.9505248043675,32,2010-08-06
1450668.1291608391,2,31,8,2010,0,0,84.92,210.2614925,8.36,14.159093645311183,39,2010-08-06
302748.86601398606,0,31,8,2010,0,0,81.24,126.0854516,7.804,12.600832287408872,44,2010-08-06
1028501.0389510489,1,31,8,2010,0,0,74.37,136.4741118,8.433,13.82578473736294,22,2010-08-06
1002911.8446853146,1,31,8,2010,0,0,62.93,132.6141935,8.445,13.933587568183679,26,2010-08-06
539451.4287412588,0,31,8,2010,0,0,74.37,132.6141935,10.409,13.161178104310192,29,2010-08-06
1268125.418811189,1,31,8,2010,0,0,69.21,190.0990028,7.335,14.106786454885889,41,2010-08-06
1925751.3355244757,2,31,8,2010,0,0,89.53,211.1608049,8.099,14.504605027373088,2,2010-08-06
2020978.4009790209,2,31,8,2010,0,0,77.17,182.5320862,8.743,14.612934191798693,14,2010-08-06
1899424.5726573425,2,31,8,2010,0,0,86.13,126.0854516,9.199,14.482948618089763,10,2010-08-06
1555264.3975524476,2,31,8,2010,0,0,87.16,211.5046621,7.787,14.288941295460173,1,2010-08-06
2094712.9606993007,2,31,8,2010,0,0,76.53,126.0854516,7.372,14.461377213775567,4,2010-08-06
633324.7231468532,0,31,8,2010,0,0,84.66,203.4173387,9.816,13.456743512821454,43,2010-08-06
1356755.3935664336,2,31,8,2010,0,0,74.54,132.6141935,8.117,14.182110283914954,24,2010-08-06
893581.3904195804,1,31,8,2010,0,0,70.53,126.0854516,6.697,13.586477409471618,17,2010-08-06
908749.5183916084,1,31,8,2010,0,0,80.37,214.8807793,6.315,13.702790549775763,8,2010-08-06
964128.0404895104,1,31,8,2010,0,0,69.16,132.6141935,5.326,13.87122608634548,40,2010-08-06
402704.44104895106,0,31,8,2010,0,0,85.13,214.8341952,7.346,12.905790094527342,3,2010-08-06
556403.863146853,0,31,8,2010,0,0,86.13,126.0854516,9.199,13.26999895424952,42,2010-08-06
2107676.8703496503,2,31,8,2010,0,0,74.57,204.7293252,7.527,14.462707188332146,20,2010-08-06
966781.5594405595,1,31,8,2010,0,0,73.8,126.0854516,9.816,13.802867317983853,34,2010-08-06
706721.5326573426,1,31,8,2010,0,0,71.79,204.7293252,7.527,13.458071650851403,25,2010-08-06
318011.8104895105,0,31,8,2010,0,0,86.1,212.0624447,6.496,12.621633354467365,5,2010-08-06
259861.69202797202,0,31,8,2010,0,0,92.51,126.0854516,9.495,12.479114128165536,33,2010-08-06
519247.7300699301,0,31,8,2010,0,0,67.42,190.0990028,6.868,13.28267353435902,16,2010-08-06
373511.9927972028,0,31,8,2010,0,0,85.49,210.2614925,8.36,13.055034706082065,36,2010-08-06
756069.0833566433,1,31,8,2010,0,0,90.3,211.1608049,8.099,13.513432275568706,21,2010-08-06
543980.5523776223,0,31,8,2010,0,0,87.09,215.064843,6.442,13.166985725424638,9,2010-08-06
623312.474965035,0,31,8,2010,0,0,72.7,132.6141935,8.099,13.368679932654159,15,2010-08-06
438579.6162237762,0,31,8,2010,0,0,90.3,211.1608049,8.099,12.997725032719618,30,2010-08-06
919724.9795804196,1,31,8,2010,0,0,77.45,136.4741118,8.861,13.981181246945965,35,2010-08-06
785981.4085314686,1,31,8,2010,0,0,77.17,182.5320862,8.743,13.523175436852481,45,2010-08-06
2003620.3062937064,2,31,8,2010,0,0,81.24,126.0854516,7.951,14.493098544616002,13,2010-08-06
385731.6532867133,0,31,8,2010,0,0,92.95,126.0854516,14.18,12.844170645077368,38,2010-08-06
1009001.6094405595,1,31,8,2010,0,0,92.95,126.0854516,14.18,13.78255126911606,12,2010-08-06
518900.2819580419,0,31,8,2010,0,0,85.49,210.2614925,8.36,13.139373127856098,37,2010-08-06
518900.2819580419,0,32,8,2010,0,0,86.06,210.3943056,8.36,13.105861629406839,37,2010-08-13
2020978.4009790209,2,32,8,2010,0,0,78.44,182.6226346,8.743,14.534805784140847,14,2010-08-13
893581.3904195804,1,32,8,2010,0,0,65.17,126.064,6.697,13.541068685934093,17,2010-08-13
570617.3086713287,0,32,8,2010,0,0,60.13,190.2611552,9.017,13.301657690048263,7,2010-08-13
1166568.154965035,1,32,8,2010,0,0,74.97,190.2611552,9.017,13.962184798743044,32,2010-08-13
402704.44104895106,0,32,8,2010,0,0,86.74,214.9730444,7.346,12.73551896308993,3,2010-08-13
756069.0833566433,1,32,8,2010,0,0,89.65,211.2951413,8.099,13.584322460884307,21,2010-08-13
1925751.3355244757,2,32,8,2010,0,0,89.05,211.2951413,8.099,14.455047050526769,2,2010-08-13
438579.6162237762,0,32,8,2010,0,0,89.65,211.2951413,8.099,13.003942545899408,30,2010-08-13
1899424.5726573425,2,32,8,2010,0,0,88.37,126.064,9.199,14.489983301581905,10,2010-08-13
2003620.3062937064,2,32,8,2010,0,0,74.93,126.064,7.951,14.445501488276578,13,2010-08-13
302748.86601398606,0,32,8,2010,0,0,74.93,126.064,7.804,12.581178506793137,44,2010-08-13
1028501.0389510489,1,32,8,2010,0,0,74.75,136.4928214,8.433,13.808585061981933,22,2010-08-13
259861.69202797202,0,32,8,2010,0,0,95.57,126.064,9.495,12.488874742747957,33,2010-08-13
706721.5326573426,1,32,8,2010,0,0,72.73,204.8533784,7.527,13.43873988349309,25,2010-08-13
373511.9927972028,0,32,8,2010,0,0,86.06,210.3943056,8.36,13.061419029480948,36,2010-08-13
1775216.2019580419,2,32,8,2010,0,0,77.36,136.4928214,7.982,14.438469753173106,27,2010-08-13
633324.7231468532,0,32,8,2010,0,0,86.31,203.5385,9.816,13.47791096011012,43,2010-08-13
919724.9795804196,1,32,8,2010,0,0,77.36,136.4928214,8.861,13.902228016764184,35,2010-08-13
1009001.6094405595,1,32,8,2010,0,0,87.01,126.064,14.18,13.741072962259908,12,2010-08-13
385731.6532867133,0,32,8,2010,0,0,87.01,126.064,14.18,12.740815127408286,38,2010-08-13
519247.7300699301,0,32,8,2010,0,0,63.91,190.2611552,6.868,13.206261357800688,16,2010-08-13
623312.474965035,0,32,8,2010,0,0,72.17,132.63,8.099,13.341399432494025,15,2010-08-13
785981.4085314686,1,32,8,2010,0,0,78.44,182.6226346,8.743,13.490144908226988,45,2010-08-13
1564728.1862937063,2,32,8,2010,0,0,86.83,213.1677529,6.973,14.252252073291801,6,2010-08-13
966781.5594405595,1,32,8,2010,0,0,76.72,126.064,9.816,13.765489769387147,34,2010-08-13
964128.0404895104,1,32,8,2010,0,0,67.47,132.63,5.326,13.73648116005228,40,2010-08-13
1356755.3935664336,2,32,8,2010,0,0,74.17,132.63,8.117,14.140665242010511,24,2010-08-13
543980.5523776223,0,32,8,2010,0,0,86.85,215.2039756,6.442,13.085489786004478,9,2010-08-13
318011.8104895105,0,32,8,2010,0,0,87.41,212.1978889,6.496,12.56541824509136,5,2010-08-13
556403.863146853,0,32,8,2010,0,0,88.37,126.064,9.199,13.276081340766178,42,2010-08-13
2094712.9606993007,2,32,8,2010,0,0,78.08,126.064,7.372,14.512177412199417,4,2010-08-13
2107676.8703496503,2,32,8,2010,0,0,75.98,204.8533784,7.527,14.543553463345967,20,2010-08-13
1389864.4604895106,2,32,8,2010,0,0,67.43,132.63,5.326,14.112905534570883,23,2010-08-13
908749.5183916084,1,32,8,2010,0,0,80.11,215.0196857,6.315,13.673855065454086,8,2010-08-13
1323522.241818182,1,32,8,2010,0,0,87.01,126.064,14.18,14.013286322609384,28,2010-08-13
1395901.437062937,2,32,8,2010,0,0,89.65,211.2951413,8.099,14.09897399949249,31,2010-08-13
1002911.8446853146,1,32,8,2010,0,0,61.58,132.63,8.445,13.827379136911492,26,2010-08-13
1268125.418811189,1,32,8,2010,0,0,70.24,190.2611552,7.335,14.067029710843226,41,2010-08-13
1356383.1244755245,2,32,8,2010,0,0,87.73,214.9730444,7.346,14.140734121965583,11,2010-08-13
1555264.3975524476,2,32,8,2010,0,0,87.0,211.6394211,7.787,14.226453143929806,1,2010-08-13
539451.4287412588,0,32,8,2010,0,0,74.75,132.63,10.409,13.112858347390024,29,2010-08-13
1450668.1291608391,2,32,8,2010,0,0,85.66,210.3943056,8.36,14.131391279913757,39,2010-08-13
1084718.421048951,1,32,8,2010,0,0,74.19,132.63,9.342,13.896835931900382,18,2010-08-13
1444999.0356643356,2,32,8,2010,0,0,72.71,132.63,8.099,14.164777788416929,19,2010-08-13
2094712.9606993007,2,33,8,2010,0,0,78.83,126.0766452,7.372,14.507247790013807,4,2010-08-20
1084718.421048951,1,33,8,2010,0,0,71.76,132.6616129,9.342,13.948170532264113,18,2010-08-20
1775216.2019580419,2,33,8,2010,0,0,75.16,136.5249182,7.982,14.476588710199781,27,2010-08-20
402704.44104895106,0,33,8,2010,0,0,88.02,214.9314191,7.346,12.770616868752285,3,2010-08-20
964128.0404895104,1,33,8,2010,0,0,67.05,132.6616129,5.326,13.745515041139294,40,2010-08-20
2107676.8703496503,2,33,8,2010,0,0,75.34,204.8217044,7.527,14.496269095201841,20,2010-08-20
539451.4287412588,0,33,8,2010,0,0,73.21,132.6616129,10.409,13.183724085889546,29,2010-08-20
519247.7300699301,0,33,8,2010,0,0,63.59,190.2948237,6.868,13.16449899194788,16,2010-08-20
1389864.4604895106,2,33,8,2010,0,0,68.65,132.6616129,5.326,14.180085648405328,23,2010-08-20
706721.5326573426,1,33,8,2010,0,0,71.81,204.8217044,7.527,13.493238158754671,25,2010-08-20
438579.6162237762,0,33,8,2010,0,0,89.58,211.2596586,8.099,13.010628812811461,30,2010-08-20
1555264.3975524476,2,33,8,2010,0,0,86.65,211.6033633,7.787,14.229658851201133,1,2010-08-20
302748.86601398606,0,33,8,2010,0,0,76.34,126.0766452,7.804,12.559337030117618,44,2010-08-20
385731.6532867133,0,33,8,2010,0,0,92.81,126.0766452,14.18,12.704240689048111,38,2010-08-20
1009001.6094405595,1,33,8,2010,0,0,92.81,126.0766452,14.18,13.762582601929287,12,2010-08-20
908749.5183916084,1,33,8,2010,0,0,79.36,214.9779825,6.315,13.677026854293826,8,2010-08-20
623312.474965035,0,33,8,2010,0,0,71.1,132.6616129,8.099,13.36466847213298,15,2010-08-20
919724.9795804196,1,33,8,2010,0,0,75.16,136.5249182,8.861,13.848674988032563,35,2010-08-20
1899424.5726573425,2,33,8,2010,0,0,89.88,126.0766452,9.199,14.500218003945777,10,2010-08-20
1395901.437062937,2,33,8,2010,0,0,89.58,211.2596586,8.099,14.135107061324355,31,2010-08-20
966781.5594405595,1,33,8,2010,0,0,76.45,126.0766452,9.816,13.800553192207072,34,2010-08-20
1268125.418811189,1,33,8,2010,0,0,66.19,190.2948237,7.335,14.118455106511636,41,2010-08-20
556403.863146853,0,33,8,2010,0,0,89.88,126.0766452,9.199,13.124254847446496,42,2010-08-20
1323522.241818182,1,33,8,2010,0,0,92.81,126.0766452,14.18,13.99440842728977,28,2010-08-20
1564728.1862937063,2,33,8,2010,0,0,87.36,213.1291427,6.973,14.247248492881043,6,2010-08-20
633324.7231468532,0,33,8,2010,0,0,85.26,203.5092419,9.816,13.477054480832104,43,2010-08-20
893581.3904195804,1,33,8,2010,0,0,67.04,126.0766452,6.697,13.572075902568523,17,2010-08-20
1356383.1244755245,2,33,8,2010,0,0,88.93,214.9314191,7.346,14.173320216870403,11,2010-08-20
518900.2819580419,0,33,8,2010,0,0,85.54,210.3617581,8.36,13.09587918689623,37,2010-08-20
1002911.8446853146,1,33,8,2010,0,0,62.68,132.6616129,8.445,13.822869772396583,26,2010-08-20
318011.8104895105,0,33,8,2010,0,0,87.71,212.1608984,6.496,12.567956330394148,5,2010-08-20
373511.9927972028,0,33,8,2010,0,0,85.54,210.3617581,8.36,12.989862082618236,36,2010-08-20
1028501.0389510489,1,33,8,2010,0,0,73.21,136.5249182,8.433,13.832413337704955,22,2010-08-20
570617.3086713287,0,33,8,2010,0,0,59.59,190.2948237,9.017,13.274834081147386,7,2010-08-20
2020978.4009790209,2,33,8,2010,0,0,76.01,182.6165205,8.743,14.536826891183873,14,2010-08-20
2003620.3062937064,2,33,8,2010,0,0,76.34,126.0766452,7.951,14.507356206899276,13,2010-08-20
1925751.3355244757,2,33,8,2010,0,0,88.7,211.2596586,8.099,14.490664949781772,2,2010-08-20
1444999.0356643356,2,33,8,2010,0,0,72.22,132.6616129,8.099,14.165733666501756,19,2010-08-20
1166568.154965035,1,33,8,2010,0,0,71.46,190.2948237,9.017,13.989370465768149,32,2010-08-20
259861.69202797202,0,33,8,2010,0,0,96.46,126.0766452,9.495,12.348095031177357,33,2010-08-20
1450668.1291608391,2,33,8,2010,0,0,85.73,210.3617581,8.36,14.202008603195063,39,2010-08-20
1356755.3935664336,2,33,8,2010,0,0,72.17,132.6616129,8.117,14.134188656637798,24,2010-08-20
543980.5523776223,0,33,8,2010,0,0,86.3,215.1619646,6.442,13.12101522906059,9,2010-08-20
756069.0833566433,1,33,8,2010,0,0,89.58,211.2596586,8.099,13.651666374234317,21,2010-08-20
785981.4085314686,1,33,8,2010,0,0,76.01,182.6165205,8.743,13.471003131496081,45,2010-08-20
1028501.0389510489,1,34,8,2010,0,0,68.99,136.557015,8.433,13.893787362733288,22,2010-08-27
1925751.3355244757,2,34,8,2010,0,0,87.12,211.2241759,8.099,14.438150233058128,2,2010-08-27
1356383.1244755245,2,34,8,2010,0,0,87.7,214.8897938,7.346,14.086502168854333,11,2010-08-27
1389864.4604895106,2,34,8,2010,0,0,63.25,132.6932258,5.326,14.275857940359902,23,2010-08-27
1555264.3975524476,2,34,8,2010,0,0,85.22,211.5673056,7.787,14.186483540042047,1,2010-08-27
1268125.418811189,1,34,8,2010,0,0,70.59,190.3284922,7.335,13.975188190297498,41,2010-08-27
570617.3086713287,0,34,8,2010,0,0,57.57,190.3284922,9.017,13.225479808987934,7,2010-08-27
893581.3904195804,1,34,8,2010,0,0,65.03,126.0892903,6.697,13.595592910323258,17,2010-08-27
919724.9795804196,1,34,8,2010,0,0,70.31,136.557015,8.861,13.729619346082659,35,2010-08-27
1009001.6094405595,1,34,8,2010,0,0,93.19,126.0892903,14.18,13.820017844868046,12,2010-08-27
966781.5594405595,1,34,8,2010,0,0,72.87,126.0892903,9.816,13.659350649321329,34,2010-08-27
1084718.421048951,1,34,8,2010,0,0,67.05,132.6932258,9.342,14.009681433471275,18,2010-08-27
302748.86601398606,0,34,8,2010,0,0,75.31,126.0892903,7.804,12.58846044241266,44,2010-08-27
706721.5326573426,1,34,8,2010,0,0,67.15,204.7900305,7.527,13.475078622071162,25,2010-08-27
373511.9927972028,0,34,8,2010,0,0,84.62,210.3292106,8.36,12.928904178702313,36,2010-08-27
785981.4085314686,1,34,8,2010,0,0,71.36,182.6104063,8.743,13.489427627119767,45,2010-08-27
2003620.3062937064,2,34,8,2010,0,0,75.31,126.0892903,7.951,14.461712488204158,13,2010-08-27
259861.69202797202,0,34,8,2010,0,0,94.0,126.0892903,9.495,12.319545025869694,33,2010-08-27
964128.0404895104,1,34,8,2010,0,0,62.57,132.6932258,5.326,13.734657293545023,40,2010-08-27
1356755.3935664336,2,34,8,2010,0,0,67.0,132.6932258,8.117,14.115659853119135,24,2010-08-27
539451.4287412588,0,34,8,2010,0,0,68.99,132.6932258,10.409,13.209947661917765,29,2010-08-27
1564728.1862937063,2,34,8,2010,0,0,85.71,213.0905324,6.973,14.18760302277592,6,2010-08-27
633324.7231468532,0,34,8,2010,0,0,80.32,203.4799839,9.816,13.392826587462736,43,2010-08-27
1323522.241818182,1,34,8,2010,0,0,93.19,126.0892903,14.18,13.990796522923153,28,2010-08-27
756069.0833566433,1,34,8,2010,0,0,86.2,211.2241759,8.099,13.659889629517675,21,2010-08-27
385731.6532867133,0,34,8,2010,0,0,93.19,126.0892903,14.18,12.685003681630572,38,2010-08-27
2107676.8703496503,2,34,8,2010,0,0,70.51,204.7900305,7.527,14.48147695011519,20,2010-08-27
519247.7300699301,0,34,8,2010,0,0,65.66,190.3284922,6.868,13.272525863520439,16,2010-08-27
518900.2819580419,0,34,8,2010,0,0,84.62,210.3292106,8.36,13.146388938296884,37,2010-08-27
2020978.4009790209,2,34,8,2010,0,0,71.36,182.6104063,8.743,14.518772941923777,14,2010-08-27
2094712.9606993007,2,34,8,2010,0,0,74.44,126.0892903,7.372,14.429833619736229,4,2010-08-27
402704.44104895106,0,34,8,2010,0,0,86.15,214.8897938,7.346,12.799772597990346,3,2010-08-27
1395901.437062937,2,34,8,2010,0,0,86.2,211.2241759,8.099,14.098147158402076,31,2010-08-27
908749.5183916084,1,34,8,2010,0,0,74.92,214.9362793,6.315,13.69764752160792,8,2010-08-27
623312.474965035,0,34,8,2010,0,0,65.07,132.6932258,8.099,13.384407821503968,15,2010-08-27
1166568.154965035,1,34,8,2010,0,0,74.95,190.3284922,9.017,13.946979100626082,32,2010-08-27
318011.8104895105,0,34,8,2010,0,0,87.05,212.123908,6.496,12.572522286087404,5,2010-08-27
556403.863146853,0,34,8,2010,0,0,84.99,126.0892903,9.199,13.051929131922504,42,2010-08-27
543980.5523776223,0,34,8,2010,0,0,84.01,215.1199536,6.442,13.135853297898604,9,2010-08-27
1444999.0356643356,2,34,8,2010,0,0,66.4,132.6932258,8.099,14.25884236039171,19,2010-08-27
1450668.1291608391,2,34,8,2010,0,0,84.31,210.3292106,8.36,14.16441725807533,39,2010-08-27
1002911.8446853146,1,34,8,2010,0,0,57.23,132.6932258,8.445,13.792573012342464,26,2010-08-27
1899424.5726573425,2,34,8,2010,0,0,84.99,126.0892903,9.199,14.362224282510013,10,2010-08-27
1775216.2019580419,2,34,8,2010,0,0,70.31,136.557015,7.982,14.441815344174348,27,2010-08-27
438579.6162237762,0,34,8,2010,0,0,86.2,211.2241759,8.099,13.003155832616416,30,2010-08-27
1564728.1862937063,2,35,9,2010,0,0,82.15,213.0519222,6.973,14.228233477656952,6,2010-09-03
519247.7300699301,0,35,9,2010,0,0,58.02,190.3621607,6.868,13.203185270664685,16,2010-09-03
373511.9927972028,0,35,9,2010,0,0,82.29,210.2966631,8.36,12.974548633078781,36,2010-09-03
893581.3904195804,1,35,9,2010,0,0,57.86,126.1019355,6.697,13.634437896975193,17,2010-09-03
1268125.418811189,1,35,9,2010,0,0,64.13,190.3621607,7.335,14.017108868513034,41,2010-09-03
633324.7231468532,0,35,9,2010,0,0,80.43,203.4507258,9.816,13.443472358406563,43,2010-09-03
2003620.3062937064,2,35,9,2010,0,0,65.71,126.1019355,7.951,14.463583790163216,13,2010-09-03
966781.5594405595,1,35,9,2010,0,0,72.59,126.1019355,9.816,13.779217604337324,34,2010-09-03
1009001.6094405595,1,35,9,2010,0,0,83.12,126.1019355,14.18,13.888537528188747,12,2010-09-03
385731.6532867133,0,35,9,2010,0,0,83.12,126.1019355,14.18,12.840259186274933,38,2010-09-03
1356383.1244755245,2,35,9,2010,0,0,84.94,214.8481685,7.346,14.080882042363774,11,2010-09-03
1084718.421048951,1,35,9,2010,0,0,75.42,132.7248387,9.342,13.987243561701257,18,2010-09-03
518900.2819580419,0,35,9,2010,0,0,82.29,210.2966631,8.36,13.143005906785943,37,2010-09-03
1002911.8446853146,1,35,9,2010,0,0,66.93,132.7248387,8.445,13.852373407000977,26,2010-09-03
570617.3086713287,0,35,9,2010,0,0,49.84,190.3621607,9.017,13.185837676208143,7,2010-09-03
318011.8104895105,0,35,9,2010,0,0,84.06,212.0869176,6.496,12.687878231894775,5,2010-09-03
2020978.4009790209,2,35,9,2010,0,0,78.37,182.6042922,8.743,14.596011192832064,14,2010-09-03
2094712.9606993007,2,35,9,2010,0,0,76.8,126.1019355,7.372,14.476061496629898,4,2010-09-03
908749.5183916084,1,35,9,2010,0,0,76.14,214.894576,6.315,13.709079992229235,8,2010-09-03
1444999.0356643356,2,35,9,2010,0,0,74.69,132.7248387,8.099,14.300107583718017,19,2010-09-03
1028501.0389510489,1,35,9,2010,0,0,75.85,136.5891118,8.433,13.887400317416587,22,2010-09-03
543980.5523776223,0,35,9,2010,0,0,82.47,215.0779426,6.442,13.144222829162558,9,2010-09-03
1356755.3935664336,2,35,9,2010,0,0,73.52,132.7248387,8.117,14.127677367743324,24,2010-09-03
1925751.3355244757,2,35,9,2010,0,0,81.83,211.1886931,8.099,14.459787343386369,2,2010-09-03
785981.4085314686,1,35,9,2010,0,0,78.37,182.6042922,8.743,13.57997263781776,45,2010-09-03
1166568.154965035,1,35,9,2010,0,0,70.2,190.3621607,9.017,13.907117078591444,32,2010-09-03
1450668.1291608391,2,35,9,2010,0,0,82.13,210.2966631,8.36,14.11202992375589,39,2010-09-03
964128.0404895104,1,35,9,2010,0,0,70.66,132.7248387,5.326,13.791683269373078,40,2010-09-03
259861.69202797202,0,35,9,2010,0,0,90.82,126.1019355,9.495,12.377530488630493,33,2010-09-03
1323522.241818182,1,35,9,2010,0,0,83.12,126.1019355,14.18,14.236462923644597,28,2010-09-03
2107676.8703496503,2,35,9,2010,0,0,75.5,204.7583566,7.527,14.567663361056539,20,2010-09-03
402704.44104895106,0,35,9,2010,0,0,84.16,214.8481685,7.346,12.811685503297255,3,2010-09-03
556403.863146853,0,35,9,2010,0,0,83.8,126.1019355,9.199,13.17050392109225,42,2010-09-03
1395901.437062937,2,35,9,2010,0,0,82.57,211.1886931,8.099,14.079449336080486,31,2010-09-03
302748.86601398606,0,35,9,2010,0,0,65.71,126.1019355,7.804,12.597713031013011,44,2010-09-03
623312.474965035,0,35,9,2010,0,0,73.17,132.7248387,8.099,13.367109049679867,15,2010-09-03
1555264.3975524476,2,35,9,2010,0,0,81.21,211.5312479,7.787,14.247399806345413,1,2010-09-03
1899424.5726573425,2,35,9,2010,0,0,83.8,126.1019355,9.199,14.384415892712306,10,2010-09-03
706721.5326573426,1,35,9,2010,0,0,71.17,204.7583566,7.527,13.438197068304028,25,2010-09-03
919724.9795804196,1,35,9,2010,0,0,78.52,136.5891118,8.861,13.762807628402475,35,2010-09-03
438579.6162237762,0,35,9,2010,0,0,82.57,211.1886931,8.099,13.042345626086046,30,2010-09-03
1775216.2019580419,2,35,9,2010,0,0,78.52,136.5891118,7.982,14.461624777069396,27,2010-09-03
1389864.4604895106,2,35,9,2010,0,0,72.91,132.7248387,5.326,14.155633430042563,23,2010-09-03
756069.0833566433,1,35,9,2010,0,0,82.57,211.1886931,8.099,13.497745564611424,21,2010-09-03
539451.4287412588,0,35,9,2010,0,0,75.85,132.7248387,10.409,13.269529804017841,29,2010-09-03
1028501.0389510489,1,36,9,2010,0,1,68.6,136.6212085,8.433,13.736657159448812,22,2010-09-10
1356755.3935664336,2,36,9,2010,0,1,67.11,132.7564516,8.117,14.20382922917707,24,2010-09-10
438579.6162237762,0,36,9,2010,0,1,79.3,211.1532104,8.099,13.028412896789954,30,2010-09-10
1925751.3355244757,2,36,9,2010,0,1,79.09,211.1532104,8.099,14.424803099245695,2,2010-09-10
706721.5326573426,1,36,9,2010,0,1,61.14,204.7266827,7.527,13.393630890071766,25,2010-09-10
785981.4085314686,1,36,9,2010,0,1,70.87,182.598178,8.743,13.489033906617777,45,2010-09-10
543980.5523776223,0,36,9,2010,0,1,77.7,215.0359315,6.442,13.091566380916575,9,2010-09-10
1166568.154965035,1,36,9,2010,0,1,68.44,190.3958293,9.017,13.8437445898811,32,2010-09-10
1450668.1291608391,2,36,9,2010,0,1,79.94,210.2641156,8.36,14.062110813082276,39,2010-09-10
1268125.418811189,1,36,9,2010,0,1,63.3,190.3958293,7.335,13.97479654663604,41,2010-09-10
556403.863146853,0,36,9,2010,0,1,84.04,126.1145806,9.199,13.28633771528133,42,2010-09-10
302748.86601398606,0,36,9,2010,0,1,65.74,126.1145806,7.804,12.554812645907736,44,2010-09-10
1444999.0356643356,2,36,9,2010,0,1,63.36,132.7564516,8.099,14.28015886679535,19,2010-09-10
1899424.5726573425,2,36,9,2010,0,1,84.04,126.1145806,9.199,14.358143655755018,10,2010-09-10
1002911.8446853146,1,36,9,2010,0,1,54.82,132.7564516,8.445,13.85687061570255,26,2010-09-10
318011.8104895105,0,36,9,2010,0,1,79.86,212.0499271,6.496,12.633084219041757,5,2010-09-10
1564728.1862937063,2,36,9,2010,0,1,78.78,213.013312,6.973,14.16913937516615,6,2010-09-10
1775216.2019580419,2,36,9,2010,0,1,70.38,136.6212085,7.982,14.464442394140766,27,2010-09-10
633324.7231468532,0,36,9,2010,0,1,81.32,203.4214677,9.816,13.489948049253401,43,2010-09-10
1323522.241818182,1,36,9,2010,0,1,83.63,126.1145806,14.18,14.035499675278773,28,2010-09-10
1555264.3975524476,2,36,9,2010,0,1,78.69,211.4951902,7.787,14.22593779432524,1,2010-09-10
908749.5183916084,1,36,9,2010,0,1,74.34,214.8528728,6.315,13.630897818414562,8,2010-09-10
259861.69202797202,0,36,9,2010,0,1,91.77,126.1145806,9.495,12.516625721229486,33,2010-09-10
373511.9927972028,0,36,9,2010,0,1,80.58,210.2641156,8.36,12.98188765434834,36,2010-09-10
385731.6532867133,0,36,9,2010,0,1,83.63,126.1145806,14.18,12.725546832425191,38,2010-09-10
756069.0833566433,1,36,9,2010,0,1,79.3,211.1532104,8.099,13.421069674176252,21,2010-09-10
1009001.6094405595,1,36,9,2010,0,1,83.63,126.1145806,14.18,13.713610747153606,12,2010-09-10
966781.5594405595,1,36,9,2010,0,1,72.61,126.1145806,9.816,13.745347673707819,34,2010-09-10
2003620.3062937064,2,36,9,2010,0,1,65.74,126.1145806,7.951,14.387701201384562,13,2010-09-10
919724.9795804196,1,36,9,2010,0,1,70.38,136.6212085,8.861,13.776444292083399,35,2010-09-10
519247.7300699301,0,36,9,2010,0,1,57.24,190.3958293,6.868,13.194720447623478,16,2010-09-10
1356383.1244755245,2,36,9,2010,0,1,81.93,214.8065431,7.346,14.023686215162028,11,2010-09-10
623312.474965035,0,36,9,2010,0,1,62.36,132.7564516,8.099,13.372290933311067,15,2010-09-10
1395901.437062937,2,36,9,2010,0,1,79.3,211.1532104,8.099,14.084147431498565,31,2010-09-10
402704.44104895106,0,36,9,2010,0,1,80.84,214.8065431,7.346,12.772130410730764,3,2010-09-10
893581.3904195804,1,36,9,2010,0,1,56.28,126.1145806,6.697,13.998572906970578,17,2010-09-10
518900.2819580419,0,36,9,2010,0,1,80.58,210.2641156,8.36,13.142748325315022,37,2010-09-10
1389864.4604895106,2,36,9,2010,0,1,63.21,132.7564516,5.326,14.056764207015037,23,2010-09-10
2020978.4009790209,2,36,9,2010,0,1,70.87,182.598178,8.743,14.600219428784566,14,2010-09-10
1084718.421048951,1,36,9,2010,0,1,67.09,132.7564516,9.342,13.82665039889152,18,2010-09-10
539451.4287412588,0,36,9,2010,0,1,68.6,132.7564516,10.409,13.104792652360288,29,2010-09-10
2107676.8703496503,2,36,9,2010,0,1,65.02,204.7266827,7.527,14.516107812675575,20,2010-09-10
2094712.9606993007,2,36,9,2010,0,1,73.54,126.1145806,7.372,14.43921216279645,4,2010-09-10
964128.0404895104,1,36,9,2010,0,1,62.75,132.7564516,5.326,13.782276183676254,40,2010-09-10
570617.3086713287,0,36,9,2010,0,1,48.5,190.3958293,9.017,13.191460840754694,7,2010-09-10
1389864.4604895106,2,37,9,2010,0,0,55.3,132.7670667,5.326,13.963183370210363,23,2010-09-17
633324.7231468532,0,37,9,2010,0,0,78.86,203.4499286,9.816,13.493987676819506,43,2010-09-17
385731.6532867133,0,37,9,2010,0,0,82.45,126.1454667,14.18,12.725622670787091,38,2010-09-17
1009001.6094405595,1,37,9,2010,0,0,82.45,126.1454667,14.18,13.65637836933278,12,2010-09-17
966781.5594405595,1,37,9,2010,0,0,70.71,126.1454667,9.816,13.693847282655556,34,2010-09-17
1564728.1862937063,2,37,9,2010,0,0,81.78,213.0398643,6.973,14.084421614575753,6,2010-09-17
1775216.2019580419,2,37,9,2010,0,0,64.5,136.6338071,7.982,14.304077971476556,27,2010-09-17
318011.8104895105,0,37,9,2010,0,0,82.28,212.0769346,6.496,12.551644957721994,5,2010-09-17
919724.9795804196,1,37,9,2010,0,0,64.5,136.6338071,8.861,13.630919960844258,35,2010-09-17
908749.5183916084,1,37,9,2010,0,0,75.32,214.8785562,6.315,13.637231439495588,8,2010-09-17
2094712.9606993007,2,37,9,2010,0,0,64.91,126.1454667,7.372,14.45734371234282,4,2010-09-17
2107676.8703496503,2,37,9,2010,0,0,65.28,204.7513279,7.527,14.482498951375035,20,2010-09-17
1444999.0356643356,2,37,9,2010,0,0,58.68,132.7670667,8.099,14.142502505459682,19,2010-09-17
556403.863146853,0,37,9,2010,0,0,85.52,126.1454667,9.199,13.193516064143559,42,2010-09-17
964128.0404895104,1,37,9,2010,0,0,55.34,132.7670667,5.326,13.658912828217712,40,2010-09-17
1356755.3935664336,2,37,9,2010,0,0,60.31,132.7670667,8.117,14.057119733380171,24,2010-09-17
785981.4085314686,1,37,9,2010,0,0,66.55,182.622509,8.743,13.482815191979322,45,2010-09-17
623312.474965035,0,37,9,2010,0,0,57.94,132.7670667,8.099,13.276305812693055,15,2010-09-17
543980.5523776223,0,37,9,2010,0,0,81.19,215.0615285,6.442,13.046452898634259,9,2010-09-17
1555264.3975524476,2,37,9,2010,0,0,82.11,211.5224596,7.787,14.173450470492778,1,2010-09-17
893581.3904195804,1,37,9,2010,0,0,58.53,126.1454667,6.697,13.677701744490486,17,2010-09-17
539451.4287412588,0,37,9,2010,0,0,62.49,132.7670667,10.409,13.047109281008764,29,2010-09-17
1395901.437062937,2,37,9,2010,0,0,83.03,211.1806415,8.099,14.073330674953215,31,2010-09-17
1356383.1244755245,2,37,9,2010,0,0,83.04,214.8322484,7.346,14.010811936225593,11,2010-09-17
1323522.241818182,1,37,9,2010,0,0,82.45,126.1454667,14.18,13.963769644963508,28,2010-09-17
706721.5326573426,1,37,9,2010,0,0,60.13,204.7513279,7.527,13.351872036372376,25,2010-09-17
2020978.4009790209,2,37,9,2010,0,0,66.55,182.622509,8.743,14.485154104443678,14,2010-09-17
438579.6162237762,0,37,9,2010,0,0,83.03,211.1806415,8.099,13.043448278740726,30,2010-09-17
518900.2819580419,0,37,9,2010,0,0,82.1,210.2924504,8.36,13.124865045621378,37,2010-09-17
373511.9927972028,0,37,9,2010,0,0,82.1,210.2924504,8.36,13.027382605339318,36,2010-09-17
1028501.0389510489,1,37,9,2010,0,0,62.49,136.6338071,8.433,13.730265224238178,22,2010-09-17
519247.7300699301,0,37,9,2010,0,0,56.55,190.4688287,6.868,13.165519643790933,16,2010-09-17
2003620.3062937064,2,37,9,2010,0,0,66.84,126.1454667,7.951,14.397883003507973,13,2010-09-17
1925751.3355244757,2,37,9,2010,0,0,82.05,211.1806415,8.099,14.399905142929393,2,2010-09-17
570617.3086713287,0,37,9,2010,0,0,48.56,190.4688287,9.017,13.10095490262498,7,2010-09-17
1166568.154965035,1,37,9,2010,0,0,67.17,190.4688287,9.017,13.858534951023408,32,2010-09-17
302748.86601398606,0,37,9,2010,0,0,66.84,126.1454667,7.804,12.540274914866831,44,2010-09-17
1084718.421048951,1,37,9,2010,0,0,60.94,132.7670667,9.342,13.813507763710122,18,2010-09-17
1268125.418811189,1,37,9,2010,0,0,62.4,190.4688287,7.335,13.92092579112507,41,2010-09-17
1899424.5726573425,2,37,9,2010,0,0,85.52,126.1454667,9.199,14.355947475797972,10,2010-09-17
402704.44104895106,0,37,9,2010,0,0,82.36,214.8322484,7.346,12.802338923346138,3,2010-09-17
1002911.8446853146,1,37,9,2010,0,0,50.08,132.7670667,8.445,13.735898682469225,26,2010-09-17
259861.69202797202,0,37,9,2010,0,0,89.43,126.1454667,9.495,12.414216989035197,33,2010-09-17
756069.0833566433,1,37,9,2010,0,0,83.03,211.1806415,8.099,13.436212867070243,21,2010-09-17
1450668.1291608391,2,37,9,2010,0,0,81.83,210.2924504,8.36,14.040984535724164,39,2010-09-17
402704.44104895106,0,38,9,2010,0,0,76.9,214.9084516,7.346,12.781640154128937,3,2010-09-24
570617.3086713287,0,38,9,2010,0,0,47.55,190.5713264,9.017,13.098090828075032,7,2010-09-24
756069.0833566433,1,38,9,2010,0,0,80.79,211.2552578,8.099,13.41755080408942,21,2010-09-24
518900.2819580419,0,38,9,2010,0,0,79.17,210.3664469,8.36,13.110830083926654,37,2010-09-24
919724.9795804196,1,38,9,2010,0,0,67.08,136.6317821,8.861,13.538532037573827,35,2010-09-24
1268125.418811189,1,38,9,2010,0,0,60.11,190.5713264,7.335,13.92071956414512,41,2010-09-24
964128.0404895104,1,38,9,2010,0,0,55.63,132.7619333,5.326,13.646351170523802,40,2010-09-24
438579.6162237762,0,38,9,2010,0,0,80.79,211.2552578,8.099,13.013425738128364,30,2010-09-24
539451.4287412588,0,38,9,2010,0,0,65.14,132.7619333,10.409,13.050522332290335,29,2010-09-24
519247.7300699301,0,38,9,2010,0,0,58.19,190.5713264,6.868,13.144773034814964,16,2010-09-24
908749.5183916084,1,38,9,2010,0,0,72.21,214.9547795,6.315,13.558973188125055,8,2010-09-24
1395901.437062937,2,38,9,2010,0,0,80.79,211.2552578,8.099,14.022728974781357,31,2010-09-24
893581.3904195804,1,38,9,2010,0,0,58.39,126.1900333,6.697,13.656370959150028,17,2010-09-24
2003620.3062937064,2,38,9,2010,0,0,68.22,126.1900333,7.951,14.349460398200929,13,2010-09-24
966781.5594405595,1,38,9,2010,0,0,69.78,126.1900333,9.816,13.673416979938146,34,2010-09-24
385731.6532867133,0,38,9,2010,0,0,81.77,126.1900333,14.18,12.708682310549804,38,2010-09-24
259861.69202797202,0,38,9,2010,0,0,91.18,126.1900333,9.495,12.354397128845006,33,2010-09-24
1356383.1244755245,2,38,9,2010,0,0,77.36,214.9084516,7.346,13.972603405368643,11,2010-09-24
1009001.6094405595,1,38,9,2010,0,0,81.77,126.1900333,14.18,13.655248303787692,12,2010-09-24
373511.9927972028,0,38,9,2010,0,0,79.17,210.3664469,8.36,12.946460194708491,36,2010-09-24
1084718.421048951,1,38,9,2010,0,0,64.82,132.7619333,9.342,13.765126239806314,18,2010-09-24
2094712.9606993007,2,38,9,2010,0,0,60.96,126.1900333,7.372,14.409216160233804,4,2010-09-24
2020978.4009790209,2,38,9,2010,0,0,68.59,182.6696737,8.743,14.446724955500397,14,2010-09-24
633324.7231468532,0,38,9,2010,0,0,77.42,203.5216786,9.816,13.385135174203853,43,2010-09-24
2107676.8703496503,2,38,9,2010,0,0,69.37,204.8182126,7.527,14.397552224140387,20,2010-09-24
1323522.241818182,1,38,9,2010,0,0,81.77,126.1900333,14.18,13.92148927149841,28,2010-09-24
318011.8104895105,0,38,9,2010,0,0,78.53,212.1519404,6.496,12.588380277123388,5,2010-09-24
1899424.5726573425,2,38,9,2010,0,0,85.75,126.1900333,9.199,14.319334376200837,10,2010-09-24
1775216.2019580419,2,38,9,2010,0,0,67.08,136.6317821,7.982,14.283639750300274,27,2010-09-24
1564728.1862937063,2,38,9,2010,0,0,76.49,213.1152886,6.973,14.058921601057445,6,2010-09-24
1002911.8446853146,1,38,9,2010,0,0,52.47,132.7619333,8.445,13.674680940827209,26,2010-09-24
1450668.1291608391,2,38,9,2010,0,0,78.5,210.3664469,8.36,13.997374126564312,39,2010-09-24
1444999.0356643356,2,38,9,2010,0,0,63.43,132.7619333,8.099,14.091887401452844,19,2010-09-24
543980.5523776223,0,38,9,2010,0,0,77.15,215.1378313,6.442,13.023440363166051,9,2010-09-24
1389864.4604895106,2,38,9,2010,0,0,57.75,132.7619333,5.326,13.909962778918047,23,2010-09-24
785981.4085314686,1,38,9,2010,0,0,68.59,182.6696737,8.743,13.427241123175218,45,2010-09-24
1166568.154965035,1,38,9,2010,0,0,64.19,190.5713264,9.017,13.880767352331857,32,2010-09-24
623312.474965035,0,38,9,2010,0,0,62.53,132.7619333,8.099,13.215021808063945,15,2010-09-24
302748.86601398606,0,38,9,2010,0,0,68.22,126.1900333,7.804,12.54722953486803,44,2010-09-24
1356755.3935664336,2,38,9,2010,0,0,64.3,132.7619333,8.117,13.972013557488316,24,2010-09-24
1925751.3355244757,2,38,9,2010,0,0,81.79,211.2552578,8.099,14.360481471299453,2,2010-09-24
1555264.3975524476,2,38,9,2010,0,0,80.94,211.5972246,7.787,14.11694169978843,1,2010-09-24
706721.5326573426,1,38,9,2010,0,0,65.06,204.8182126,7.527,13.317634607408237,25,2010-09-24
1028501.0389510489,1,38,9,2010,0,0,65.14,136.6317821,8.433,13.713234447301645,22,2010-09-24
556403.863146853,0,38,9,2010,0,0,85.75,126.1900333,9.199,13.106770355672634,42,2010-09-24
1389864.4604895106,2,39,10,2010,0,0,62.07,132.7568,5.287,13.937648930910381,23,2010-10-01
1899424.5726573425,2,39,10,2010,0,0,86.01,126.2346,9.003,14.313794241376382,10,2010-10-01
623312.474965035,0,39,10,2010,0,0,59.69,132.7568,8.067,13.248021015722406,15,2010-10-01
1555264.3975524476,2,39,10,2010,0,0,71.89,211.6719895,7.838,14.189368377113922,1,2010-10-01
1268125.418811189,1,39,10,2010,0,0,62.67,190.6738241,7.508,13.919165234505503,41,2010-10-01
706721.5326573426,1,39,10,2010,0,0,57.56,204.8850973,7.484,13.397934112810114,25,2010-10-01
556403.863146853,0,39,10,2010,0,0,86.01,126.2346,9.003,13.084713284580937,42,2010-10-01
1775216.2019580419,2,39,10,2010,0,0,70.19,136.6297571,8.021,14.24958504040363,27,2010-10-01
1444999.0356643356,2,39,10,2010,0,0,59.91,132.7568,8.067,14.137200718916487,19,2010-10-01
539451.4287412588,0,39,10,2010,0,0,69.31,132.7568,10.524,13.070436219009533,29,2010-10-01
438579.6162237762,0,39,10,2010,0,0,70.28,211.3298742,8.163,13.006899325824703,30,2010-10-01
302748.86601398606,0,39,10,2010,0,0,68.74,126.2346,7.61,12.612049122866804,44,2010-10-01
1323522.241818182,1,39,10,2010,0,0,85.2,126.2346,14.313,14.00039666515259,28,2010-10-01
1084718.421048951,1,39,10,2010,0,0,67.76,132.7568,9.331,13.763141421908662,18,2010-10-01
1395901.437062937,2,39,10,2010,0,0,70.28,211.3298742,8.163,14.009416950664082,31,2010-10-01
756069.0833566433,1,39,10,2010,0,0,70.28,211.3298742,8.163,13.425661959929704,21,2010-10-01
893581.3904195804,1,39,10,2010,0,0,60.07,126.2346,6.885,13.62822663296243,17,2010-10-01
1356383.1244755245,2,39,10,2010,0,0,75.11,214.9846548,7.564,13.983134177334831,11,2010-10-01
1002911.8446853146,1,39,10,2010,0,0,57.8,132.7568,8.149,13.735625567852669,26,2010-10-01
785981.4085314686,1,39,10,2010,0,0,70.58,182.7168385,8.724,13.444459572145027,45,2010-10-01
1028501.0389510489,1,39,10,2010,0,0,69.31,136.6297571,8.572,13.716781527544724,22,2010-10-01
1166568.154965035,1,39,10,2010,0,0,66.14,190.6738241,9.137,13.874807767393873,32,2010-10-01
1450668.1291608391,2,39,10,2010,0,0,72.74,210.4404433,8.476,14.014021121110542,39,2010-10-01
543980.5523776223,0,39,10,2010,0,0,69.08,215.2141341,6.56,13.113712445766222,9,2010-10-01
402704.44104895106,0,39,10,2010,0,0,73.6,214.9846548,7.564,12.790478880991229,3,2010-10-01
2020978.4009790209,2,39,10,2010,0,0,70.58,182.7168385,8.724,14.433775052511042,14,2010-10-01
518900.2819580419,0,39,10,2010,0,0,74.66,210.4404433,8.476,13.180403825471029,37,2010-10-01
2094712.9606993007,2,39,10,2010,0,0,63.96,126.2346,7.127,14.426808661180235,4,2010-10-01
570617.3086713287,0,39,10,2010,0,0,49.99,190.6738241,9.137,13.014777565387908,7,2010-10-01
964128.0404895104,1,39,10,2010,0,0,62.01,132.7568,5.287,13.700271779189672,40,2010-10-01
373511.9927972028,0,39,10,2010,0,0,74.66,210.4404433,8.476,12.953164468795318,36,2010-10-01
908749.5183916084,1,39,10,2010,0,0,68.7,215.0310029,6.433,13.5974869896391,8,2010-10-01
1925751.3355244757,2,39,10,2010,0,0,69.24,211.3298742,8.163,14.418427420844877,2,2010-10-01
1356755.3935664336,2,39,10,2010,0,0,66.88,132.7568,8.275,14.010480288307454,24,2010-10-01
519247.7300699301,0,39,10,2010,0,0,59.39,190.6738241,6.986,13.047593580138829,16,2010-10-01
2003620.3062937064,2,39,10,2010,0,0,68.74,126.2346,7.795,14.38399291005759,13,2010-10-01
966781.5594405595,1,39,10,2010,0,0,70.13,126.2346,10.21,13.671305385546209,34,2010-10-01
1564728.1862937063,2,39,10,2010,0,0,70.69,213.1907129,7.007,14.099538379265768,6,2010-10-01
1009001.6094405595,1,39,10,2010,0,0,85.2,126.2346,14.313,13.65409367980831,12,2010-10-01
919724.9795804196,1,39,10,2010,0,0,70.19,136.6297571,8.763,13.55552952434476,35,2010-10-01
259861.69202797202,0,39,10,2010,0,0,91.45,126.2346,9.265,12.320719167466057,33,2010-10-01
633324.7231468532,0,39,10,2010,0,0,77.93,203.5934286,10.21,13.395606361136407,43,2010-10-01
2107676.8703496503,2,39,10,2010,0,0,61.08,204.8850973,7.484,14.474956275450168,20,2010-10-01
318011.8104895105,0,39,10,2010,0,0,71.1,212.2269463,6.768,12.553834909270039,5,2010-10-01
385731.6532867133,0,39,10,2010,0,0,85.2,126.2346,14.313,12.7945745545842,38,2010-10-01
1028501.0389510489,1,40,10,2010,0,0,56.32,136.6277321,8.572,13.830451011478788,22,2010-10-08
2107676.8703496503,2,40,10,2010,0,0,51.5,204.951982,7.484,14.538405974278414,20,2010-10-08
1002911.8446853146,1,40,10,2010,0,0,46.81,132.7516667,8.149,13.816580505366353,26,2010-10-08
1775216.2019580419,2,40,10,2010,0,0,57.78,136.6277321,8.021,14.35063683653961,27,2010-10-08
1444999.0356643356,2,40,10,2010,0,0,53.74,132.7516667,8.067,14.17245866858959,19,2010-10-08
623312.474965035,0,40,10,2010,0,0,52.19,132.7516667,8.067,13.290594106472955,15,2010-10-08
1389864.4604895106,2,40,10,2010,0,0,50.75,132.7516667,5.287,13.980900141190128,23,2010-10-08
756069.0833566433,1,40,10,2010,0,0,65.76,211.4044906,8.163,13.430701374755024,21,2010-10-08
706721.5326573426,1,40,10,2010,0,0,48.46,204.951982,7.484,13.42140794155647,25,2010-10-08
1166568.154965035,1,40,10,2010,0,0,61.81,190.7763218,9.137,13.897536933789638,32,2010-10-08
2020978.4009790209,2,40,10,2010,0,0,56.49,182.7640032,8.724,14.553470575030449,14,2010-10-08
1323522.241818182,1,40,10,2010,0,0,71.82,126.2791667,14.313,14.104121851056801,28,2010-10-08
1084718.421048951,1,40,10,2010,0,0,54.73,132.7516667,9.331,13.91755592357954,18,2010-10-08
1395901.437062937,2,40,10,2010,0,0,65.76,211.4044906,8.163,14.077976878762302,31,2010-10-08
966781.5594405595,1,40,10,2010,0,0,65.21,126.2791667,10.21,13.74477867885111,34,2010-10-08
2003620.3062937064,2,40,10,2010,0,0,63.03,126.2791667,7.795,14.442477908509183,13,2010-10-08
539451.4287412588,0,40,10,2010,0,0,56.32,132.7516667,10.524,13.18074559986271,29,2010-10-08
893581.3904195804,1,40,10,2010,0,0,58.06,126.2791667,6.885,13.626453238771262,17,2010-10-08
519247.7300699301,0,40,10,2010,0,0,54.29,190.7763218,6.986,13.00108845219169,16,2010-10-08
438579.6162237762,0,40,10,2010,0,0,65.76,211.4044906,8.163,13.043496496508796,30,2010-10-08
1356755.3935664336,2,40,10,2010,0,0,54.82,132.7516667,8.275,14.124425073273905,24,2010-10-08
259861.69202797202,0,40,10,2010,0,0,79.02,126.2791667,9.265,12.493073948811197,33,2010-10-08
1009001.6094405595,1,40,10,2010,0,0,71.82,126.2791667,14.313,13.730319356177523,12,2010-10-08
1899424.5726573425,2,40,10,2010,0,0,77.04,126.2791667,9.003,14.387728557689226,10,2010-10-08
1564728.1862937063,2,40,10,2010,0,0,65.21,213.2661373,7.007,14.123229715518972,6,2010-10-08
1268125.418811189,1,40,10,2010,0,0,57.1,190.7763218,7.508,13.965690427405614,41,2010-10-08
1356383.1244755245,2,40,10,2010,0,0,68.71,215.060858,7.564,14.07284202528132,11,2010-10-08
373511.9927972028,0,40,10,2010,0,0,66.34,210.5144398,8.476,13.004373692897543,36,2010-10-08
1555264.3975524476,2,40,10,2010,0,0,63.93,211.7467544,7.838,14.226454582693016,1,2010-10-08
785981.4085314686,1,40,10,2010,0,0,56.49,182.7640032,8.724,13.522190086239485,45,2010-10-08
1925751.3355244757,2,40,10,2010,0,0,63.19,211.4044906,8.163,14.430654271851335,2,2010-10-08
964128.0404895104,1,40,10,2010,0,0,52.02,132.7516667,5.287,13.787529082488554,40,2010-10-08
570617.3086713287,0,40,10,2010,0,0,44.13,190.7763218,9.137,13.08204309034117,7,2010-10-08
518900.2819580419,0,40,10,2010,0,0,66.34,210.5144398,8.476,13.170171440422644,37,2010-10-08
302748.86601398606,0,40,10,2010,0,0,63.03,126.2791667,7.61,12.540848587113247,44,2010-10-08
402704.44104895106,0,40,10,2010,0,0,66.99,215.060858,7.564,12.88691531006632,3,2010-10-08
543980.5523776223,0,40,10,2010,0,0,65.35,215.290437,6.56,13.132452728296734,9,2010-10-08
385731.6532867133,0,40,10,2010,0,0,71.82,126.2791667,14.313,12.769317155966974,38,2010-10-08
919724.9795804196,1,40,10,2010,0,0,57.78,136.6277321,8.763,13.6815405777457,35,2010-10-08
633324.7231468532,0,40,10,2010,0,0,72.81,203.6651786,10.21,13.477704388049508,43,2010-10-08
556403.863146853,0,40,10,2010,0,0,77.04,126.2791667,9.003,13.304285604476782,42,2010-10-08
908749.5183916084,1,40,10,2010,0,0,62.94,215.1072262,6.433,13.6766516966886,8,2010-10-08
1450668.1291608391,2,40,10,2010,0,0,64.8,210.5144398,8.476,14.067513319289626,39,2010-10-08
318011.8104895105,0,40,10,2010,0,0,64.99,212.3019522,6.768,12.579344569457776,5,2010-10-08
2094712.9606993007,2,40,10,2010,0,0,67.73,126.2791667,7.127,14.48410673903124,4,2010-10-08
893581.3904195804,1,41,10,2010,0,0,47.35,126.3266774,6.885,13.639129306568114,17,2010-10-15
1925751.3355244757,2,41,10,2010,0,0,65.8,211.4713286,8.163,14.400157014234772,2,2010-10-15
1444999.0356643356,2,41,10,2010,0,0,51.32,132.7633548,8.067,14.129823823719628,19,2010-10-15
1395901.437062937,2,41,10,2010,0,0,68.61,211.4713286,8.163,14.051257100892293,31,2010-10-15
1775216.2019580419,2,41,10,2010,0,0,58.38,136.6401935,8.021,14.362700434466817,27,2010-10-15
1028501.0389510489,1,41,10,2010,0,0,55.23,136.6401935,8.572,13.768840727298146,22,2010-10-15
2003620.3062937064,2,41,10,2010,0,0,54.12,126.3266774,7.795,14.431469984090574,13,2010-10-15
318011.8104895105,0,41,10,2010,0,0,68.11,212.3691867,6.768,12.54497834744296,5,2010-10-15
519247.7300699301,0,41,10,2010,0,0,45.0,190.8623087,6.986,13.02181411353479,16,2010-10-15
1450668.1291608391,2,41,10,2010,0,0,69.96,210.5805944,8.476,14.029607713752648,39,2010-10-15
1356383.1244755245,2,41,10,2010,0,0,71.46,215.1293114,7.564,13.976782680020584,11,2010-10-15
1084718.421048951,1,41,10,2010,0,0,52.02,132.7633548,9.331,13.844699485985538,18,2010-10-15
1268125.418811189,1,41,10,2010,0,0,49.91,190.8623087,7.508,13.941186213678822,41,2010-10-15
1564728.1862937063,2,41,10,2010,0,0,68.93,213.3337977,7.007,14.111593682548564,6,2010-10-15
1356755.3935664336,2,41,10,2010,0,0,52.83,132.7633548,8.275,14.078495967942482,24,2010-10-15
785981.4085314686,1,41,10,2010,0,0,58.61,182.8106203,8.724,13.480407403721937,45,2010-10-15
373511.9927972028,0,41,10,2010,0,0,71.57,210.5805944,8.476,13.024329622032964,36,2010-10-15
259861.69202797202,0,41,10,2010,0,0,80.49,126.3266774,9.265,12.436127935651077,33,2010-10-15
556403.863146853,0,41,10,2010,0,0,75.48,126.3266774,9.003,13.234416875004976,42,2010-10-15
570617.3086713287,0,41,10,2010,0,0,35.86,190.8623087,9.137,13.046284343985011,7,2010-10-15
623312.474965035,0,41,10,2010,0,0,49.96,132.7633548,8.067,13.265618793098128,15,2010-10-15
385731.6532867133,0,41,10,2010,0,0,75.0,126.3266774,14.313,12.730044260859378,38,2010-10-15
2107676.8703496503,2,41,10,2010,0,0,59.17,205.0137637,7.484,14.483687249704824,20,2010-10-15
633324.7231468532,0,41,10,2010,0,0,68.78,203.7299032,10.21,13.458626563604597,43,2010-10-15
543980.5523776223,0,41,10,2010,0,0,67.36,215.3589917,6.56,13.027548570882397,9,2010-10-15
1002911.8446853146,1,41,10,2010,0,0,39.93,132.7633548,8.149,13.751460333590432,26,2010-10-15
438579.6162237762,0,41,10,2010,0,0,68.61,211.4713286,8.163,13.025731081990209,30,2010-10-15
1166568.154965035,1,41,10,2010,0,0,52.96,190.8623087,9.137,13.907810648355234,32,2010-10-15
1323522.241818182,1,41,10,2010,0,0,75.0,126.3266774,14.313,13.962260194655709,28,2010-10-15
402704.44104895106,0,41,10,2010,0,0,69.71,215.1293114,7.564,12.752995040712898,3,2010-10-15
302748.86601398606,0,41,10,2010,0,0,54.12,126.3266774,7.61,12.501385888889148,44,2010-10-15
966781.5594405595,1,41,10,2010,0,0,59.57,126.3266774,10.21,13.697520198317758,34,2010-10-15
2020978.4009790209,2,41,10,2010,0,0,58.61,182.8106203,8.724,14.47415098478519,14,2010-10-15
518900.2819580419,0,41,10,2010,0,0,71.57,210.5805944,8.476,13.12021479084447,37,2010-10-15
2094712.9606993007,2,41,10,2010,0,0,62.03,126.3266774,7.127,14.440028777599501,4,2010-10-15
1899424.5726573425,2,41,10,2010,0,0,75.48,126.3266774,9.003,14.348401687960063,10,2010-10-15
706721.5326573426,1,41,10,2010,0,0,54.09,205.0137637,7.484,13.33115762005433,25,2010-10-15
964128.0404895104,1,41,10,2010,0,0,44.56,132.7633548,5.287,13.729826485171118,40,2010-10-15
756069.0833566433,1,41,10,2010,0,0,68.61,211.4713286,8.163,13.449381132361701,21,2010-10-15
919724.9795804196,1,41,10,2010,0,0,58.38,136.6401935,8.763,13.590337435964127,35,2010-10-15
908749.5183916084,1,41,10,2010,0,0,62.59,215.1757,6.433,13.625013222387858,8,2010-10-15
1555264.3975524476,2,41,10,2010,0,0,67.18,211.8137436,7.838,14.193542870942032,1,2010-10-15
1389864.4604895106,2,41,10,2010,0,0,45.55,132.7633548,5.287,13.928670220059088,23,2010-10-15
1009001.6094405595,1,41,10,2010,0,0,75.0,126.3266774,14.313,13.66749864396549,12,2010-10-15
539451.4287412588,0,41,10,2010,0,0,55.23,132.7633548,10.524,13.087798205581498,29,2010-10-15
1356383.1244755245,2,42,10,2010,0,0,72.6,215.17839,7.564,13.97237103155327,11,2010-10-22
2020978.4009790209,2,42,10,2010,0,0,53.15,182.8558685,8.724,14.47645582268338,14,2010-10-22
539451.4287412588,0,42,10,2010,0,0,50.24,132.8170968,10.524,13.132753552106067,29,2010-10-22
964128.0404895104,1,42,10,2010,0,0,41.25,132.8170968,5.287,13.690153560888438,40,2010-10-22
518900.2819580419,0,42,10,2010,0,0,72.24,210.6271444,8.476,13.143001733813001,37,2010-10-22
318011.8104895105,0,42,10,2010,0,0,70.96,212.4169928,6.768,12.560206809419235,5,2010-10-22
908749.5183916084,1,42,10,2010,0,0,62.86,215.2248,6.433,13.636886325634565,8,2010-10-22
570617.3086713287,0,42,10,2010,0,0,36.84,190.9070184,9.137,13.065691031296671,7,2010-10-22
785981.4085314686,1,42,10,2010,0,0,53.15,182.8558685,8.724,13.502032436693558,45,2010-10-22
1899424.5726573425,2,42,10,2010,0,0,68.12,126.3815484,9.003,14.369530754020639,10,2010-10-22
1356755.3935664336,2,42,10,2010,0,0,48.69,132.8170968,8.275,14.026481385378283,24,2010-10-22
1395901.437062937,2,42,10,2010,0,0,70.72,211.5187208,8.163,14.048438319403674,31,2010-10-22
1925751.3355244757,2,42,10,2010,0,0,68.5,211.5187208,8.163,14.368216033162543,2,2010-10-22
893581.3904195804,1,42,10,2010,0,0,47.95,126.3815484,6.885,13.611059655402824,17,2010-10-22
543980.5523776223,0,42,10,2010,0,0,69.99,215.4081762,6.56,13.052635435819537,9,2010-10-22
385731.6532867133,0,42,10,2010,0,0,68.85,126.3815484,14.313,12.733882752882396,38,2010-10-22
2094712.9606993007,2,42,10,2010,0,0,64.17,126.3815484,7.127,14.471792001436771,4,2010-10-22
1775216.2019580419,2,42,10,2010,0,0,52.82,136.688871,8.021,14.34256554427792,27,2010-10-22
1564728.1862937063,2,42,10,2010,0,0,70.97,213.3820486,7.007,14.102730671229338,6,2010-10-22
623312.474965035,0,42,10,2010,0,0,47.1,132.8170968,8.067,13.305345932357525,15,2010-10-22
302748.86601398606,0,42,10,2010,0,0,56.89,126.3815484,7.61,12.506589375262497,44,2010-10-22
1268125.418811189,1,42,10,2010,0,0,48.09,190.9070184,7.508,13.960480393950139,41,2010-10-22
1084718.421048951,1,42,10,2010,0,0,47.12,132.8170968,9.331,13.866319093375175,18,2010-10-22
1444999.0356643356,2,42,10,2010,0,0,48.45,132.8170968,8.067,14.120901677996926,19,2010-10-22
1009001.6094405595,1,42,10,2010,0,0,68.85,126.3815484,14.313,13.662224707397696,12,2010-10-22
1389864.4604895106,2,42,10,2010,0,0,43.19,132.8170968,5.287,13.953100508489344,23,2010-10-22
1028501.0389510489,1,42,10,2010,0,0,50.24,136.688871,8.572,13.775729188472596,22,2010-10-22
2003620.3062937064,2,42,10,2010,0,0,56.89,126.3815484,7.795,14.401601669561302,13,2010-10-22
1166568.154965035,1,42,10,2010,0,0,52.3,190.9070184,9.137,13.912806038481614,32,2010-10-22
438579.6162237762,0,42,10,2010,0,0,70.72,211.5187208,8.163,13.038183058276852,30,2010-10-22
1555264.3975524476,2,42,10,2010,0,0,69.86,211.8612937,7.838,14.112242803773754,1,2010-10-22
919724.9795804196,1,42,10,2010,0,0,52.82,136.688871,8.763,13.626414288539916,35,2010-10-22
2107676.8703496503,2,42,10,2010,0,0,50.52,205.0627881,7.484,14.454178463760451,20,2010-10-22
1450668.1291608391,2,42,10,2010,0,0,71.73,210.6271444,8.476,14.047502851427332,39,2010-10-22
259861.69202797202,0,42,10,2010,0,0,74.2,126.3815484,9.265,12.363832177040196,33,2010-10-22
756069.0833566433,1,42,10,2010,0,0,70.72,211.5187208,8.163,13.473962692102411,21,2010-10-22
633324.7231468532,0,42,10,2010,0,0,69.46,203.7770645,10.21,13.43123539379515,43,2010-10-22
402704.44104895106,0,42,10,2010,0,0,71.64,215.17839,7.564,12.76253197136211,3,2010-10-22
519247.7300699301,0,42,10,2010,0,0,45.85,190.9070184,6.986,13.201577286334436,16,2010-10-22
1323522.241818182,1,42,10,2010,0,0,68.85,126.3815484,14.313,13.929392947091877,28,2010-10-22
373511.9927972028,0,42,10,2010,0,0,72.24,210.6271444,8.476,12.959743972270811,36,2010-10-22
966781.5594405595,1,42,10,2010,0,0,58.11,126.3815484,10.21,13.7496854495281,34,2010-10-22
1002911.8446853146,1,42,10,2010,0,0,36.13,132.8170968,8.149,13.728343161531516,26,2010-10-22
706721.5326573426,1,42,10,2010,0,0,46.73,205.0627881,7.484,13.402484724470245,25,2010-10-22
556403.863146853,0,42,10,2010,0,0,68.12,126.3815484,9.003,13.166319993062334,42,2010-10-22
373511.9927972028,0,43,10,2010,0,0,76.22,210.6736944,8.476,12.88068730486763,36,2010-10-29
2107676.8703496503,2,43,10,2010,0,0,57.56,205.1118126,7.484,14.453048300871588,20,2010-10-29
1356383.1244755245,2,43,10,2010,0,0,74.21,215.2274686,7.564,13.99368770521152,11,2010-10-29
318011.8104895105,0,43,10,2010,0,0,70.58,212.464799,6.768,12.535494407291509,5,2010-10-29
259861.69202797202,0,43,10,2010,0,0,71.34,126.4364194,9.265,12.271576263312125,33,2010-10-29
2094712.9606993007,2,43,10,2010,0,0,56.94,126.4364194,7.127,14.474756531676064,4,2010-10-29
570617.3086713287,0,43,10,2010,0,0,34.78,190.951728,9.137,13.050854808488175,7,2010-10-29
964128.0404895104,1,43,10,2010,0,0,47.1,132.8708387,5.287,13.6820246957318,40,2010-10-29
302748.86601398606,0,43,10,2010,0,0,45.12,126.4364194,7.61,12.565488544616933,44,2010-10-29
1555264.3975524476,2,43,10,2010,0,0,69.64,211.9088438,7.838,14.140640296688753,1,2010-10-29
1084718.421048951,1,43,10,2010,0,0,55.85,132.8708387,9.331,13.853362584893747,18,2010-10-29
2003620.3062937064,2,43,10,2010,0,0,45.12,126.4364194,7.795,14.450973576502912,13,2010-10-29
1395901.437062937,2,43,10,2010,0,0,67.51,211.5661131,8.163,14.044971933729888,31,2010-10-29
1009001.6094405595,1,43,10,2010,0,0,61.09,126.4364194,14.313,13.76977620504416,12,2010-10-29
1925751.3355244757,2,43,10,2010,0,0,66.24,211.5661131,8.163,14.40482722403966,2,2010-10-29
1268125.418811189,1,43,10,2010,0,0,42.16,190.951728,7.508,13.950789038541474,41,2010-10-29
908749.5183916084,1,43,10,2010,0,0,57.93,215.2739,6.433,13.630093527130182,8,2010-10-29
1166568.154965035,1,43,10,2010,0,0,45.45,190.951728,9.137,13.9244900761256,32,2010-10-29
438579.6162237762,0,43,10,2010,0,0,67.51,211.5661131,8.163,12.990739626930093,30,2010-10-29
919724.9795804196,1,43,10,2010,0,0,61.02,136.7375484,8.763,13.662124304222267,35,2010-10-29
1450668.1291608391,2,43,10,2010,0,0,75.14,210.6736944,8.476,14.073843692951359,39,2010-10-29
402704.44104895106,0,43,10,2010,0,0,72.04,215.2274686,7.564,12.7616595856894,3,2010-10-29
966781.5594405595,1,43,10,2010,0,0,50.78,126.4364194,10.21,13.738948058999663,34,2010-10-29
756069.0833566433,1,43,10,2010,0,0,67.51,211.5661131,8.163,13.503204658889645,21,2010-10-29
556403.863146853,0,43,10,2010,0,0,68.76,126.4364194,9.003,13.075206044440169,42,2010-10-29
633324.7231468532,0,43,10,2010,0,0,65.88,203.8242258,10.21,13.321340982215233,43,2010-10-29
519247.7300699301,0,43,10,2010,0,0,35.76,190.951728,6.986,13.112360535372472,16,2010-10-29
1323522.241818182,1,43,10,2010,0,0,61.09,126.4364194,14.313,14.023897345852262,28,2010-10-29
1002911.8446853146,1,43,10,2010,0,0,40.3,132.8708387,8.149,13.704658189651918,26,2010-10-29
706721.5326573426,1,43,10,2010,0,0,55.72,205.1118126,7.484,13.421666211495276,25,2010-10-29
1564728.1862937063,2,43,10,2010,0,0,70.39,213.4302994,7.007,14.141445110559925,6,2010-10-29
2020978.4009790209,2,43,10,2010,0,0,61.3,182.9011166,8.724,14.501013263840175,14,2010-10-29
1028501.0389510489,1,43,10,2010,0,0,57.73,136.7375484,8.572,13.840951446623826,22,2010-10-29
623312.474965035,0,43,10,2010,0,0,55.09,132.8708387,8.067,13.30185175787516,15,2010-10-29
1775216.2019580419,2,43,10,2010,0,0,61.02,136.7375484,8.021,14.339621434652912,27,2010-10-29
1444999.0356643356,2,43,10,2010,0,0,56.11,132.8708387,8.067,14.155247089544211,19,2010-10-29
543980.5523776223,0,43,10,2010,0,0,64.43,215.4573607,6.56,13.139815420711873,9,2010-10-29
385731.6532867133,0,43,10,2010,0,0,61.09,126.4364194,14.313,12.740284555843356,38,2010-10-29
1899424.5726573425,2,43,10,2010,0,0,68.76,126.4364194,9.003,14.37014800880344,10,2010-10-29
785981.4085314686,1,43,10,2010,0,0,61.3,182.9011166,8.724,13.504711003751973,45,2010-10-29
539451.4287412588,0,43,10,2010,0,0,57.73,132.8708387,10.524,13.175068895134912,29,2010-10-29
518900.2819580419,0,43,10,2010,0,0,76.22,210.6736944,8.476,13.150925372318872,37,2010-10-29
1389864.4604895106,2,43,10,2010,0,0,48.68,132.8708387,5.287,13.92245482582424,23,2010-10-29
1356755.3935664336,2,43,10,2010,0,0,57.29,132.8708387,8.275,14.034587403428123,24,2010-10-29
893581.3904195804,1,43,10,2010,0,0,39.87,126.4364194,6.885,13.666943552041912,17,2010-10-29
1925751.3355244757,2,44,11,2010,1,0,57.85,211.6135053,8.163,14.47771512040098,2,2010-11-05
2094712.9606993007,2,44,11,2010,1,0,51.6,126.4912903,7.127,14.515194720822711,4,2010-11-05
1009001.6094405595,1,44,11,2010,1,0,65.49,126.4912903,14.313,13.742608315549294,12,2010-11-05
623312.474965035,0,44,11,2010,1,0,40.29,132.9245806,8.067,13.326101682935866,15,2010-11-05
2107676.8703496503,2,44,11,2010,1,0,42.78,205.160837,7.484,14.596814044832065,20,2010-11-05
1166568.154965035,1,44,11,2010,1,0,49.2,190.9964377,9.137,13.87665947525499,32,2010-11-05
438579.6162237762,0,44,11,2010,1,0,58.71,211.6135053,8.163,13.091208814814223,30,2010-11-05
402704.44104895106,0,44,11,2010,1,0,62.94,215.2765472,7.564,12.955544770468652,3,2010-11-05
756069.0833566433,1,44,11,2010,1,0,58.71,211.6135053,8.163,13.486853368158425,21,2010-11-05
633324.7231468532,0,44,11,2010,1,0,62.52,203.8713871,10.21,13.314571236599033,43,2010-11-05
1323522.241818182,1,44,11,2010,1,0,65.49,126.4912903,14.313,14.222084557691474,28,2010-11-05
1002911.8446853146,1,44,11,2010,1,0,30.51,132.9245806,8.149,13.785283807995306,26,2010-11-05
2020978.4009790209,2,44,11,2010,1,0,45.65,182.9463648,8.724,14.547117811502558,14,2010-11-05
1389864.4604895106,2,44,11,2010,1,0,36.6,132.9245806,5.287,14.00042953853057,23,2010-11-05
518900.2819580419,0,44,11,2010,1,0,62.72,210.7202444,8.476,13.19873984030048,37,2010-11-05
543980.5523776223,0,44,11,2010,1,0,58.69,215.5065452,6.56,13.157481397548796,9,2010-11-05
385731.6532867133,0,44,11,2010,1,0,65.49,126.4912903,14.313,12.850216250400068,38,2010-11-05
706721.5326573426,1,44,11,2010,1,0,38.8,205.160837,7.484,13.453558184286685,25,2010-11-05
302748.86601398606,0,44,11,2010,1,0,49.96,126.4912903,7.61,12.50809332703479,44,2010-11-05
318011.8104895105,0,44,11,2010,1,0,58.88,212.5126051,6.768,12.692537849023815,5,2010-11-05
570617.3086713287,0,44,11,2010,1,0,49.44,190.9964377,9.137,13.082610477864991,7,2010-11-05
964128.0404895104,1,44,11,2010,1,0,36.45,132.9245806,5.287,13.783267967382404,40,2010-11-05
259861.69202797202,0,44,11,2010,1,0,74.23,126.4912903,9.265,12.413597294353794,33,2010-11-05
1899424.5726573425,2,44,11,2010,1,0,71.04,126.4912903,9.003,14.421035062001824,10,2010-11-05
1028501.0389510489,1,44,11,2010,1,0,44.34,136.7862258,8.572,13.822376096129199,22,2010-11-05
893581.3904195804,1,44,11,2010,1,0,42.54,126.4912903,6.885,13.615149857781955,17,2010-11-05
519247.7300699301,0,44,11,2010,1,0,39.94,190.9964377,6.986,13.010103605405888,16,2010-11-05
556403.863146853,0,44,11,2010,1,0,71.04,126.4912903,9.003,13.245273513655484,42,2010-11-05
1356755.3935664336,2,44,11,2010,1,0,42.2,132.9245806,8.275,14.066548622504683,24,2010-11-05
539451.4287412588,0,44,11,2010,1,0,44.34,132.9245806,10.524,13.163512940668085,29,2010-11-05
1268125.418811189,1,44,11,2010,1,0,46.74,190.9964377,7.508,13.967269370985989,41,2010-11-05
785981.4085314686,1,44,11,2010,1,0,45.65,182.9463648,8.724,13.546342779996262,45,2010-11-05
1084718.421048951,1,44,11,2010,1,0,42.05,132.9245806,9.331,13.901258749137192,18,2010-11-05
1564728.1862937063,2,44,11,2010,1,0,59.9,213.4785503,7.007,14.224597864649924,6,2010-11-05
1356383.1244755245,2,44,11,2010,1,0,64.41,215.2765472,7.564,14.102762635481483,11,2010-11-05
1555264.3975524476,2,44,11,2010,1,0,58.74,211.9563939,7.838,14.254836064012428,1,2010-11-05
373511.9927972028,0,44,11,2010,1,0,62.72,210.7202444,8.476,12.913766927073482,36,2010-11-05
1395901.437062937,2,44,11,2010,1,0,58.71,211.6135053,8.163,14.096512910678682,31,2010-11-05
2003620.3062937064,2,44,11,2010,1,0,49.96,126.4912903,7.795,14.433378359002246,13,2010-11-05
1450668.1291608391,2,44,11,2010,1,0,61.62,210.7202444,8.476,14.073023218565401,39,2010-11-05
966781.5594405595,1,44,11,2010,1,0,52.43,126.4912903,10.21,13.787412797181668,34,2010-11-05
919724.9795804196,1,44,11,2010,1,0,45.91,136.7862258,8.763,13.645618774475905,35,2010-11-05
1775216.2019580419,2,44,11,2010,1,0,45.91,136.7862258,8.021,14.337875953702886,27,2010-11-05
1444999.0356643356,2,44,11,2010,1,0,41.78,132.9245806,8.067,14.176940354652572,19,2010-11-05
908749.5183916084,1,44,11,2010,1,0,55.76,215.323,6.433,13.73999719563533,8,2010-11-05
1323522.241818182,1,45,11,2010,1,0,57.79,126.5461613,14.313,14.05173730974506,28,2010-11-12
1564728.1862937063,2,45,11,2010,1,0,62.11,213.5268011,7.007,14.2179962052172,6,2010-11-12
1444999.0356643356,2,45,11,2010,1,0,40.3,132.9783226,8.067,14.214445631730769,19,2010-11-12
402704.44104895106,0,45,11,2010,1,0,62.79,215.3256258,7.564,12.865239038516735,3,2010-11-12
1002911.8446853146,1,45,11,2010,1,0,37.51,132.9783226,8.149,13.786281531640673,26,2010-11-12
2020978.4009790209,2,45,11,2010,1,0,46.14,182.9916129,8.724,14.553721950900682,14,2010-11-12
318011.8104895105,0,45,11,2010,1,0,62.37,212.5604113,6.768,12.617613790417263,5,2010-11-12
519247.7300699301,0,45,11,2010,1,0,34.04,191.0411474,6.986,13.025045455433903,16,2010-11-12
518900.2819580419,0,45,11,2010,1,0,61.97,210.7667944,8.476,13.15685695446506,37,2010-11-12
302748.86601398606,0,45,11,2010,1,0,42.55,126.5461613,7.61,12.549345952354088,44,2010-11-12
1084718.421048951,1,45,11,2010,1,0,43.17,132.9783226,9.331,13.893695960375256,18,2010-11-12
1356383.1244755245,2,45,11,2010,1,0,63.74,215.3256258,7.564,14.063679622548836,11,2010-11-12
785981.4085314686,1,45,11,2010,1,0,46.14,182.9916129,8.724,13.548480333817764,45,2010-11-12
908749.5183916084,1,45,11,2010,1,0,54.89,215.3721,6.433,13.722890733905276,8,2010-11-12
706721.5326573426,1,45,11,2010,1,0,40.68,205.2098614,7.484,13.477588783270184,25,2010-11-12
1166568.154965035,1,45,11,2010,1,0,42.3,191.0411474,9.137,13.947433253579343,32,2010-11-12
1899424.5726573425,2,45,11,2010,1,0,61.24,126.5461613,9.003,14.455205583895005,10,2010-11-12
623312.474965035,0,45,11,2010,1,0,39.63,132.9783226,8.067,13.336895137461404,15,2010-11-12
556403.863146853,0,45,11,2010,1,0,61.24,126.5461613,9.003,13.285491258453467,42,2010-11-12
570617.3086713287,0,45,11,2010,1,0,22.12,191.0411474,9.137,13.13742003489103,7,2010-11-12
543980.5523776223,0,45,11,2010,1,0,61.59,215.5557297,6.56,13.163212917145211,9,2010-11-12
1356755.3935664336,2,45,11,2010,1,0,41.76,132.9783226,8.275,14.087732239600731,24,2010-11-12
1028501.0389510489,1,45,11,2010,1,0,44.42,136.8349032,8.572,13.85828230488138,22,2010-11-12
1555264.3975524476,2,45,11,2010,1,0,59.61,212.003944,7.838,14.21728920608763,1,2010-11-12
1009001.6094405595,1,45,11,2010,1,0,57.79,126.5461613,14.313,13.756265988437466,12,2010-11-12
1775216.2019580419,2,45,11,2010,1,0,45.9,136.8349032,8.021,14.418739185244254,27,2010-11-12
385731.6532867133,0,45,11,2010,1,0,57.79,126.5461613,14.313,12.737136683976168,38,2010-11-12
2003620.3062937064,2,45,11,2010,1,0,42.55,126.5461613,7.795,14.478180814387727,13,2010-11-12
438579.6162237762,0,45,11,2010,1,0,60.95,211.6608975,8.163,12.974484150838972,30,2010-11-12
893581.3904195804,1,45,11,2010,1,0,36.32,126.5461613,6.885,13.65939573714103,17,2010-11-12
964128.0404895104,1,45,11,2010,1,0,38.5,132.9783226,5.287,13.748817525533193,40,2010-11-12
539451.4287412588,0,45,11,2010,1,0,44.42,132.9783226,10.524,13.170108614875582,29,2010-11-12
633324.7231468532,0,45,11,2010,1,0,59.98,203.9185484,10.21,13.297026063111375,43,2010-11-12
2107676.8703496503,2,45,11,2010,1,0,42.38,205.2098614,7.484,14.598391617805655,20,2010-11-12
756069.0833566433,1,45,11,2010,1,0,60.95,211.6608975,8.163,13.508710060896268,21,2010-11-12
966781.5594405595,1,45,11,2010,1,0,47.2,126.5461613,10.21,13.795034119308198,34,2010-11-12
919724.9795804196,1,45,11,2010,1,0,45.9,136.8349032,8.763,13.677300454364225,35,2010-11-12
1450668.1291608391,2,45,11,2010,1,0,62.21,210.7667944,8.476,14.071237234611988,39,2010-11-12
259861.69202797202,0,45,11,2010,1,0,65.21,126.5461613,9.265,12.516512313291885,33,2010-11-12
373511.9927972028,0,45,11,2010,1,0,61.97,210.7667944,8.476,12.961738652767252,36,2010-11-12
1925751.3355244757,2,45,11,2010,1,0,59.69,211.6608975,8.163,14.466174855074572,2,2010-11-12
1268125.418811189,1,45,11,2010,1,0,38.99,191.0411474,7.508,13.977057160405268,41,2010-11-12
1389864.4604895106,2,45,11,2010,1,0,35.59,132.9783226,5.287,14.143341818652914,23,2010-11-12
1395901.437062937,2,45,11,2010,1,0,60.95,211.6608975,8.163,14.117673593329542,31,2010-11-12
2094712.9606993007,2,45,11,2010,1,0,52.65,126.5461613,7.127,14.508555363284053,4,2010-11-12
964128.0404895104,1,46,11,2010,1,0,40.52,132.9172,5.287,13.65587444562382,40,2010-11-19
1356755.3935664336,2,46,11,2010,1,0,45.63,132.9172,8.275,14.060142843708537,24,2010-11-19
543980.5523776223,0,46,11,2010,1,0,49.96,215.4372854,6.56,13.161246148846358,9,2010-11-19
1166568.154965035,1,46,11,2010,1,0,36.24,191.0312172,9.137,13.955907854980659,32,2010-11-19
402704.44104895106,0,46,11,2010,1,0,57.72,215.2074519,7.564,12.828116658064344,3,2010-11-19
1899424.5726573425,2,46,11,2010,1,0,58.83,126.6072,9.003,14.482918369900856,10,2010-11-19
1775216.2019580419,2,46,11,2010,1,0,50.81,136.7715714,8.021,14.348950581697816,27,2010-11-19
633324.7231468532,0,46,11,2010,1,0,54.96,203.8191286,10.21,13.286976307950797,43,2010-11-19
539451.4287412588,0,46,11,2010,1,0,48.62,132.9172,10.524,13.138582237730901,29,2010-11-19
1564728.1862937063,2,46,11,2010,1,0,52.99,213.4107412,7.007,14.233459056646328,6,2010-11-19
756069.0833566433,1,46,11,2010,1,0,51.71,211.5470304,8.163,13.536180034043547,21,2010-11-19
785981.4085314686,1,46,11,2010,1,0,50.02,182.8989385,8.724,13.492531270696777,45,2010-11-19
518900.2819580419,0,46,11,2010,1,0,56.73,210.65429,8.476,13.157972113677438,37,2010-11-19
519247.7300699301,0,46,11,2010,1,0,27.26,191.0312172,6.986,13.036011448385628,16,2010-11-19
1450668.1291608391,2,46,11,2010,1,0,55.5,210.65429,8.476,14.13080332759468,39,2010-11-19
2020978.4009790209,2,46,11,2010,1,0,50.02,182.8989385,8.724,14.492763887797773,14,2010-11-19
438579.6162237762,0,46,11,2010,1,0,51.71,211.5470304,8.163,12.956801446198993,30,2010-11-19
1002911.8446853146,1,46,11,2010,1,0,36.73,132.9172,8.149,13.712340641191737,26,2010-11-19
1323522.241818182,1,46,11,2010,1,0,58.18,126.6072,14.313,13.980445777879702,28,2010-11-19
1268125.418811189,1,46,11,2010,1,0,31.34,191.0312172,7.508,13.974355584939378,41,2010-11-19
908749.5183916084,1,46,11,2010,1,0,43.86,215.2538714,6.433,13.69403086809321,8,2010-11-19
966781.5594405595,1,46,11,2010,1,0,40.93,126.6072,10.21,13.770269783751058,34,2010-11-19
1028501.0389510489,1,46,11,2010,1,0,48.62,136.7715714,8.572,13.801307611947529,22,2010-11-19
1389864.4604895106,2,46,11,2010,1,0,41.66,132.9172,5.287,14.089343664652308,23,2010-11-19
1009001.6094405595,1,46,11,2010,1,0,58.18,126.6072,14.313,13.704014256815537,12,2010-11-19
1356383.1244755245,2,46,11,2010,1,0,58.63,215.2074519,7.564,14.071970944173955,11,2010-11-19
259861.69202797202,0,46,11,2010,1,0,61.95,126.6072,9.265,12.322257783004744,33,2010-11-19
2107676.8703496503,2,46,11,2010,1,0,45.88,205.0992811,7.484,14.55985448550122,20,2010-11-19
373511.9927972028,0,46,11,2010,1,0,56.73,210.65429,8.476,12.927847879785608,36,2010-11-19
318011.8104895105,0,46,11,2010,1,0,52.52,212.445487,6.768,12.602785598352717,5,2010-11-19
2003620.3062937064,2,46,11,2010,1,0,42.0,126.6072,7.795,14.470641652715985,13,2010-11-19
893581.3904195804,1,46,11,2010,1,0,36.31,126.6072,6.885,13.569934225279104,17,2010-11-19
1395901.437062937,2,46,11,2010,1,0,51.71,211.5470304,8.163,14.122377103458962,31,2010-11-19
302748.86601398606,0,46,11,2010,1,0,42.0,126.6072,7.61,12.557868023728274,44,2010-11-19
385731.6532867133,0,46,11,2010,1,0,58.18,126.6072,14.313,12.761666040191978,38,2010-11-19
1084718.421048951,1,46,11,2010,1,0,45.26,132.9172,9.331,13.860219424002917,18,2010-11-19
556403.863146853,0,46,11,2010,1,0,58.83,126.6072,9.003,13.169852142740577,42,2010-11-19
1555264.3975524476,2,46,11,2010,1,0,51.41,211.8896737,7.838,14.210106934818699,1,2010-11-19
706721.5326573426,1,46,11,2010,1,0,42.72,205.0992811,7.484,13.484305248697863,25,2010-11-19
2094712.9606993007,2,46,11,2010,1,0,48.05,126.6072,7.127,14.556404692071954,4,2010-11-19
570617.3086713287,0,46,11,2010,1,0,25.56,191.0312172,9.137,13.08679704765084,7,2010-11-19
919724.9795804196,1,46,11,2010,1,0,50.81,136.7715714,8.763,13.649280456460998,35,2010-11-19
623312.474965035,0,46,11,2010,1,0,44.1,132.9172,8.067,13.318262030215712,15,2010-11-19
1444999.0356643356,2,46,11,2010,1,0,44.22,132.9172,8.067,14.135849129835748,19,2010-11-19
1925751.3355244757,2,46,11,2010,1,0,50.81,211.5470304,8.163,14.486790468018334,2,2010-11-19
966781.5594405595,1,47,11,2010,1,1,41.13,126.6692667,10.21,14.085138898111103,34,2010-11-26
1564728.1862937063,2,47,11,2010,1,1,65.79,213.2672961,7.007,14.634167909492332,6,2010-11-26
2107676.8703496503,2,47,11,2010,1,1,46.66,204.9621,7.484,14.849276736860945,20,2010-11-26
1028501.0389510489,1,47,11,2010,1,1,44.61,136.6895714,8.572,14.263078925821725,22,2010-11-26
402704.44104895106,0,47,11,2010,1,1,68.71,215.0614025,7.564,13.245587300109118,3,2010-11-26
2094712.9606993007,2,47,11,2010,1,1,48.08,126.6692667,7.127,14.84136233291532,4,2010-11-26
539451.4287412588,0,47,11,2010,1,1,44.61,132.8369333,10.524,13.790469542438649,29,2010-11-26
259861.69202797202,0,47,11,2010,1,1,56.87,126.6692667,9.265,12.388584059300152,33,2010-11-26
1268125.418811189,1,47,11,2010,1,1,25.3,191.0121805,7.508,14.439673386643832,41,2010-11-26
1084718.421048951,1,47,11,2010,1,1,40.81,132.8369333,9.331,14.318562258941945,18,2010-11-26
756069.0833566433,1,47,11,2010,1,1,62.96,211.4062867,8.163,14.035151670895685,21,2010-11-26
373511.9927972028,0,47,11,2010,1,1,67.73,210.5152765,8.476,12.92120753983533,36,2010-11-26
1925751.3355244757,2,47,11,2010,1,1,62.98,211.4062867,8.163,14.793357727732326,2,2010-11-26
1166568.154965035,1,47,11,2010,1,1,29.97,191.0121805,9.137,14.306931233669214,32,2010-11-26
1444999.0356643356,2,47,11,2010,1,1,42.62,132.8369333,8.067,14.505336644792457,19,2010-11-26
893581.3904195804,1,47,11,2010,1,1,19.03,126.6692667,6.885,13.820945521755094,17,2010-11-26
2003620.3062937064,2,47,11,2010,1,1,28.22,126.6692667,7.795,14.833057773465747,13,2010-11-26
1450668.1291608391,2,47,11,2010,1,1,67.75,210.5152765,8.476,14.580678913401714,39,2010-11-26
908749.5183916084,1,47,11,2010,1,1,51.07,215.1077548,6.433,14.047965947229525,8,2010-11-26
964128.0404895104,1,47,11,2010,1,1,32.94,132.8369333,5.287,13.969213008780487,40,2010-11-26
633324.7231468532,0,47,11,2010,1,1,54.76,203.6952786,10.21,13.359048964048114,43,2010-11-26
1395901.437062937,2,47,11,2010,1,1,62.96,211.4062867,8.163,14.435472372945826,31,2010-11-26
385731.6532867133,0,47,11,2010,1,1,47.66,126.6692667,14.313,12.79624252387735,38,2010-11-26
1323522.241818182,1,47,11,2010,1,1,47.66,126.6692667,14.313,14.476668753278531,28,2010-11-26
1899424.5726573425,2,47,11,2010,1,1,55.33,126.6692667,9.003,14.89390224119551,10,2010-11-26
318011.8104895105,0,47,11,2010,1,1,66.15,212.303441,6.768,13.098815509843275,5,2010-11-26
1555264.3975524476,2,47,11,2010,1,1,64.52,211.7484333,7.838,14.486220449653285,1,2010-11-26
543980.5523776223,0,47,11,2010,1,1,60.18,215.2909028,6.56,13.551638145813566,9,2010-11-26
623312.474965035,0,47,11,2010,1,1,40.71,132.8369333,8.067,13.9288570288274,15,2010-11-26
570617.3086713287,0,47,11,2010,1,1,17.95,191.0121805,9.137,13.635414834165116,7,2010-11-26
556403.863146853,0,47,11,2010,1,1,55.33,126.6692667,9.003,13.165993029961399,42,2010-11-26
785981.4085314686,1,47,11,2010,1,1,46.15,182.7832769,8.724,13.98314238032026,45,2010-11-26
302748.86601398606,0,47,11,2010,1,1,28.22,126.6692667,7.61,12.636709926018279,44,2010-11-26
1775216.2019580419,2,47,11,2010,1,1,46.67,136.6895714,8.021,14.781700077353085,27,2010-11-26
438579.6162237762,0,47,11,2010,1,1,62.96,211.4062867,8.163,13.044906270848093,30,2010-11-26
518900.2819580419,0,47,11,2010,1,1,67.73,210.5152765,8.476,13.158158460550561,37,2010-11-26
519247.7300699301,0,47,11,2010,1,1,23.46,191.0121805,6.986,13.387552525052671,16,2010-11-26
1009001.6094405595,1,47,11,2010,1,1,47.66,126.6692667,14.313,14.286375322576497,12,2010-11-26
1356755.3935664336,2,47,11,2010,1,1,41.92,132.8369333,8.275,14.391717946612875,24,2010-11-26
2020978.4009790209,2,47,11,2010,1,1,46.15,182.7832769,8.724,14.887679862284775,14,2010-11-26
919724.9795804196,1,47,11,2010,1,1,46.67,136.6895714,8.763,14.393172798971023,35,2010-11-26
1002911.8446853146,1,47,11,2010,1,1,28.11,132.8369333,8.149,14.067695977932882,26,2010-11-26
1356383.1244755245,2,47,11,2010,1,1,69.9,215.0614025,7.564,14.379256951760595,11,2010-11-26
1389864.4604895106,2,47,11,2010,1,1,34.95,132.8369333,5.287,14.544355932770632,23,2010-11-26
706721.5326573426,1,47,11,2010,1,1,43.43,204.9621,7.484,13.924581629985303,25,2010-11-26
2094712.9606993007,2,48,12,2010,1,0,46.4,126.7313333,7.127,14.558652495927433,4,2010-12-03
1450668.1291608391,2,48,12,2010,1,0,53.55,210.376263,8.476,14.174521158133139,39,2010-12-03
1009001.6094405595,1,48,12,2010,1,0,43.33,126.7313333,14.313,13.882733756503338,12,2010-12-03
543980.5523776223,0,48,12,2010,1,0,49.89,215.1445203,6.56,13.267615992323798,9,2010-12-03
919724.9795804196,1,48,12,2010,1,0,41.81,136.6075714,8.763,13.797957276591703,35,2010-12-03
1444999.0356643356,2,48,12,2010,1,0,36.64,132.7566667,8.067,14.295457686356674,19,2010-12-03
633324.7231468532,0,48,12,2010,1,0,44.56,203.5714286,10.21,13.231297814988151,43,2010-12-03
318011.8104895105,0,48,12,2010,1,0,51.31,212.1613951,6.768,12.749825798766192,5,2010-12-03
438579.6162237762,0,48,12,2010,1,0,50.43,211.265543,8.163,12.916846607557526,30,2010-12-03
2107676.8703496503,2,48,12,2010,1,0,35.47,204.8249189,7.484,14.697645431346752,20,2010-12-03
1395901.437062937,2,48,12,2010,1,0,50.43,211.265543,8.163,14.107222526964332,31,2010-12-03
1775216.2019580419,2,48,12,2010,1,0,41.81,136.6075714,8.021,14.449090663245764,27,2010-12-03
519247.7300699301,0,48,12,2010,1,0,23.68,190.9931437,6.986,13.146590691516248,16,2010-12-03
623312.474965035,0,48,12,2010,1,0,36.0,132.7566667,8.067,13.533327935776882,15,2010-12-03
556403.863146853,0,48,12,2010,1,0,51.17,126.7313333,9.003,13.122866850640406,42,2010-12-03
385731.6532867133,0,48,12,2010,1,0,43.33,126.7313333,14.313,12.771177228148456,38,2010-12-03
1002911.8446853146,1,48,12,2010,1,0,27.73,132.7566667,8.149,13.831526259192751,26,2010-12-03
908749.5183916084,1,48,12,2010,1,0,42.85,214.9616381,6.433,13.767126637766586,8,2010-12-03
1166568.154965035,1,48,12,2010,1,0,35.18,190.9931437,9.137,13.998576470989713,32,2010-12-03
539451.4287412588,0,48,12,2010,1,0,39.42,132.7566667,10.524,13.373401480844375,29,2010-12-03
259861.69202797202,0,48,12,2010,1,0,52.82,126.7313333,9.265,12.254802093570705,33,2010-12-03
1356383.1244755245,2,48,12,2010,1,0,55.9,214.9153531,7.564,14.137973434436079,11,2010-12-03
518900.2819580419,0,48,12,2010,1,0,54.44,210.376263,8.476,13.138658173172589,37,2010-12-03
302748.86601398606,0,48,12,2010,1,0,25.8,126.7313333,7.61,12.484518898804511,44,2010-12-03
706721.5326573426,1,48,12,2010,1,0,32.41,204.8249189,7.484,13.693991256150227,25,2010-12-03
402704.44104895106,0,48,12,2010,1,0,53.76,214.9153531,7.564,13.074058812312577,3,2010-12-03
570617.3086713287,0,48,12,2010,1,0,21.88,190.9931437,9.137,13.22277438040801,7,2010-12-03
966781.5594405595,1,48,12,2010,1,0,34.7,126.7313333,10.21,13.817022624215697,34,2010-12-03
964128.0404895104,1,48,12,2010,1,0,33.6,132.7566667,5.287,13.816093448050836,40,2010-12-03
1564728.1862937063,2,48,12,2010,1,0,52.3,213.123851,7.007,14.33255773168885,6,2010-12-03
1323522.241818182,1,48,12,2010,1,0,43.33,126.7313333,14.313,14.185636730130634,28,2010-12-03
1555264.3975524476,2,48,12,2010,1,0,49.27,211.607193,7.838,14.252496800579673,1,2010-12-03
1899424.5726573425,2,48,12,2010,1,0,51.17,126.7313333,9.003,14.62697735908206,10,2010-12-03
1356755.3935664336,2,48,12,2010,1,0,37.08,132.7566667,8.275,14.161440571339089,24,2010-12-03
2020978.4009790209,2,48,12,2010,1,0,40.93,182.6676154,8.724,14.630207285296882,14,2010-12-03
756069.0833566433,1,48,12,2010,1,0,50.43,211.265543,8.163,13.628230805608684,21,2010-12-03
1268125.418811189,1,48,12,2010,1,0,33.0,190.9931437,7.508,14.014457108852111,41,2010-12-03
785981.4085314686,1,48,12,2010,1,0,40.93,182.6676154,8.724,13.686819887260244,45,2010-12-03
373511.9927972028,0,48,12,2010,1,0,54.44,210.376263,8.476,12.794600952014841,36,2010-12-03
1084718.421048951,1,48,12,2010,1,0,37.09,132.7566667,9.331,14.006979425257036,18,2010-12-03
893581.3904195804,1,48,12,2010,1,0,22.47,126.7313333,6.885,13.739250066186132,17,2010-12-03
1389864.4604895106,2,48,12,2010,1,0,34.3,132.7566667,5.287,14.29609947114077,23,2010-12-03
1028501.0389510489,1,48,12,2010,1,0,39.42,136.6075714,8.572,14.022943810252798,22,2010-12-03
1925751.3355244757,2,48,12,2010,1,0,49.33,211.265543,8.163,14.516517901348806,2,2010-12-03
2003620.3062937064,2,48,12,2010,1,0,25.8,126.7313333,7.795,14.549502559983939,13,2010-12-03
1356755.3935664336,2,49,12,2010,1,0,27.11,132.6764,8.275,14.281138220367803,24,2010-12-10
1555264.3975524476,2,49,12,2010,1,0,46.33,211.4659526,7.838,14.33585984335524,1,2010-12-10
1899424.5726573425,2,49,12,2010,1,0,60.51,126.7934,9.003,14.695880270064176,10,2010-12-10
556403.863146853,0,49,12,2010,1,0,60.51,126.7934,9.003,13.279668345800083,42,2010-12-10
519247.7300699301,0,49,12,2010,1,0,32.02,190.9741069,6.986,13.253575201909548,16,2010-12-10
1028501.0389510489,1,49,12,2010,1,0,28.43,136.5255714,8.572,14.12827821943961,22,2010-12-10
1925751.3355244757,2,49,12,2010,1,0,45.5,211.1247993,8.163,14.68207625981806,2,2010-12-10
2094712.9606993007,2,49,12,2010,1,0,42.4,126.7934,7.127,14.649508592168077,4,2010-12-10
318011.8104895105,0,49,12,2010,1,0,48.27,212.0193491,6.768,12.773692118357115,5,2010-12-10
1009001.6094405595,1,49,12,2010,1,0,50.01,126.7934,14.313,13.930565564820402,12,2010-12-10
570617.3086713287,0,49,12,2010,1,0,24.24,190.9741069,9.137,13.304236617052501,7,2010-12-10
1444999.0356643356,2,49,12,2010,1,0,25.12,132.6764,8.067,14.402781523249534,19,2010-12-10
893581.3904195804,1,49,12,2010,1,0,31.64,126.7934,6.885,13.777264981210914,17,2010-12-10
1395901.437062937,2,49,12,2010,1,0,46.35,211.1247993,8.163,14.204633592148523,31,2010-12-10
706721.5326573426,1,49,12,2010,1,0,22.65,204.6877378,7.484,13.7796037350064,25,2010-12-10
259861.69202797202,0,49,12,2010,1,0,60.72,126.7934,9.265,12.441346723599779,33,2010-12-10
2003620.3062937064,2,49,12,2010,1,0,36.78,126.7934,7.795,14.71626902634581,13,2010-12-10
623312.474965035,0,49,12,2010,1,0,23.97,132.6764,8.067,13.649804248280597,15,2010-12-10
2107676.8703496503,2,49,12,2010,1,0,24.27,204.6877378,7.484,14.827883200872499,20,2010-12-10
302748.86601398606,0,49,12,2010,1,0,36.78,126.7934,7.61,12.536290650870345,44,2010-12-10
1356383.1244755245,2,49,12,2010,1,0,53.33,214.7693037,7.564,14.263087982968612,11,2010-12-10
373511.9927972028,0,49,12,2010,1,0,51.83,210.2372494,8.476,12.91052080381495,36,2010-12-10
1389864.4604895106,2,49,12,2010,1,0,20.12,132.6764,5.287,14.442713958472684,23,2010-12-10
1084718.421048951,1,49,12,2010,1,0,25.64,132.6764,9.331,14.163466588404175,18,2010-12-10
385731.6532867133,0,49,12,2010,1,0,50.01,126.7934,14.313,12.782591145784155,38,2010-12-10
543980.5523776223,0,49,12,2010,1,0,46.1,214.9981378,6.56,13.334442454558152,9,2010-12-10
919724.9795804196,1,49,12,2010,1,0,30.83,136.5255714,8.763,13.918591548477691,35,2010-12-10
402704.44104895106,0,49,12,2010,1,0,51.13,214.7693037,7.564,13.055460527442849,3,2010-12-10
633324.7231468532,0,49,12,2010,1,0,52.52,203.4475786,10.21,13.30248254404991,43,2010-12-10
964128.0404895104,1,49,12,2010,1,0,21.64,132.6764,5.287,13.920966117105326,40,2010-12-10
756069.0833566433,1,49,12,2010,1,0,46.35,211.1247993,8.163,13.757767709846467,21,2010-12-10
1450668.1291608391,2,49,12,2010,1,0,50.81,210.2372494,8.476,14.304437432865429,39,2010-12-10
966781.5594405595,1,49,12,2010,1,0,41.93,126.7934,10.21,13.898621188592019,34,2010-12-10
1323522.241818182,1,49,12,2010,1,0,50.01,126.7934,14.313,14.198161040460112,28,2010-12-10
1564728.1862937063,2,49,12,2010,1,0,48.46,212.9804059,7.007,14.4224125661067,6,2010-12-10
1268125.418811189,1,49,12,2010,1,0,33.9,190.9741069,7.508,14.176612081128996,41,2010-12-10
785981.4085314686,1,49,12,2010,1,0,30.54,182.5519538,8.724,13.817873104951033,45,2010-12-10
908749.5183916084,1,49,12,2010,1,0,42.47,214.8155214,6.433,13.882292775755925,8,2010-12-10
518900.2819580419,0,49,12,2010,1,0,51.83,210.2372494,8.476,13.144532848573242,37,2010-12-10
438579.6162237762,0,49,12,2010,1,0,46.35,211.1247993,8.163,12.968356143954814,30,2010-12-10
1002911.8446853146,1,49,12,2010,1,0,16.6,132.6764,8.149,13.954935956758472,26,2010-12-10
1775216.2019580419,2,49,12,2010,1,0,30.83,136.5255714,8.021,14.576192398003306,27,2010-12-10
539451.4287412588,0,49,12,2010,1,0,28.43,132.6764,10.524,13.478408158832366,29,2010-12-10
2020978.4009790209,2,49,12,2010,1,0,30.54,182.5519538,8.724,14.771222082974376,14,2010-12-10
1166568.154965035,1,49,12,2010,1,0,36.62,190.9741069,9.137,14.135652848118793,32,2010-12-10
623312.474965035,0,50,12,2010,1,0,25.3,132.6804516,8.067,13.799204483595933,15,2010-12-17
1084718.421048951,1,50,12,2010,1,0,27.4,132.6804516,9.331,14.278257741525234,18,2010-12-17
1356383.1244755245,2,50,12,2010,1,0,54.63,214.704919,7.564,14.427432579947748,11,2010-12-17
402704.44104895106,0,50,12,2010,1,0,52.2,214.704919,7.564,13.11867737242703,3,2010-12-17
302748.86601398606,0,50,12,2010,1,0,35.21,126.8794839,7.61,12.537702282814294,44,2010-12-17
2094712.9606993007,2,50,12,2010,1,0,46.57,126.8794839,7.127,14.823489697117235,4,2010-12-17
1166568.154965035,1,50,12,2010,1,0,36.07,191.0303376,9.137,14.258770427141679,32,2010-12-17
964128.0404895104,1,50,12,2010,1,0,23.01,132.6804516,5.287,13.98020881599956,40,2010-12-17
1028501.0389510489,1,50,12,2010,1,0,30.46,136.5292811,8.572,14.239263414492656,22,2010-12-17
908749.5183916084,1,50,12,2010,1,0,45.03,214.7510843,6.433,14.0148371641794,8,2010-12-17
2107676.8703496503,2,50,12,2010,1,0,24.07,204.6321194,7.484,14.851961646759317,20,2010-12-17
518900.2819580419,0,50,12,2010,1,0,56.73,210.1787224,8.476,13.188686948142458,37,2010-12-17
373511.9927972028,0,50,12,2010,1,0,56.73,210.1787224,8.476,12.924438397900662,36,2010-12-17
2003620.3062937064,2,50,12,2010,1,0,35.21,126.8794839,7.795,14.834952578550505,13,2010-12-17
539451.4287412588,0,50,12,2010,1,0,30.46,132.6804516,10.524,13.653625839077133,29,2010-12-17
259861.69202797202,0,50,12,2010,1,0,61.12,126.8794839,9.265,12.383700956253938,33,2010-12-17
1925751.3355244757,2,50,12,2010,1,0,47.55,211.0645458,8.163,14.774541858717313,2,2010-12-17
1268125.418811189,1,50,12,2010,1,0,31.51,191.0303376,7.508,14.302804887748325,41,2010-12-17
893581.3904195804,1,50,12,2010,1,0,25.13,126.8794839,6.885,13.863703763036693,17,2010-12-17
1395901.437062937,2,50,12,2010,1,0,48.63,211.0645458,8.163,14.354730033836157,31,2010-12-17
1450668.1291608391,2,50,12,2010,1,0,55.31,210.1787224,8.476,14.426456660744838,39,2010-12-17
966781.5594405595,1,50,12,2010,1,0,42.64,126.8794839,10.21,14.020204256649917,34,2010-12-17
438579.6162237762,0,50,12,2010,1,0,48.63,211.0645458,8.163,13.006578224650132,30,2010-12-17
633324.7231468532,0,50,12,2010,1,0,56.51,203.3996521,10.21,13.330617054703993,43,2010-12-17
1775216.2019580419,2,50,12,2010,1,0,31.62,136.5292811,8.021,14.669968166077595,27,2010-12-17
1356755.3935664336,2,50,12,2010,1,0,27.99,132.6804516,8.275,14.324450466887079,24,2010-12-17
318011.8104895105,0,50,12,2010,1,0,51.61,211.9580815,6.768,12.815300545457632,5,2010-12-17
1002911.8446853146,1,50,12,2010,1,0,20.61,132.6804516,8.149,13.995173859726924,26,2010-12-17
1555264.3975524476,2,50,12,2010,1,0,49.84,211.4053124,7.838,14.452635347988908,1,2010-12-17
2020978.4009790209,2,50,12,2010,1,0,30.51,182.517732,8.724,14.831777805343874,14,2010-12-17
543980.5523776223,0,50,12,2010,1,0,49.7,214.9334937,6.56,13.437530550065002,9,2010-12-17
919724.9795804196,1,50,12,2010,1,0,31.62,136.5292811,8.763,14.08933840226232,35,2010-12-17
1899424.5726573425,2,50,12,2010,1,0,59.15,126.8794839,9.003,14.849281292918413,10,2010-12-17
785981.4085314686,1,50,12,2010,1,0,30.51,182.517732,8.724,13.931766962245081,45,2010-12-17
1389864.4604895106,2,50,12,2010,1,0,23.05,132.6804516,5.287,14.621349828390192,23,2010-12-17
1323522.241818182,1,50,12,2010,1,0,52.77,126.8794839,14.313,14.227914615780241,28,2010-12-17
556403.863146853,0,50,12,2010,1,0,59.15,126.8794839,9.003,13.194603384568685,42,2010-12-17
1564728.1862937063,2,50,12,2010,1,0,52.24,212.918049,7.007,14.552803778279639,6,2010-12-17
570617.3086713287,0,50,12,2010,1,0,20.74,191.0303376,9.137,13.48197972517027,7,2010-12-17
706721.5326573426,1,50,12,2010,1,0,21.6,204.6321194,7.484,13.862116042219348,25,2010-12-17
519247.7300699301,0,50,12,2010,1,0,26.01,191.0303376,6.986,13.38265319939539,16,2010-12-17
385731.6532867133,0,50,12,2010,1,0,52.77,126.8794839,14.313,12.720219198900189,38,2010-12-17
1444999.0356643356,2,50,12,2010,1,0,26.83,132.6804516,8.067,14.463643866181103,19,2010-12-17
756069.0833566433,1,50,12,2010,1,0,48.63,211.0645458,8.163,13.953146616161137,21,2010-12-17
1009001.6094405595,1,50,12,2010,1,0,52.77,126.8794839,14.313,14.074489367471376,12,2010-12-17
1084718.421048951,1,51,12,2010,1,0,28.16,132.7477419,9.331,14.522318084692357,18,2010-12-24
1775216.2019580419,2,51,12,2010,1,0,31.34,136.597273,8.021,14.939843574433581,27,2010-12-24
1356755.3935664336,2,51,12,2010,1,0,27.74,132.7477419,8.275,14.685135901732709,24,2010-12-24
1555264.3975524476,2,51,12,2010,1,0,52.33,211.4051222,7.838,14.685946317774935,1,2010-12-24
385731.6532867133,0,51,12,2010,1,0,52.02,126.9835806,14.313,12.81884380454035,38,2010-12-24
1564728.1862937063,2,51,12,2010,1,0,55.07,212.9165082,7.007,14.818923926638456,6,2010-12-24
556403.863146853,0,51,12,2010,1,0,57.06,126.9835806,9.003,13.226860806710262,42,2010-12-24
919724.9795804196,1,51,12,2010,1,0,31.34,136.597273,8.763,14.391695482186316,35,2010-12-24
1395901.437062937,2,51,12,2010,1,0,51.29,211.0646599,8.163,14.54254887564567,31,2010-12-24
1444999.0356643356,2,51,12,2010,1,0,26.05,132.7477419,8.067,14.800658255557277,19,2010-12-24
1356383.1244755245,2,51,12,2010,1,0,59.33,214.7017828,7.564,14.651140480512751,11,2010-12-24
519247.7300699301,0,51,12,2010,1,0,32.46,191.1430189,6.986,13.820231088706732,16,2010-12-24
2003620.3062937064,2,51,12,2010,1,0,34.9,126.9835806,7.795,15.095306033506876,13,2010-12-24
966781.5594405595,1,51,12,2010,1,0,42.74,126.9835806,10.21,14.298399100288407,34,2010-12-24
785981.4085314686,1,51,12,2010,1,0,30.59,182.54459,8.724,14.33600708542849,45,2010-12-24
539451.4287412588,0,51,12,2010,1,0,29.76,132.7477419,10.524,13.938548906906158,29,2010-12-24
908749.5183916084,1,51,12,2010,1,0,45.67,214.7479069,6.433,14.228707094737716,8,2010-12-24
1166568.154965035,1,51,12,2010,1,0,30.72,191.1430189,9.137,14.48292145324693,32,2010-12-24
543980.5523776223,0,51,12,2010,1,0,50.93,214.9301534,6.56,13.680090010581502,9,2010-12-24
706721.5326573426,1,51,12,2010,1,0,22.94,204.6376731,7.484,14.074324056686995,25,2010-12-24
570617.3086713287,0,51,12,2010,1,0,26.04,191.1430189,9.137,13.859647895456549,7,2010-12-24
1009001.6094405595,1,51,12,2010,1,0,52.02,126.9835806,14.313,14.385501418220604,12,2010-12-24
1323522.241818182,1,51,12,2010,1,0,52.02,126.9835806,14.313,14.521587482949135,28,2010-12-24
1899424.5726573425,2,51,12,2010,1,0,57.06,126.9835806,9.003,15.137015350436805,10,2010-12-24
1028501.0389510489,1,51,12,2010,1,0,29.76,136.597273,8.572,14.48970223271929,22,2010-12-24
1389864.4604895106,2,51,12,2010,1,0,22.96,132.7477419,5.287,14.8213780101859,23,2010-12-24
318011.8104895105,0,51,12,2010,1,0,55.01,211.9573978,6.768,13.05196505444728,5,2010-12-24
438579.6162237762,0,51,12,2010,1,0,51.29,211.0646599,8.163,13.16034463043648,30,2010-12-24
1002911.8446853146,1,51,12,2010,1,0,21.81,132.7477419,8.149,14.269120205998368,26,2010-12-24
2020978.4009790209,2,51,12,2010,1,0,30.59,182.54459,8.724,15.155417322062492,14,2010-12-24
633324.7231468532,0,51,12,2010,1,0,57.15,203.4086682,10.21,13.394889115703114,43,2010-12-24
402704.44104895106,0,51,12,2010,1,0,57.16,214.7017828,7.564,13.314621090033494,3,2010-12-24
1450668.1291608391,2,51,12,2010,1,0,58.86,210.1805602,8.476,14.72999576085151,39,2010-12-24
518900.2819580419,0,51,12,2010,1,0,59.1,210.1805602,8.476,13.265269796812502,37,2010-12-24
964128.0404895104,1,51,12,2010,1,0,24.18,132.7477419,5.287,14.315576612612118,40,2010-12-24
1268125.418811189,1,51,12,2010,1,0,29.81,191.1430189,7.508,14.615275442090056,41,2010-12-24
623312.474965035,0,51,12,2010,1,0,25.07,132.7477419,8.067,14.129093661355268,15,2010-12-24
302748.86601398606,0,51,12,2010,1,0,34.9,126.9835806,7.61,12.807924486020088,44,2010-12-24
756069.0833566433,1,51,12,2010,1,0,51.29,211.0646599,8.163,14.277519048597174,21,2010-12-24
373511.9927972028,0,51,12,2010,1,0,59.1,210.1805602,8.476,12.952984714820413,36,2010-12-24
2107676.8703496503,2,51,12,2010,1,0,25.17,204.6376731,7.484,15.141706772873874,20,2010-12-24
893581.3904195804,1,51,12,2010,1,0,26.58,126.9835806,6.885,14.08494804808721,17,2010-12-24
259861.69202797202,0,51,12,2010,1,0,60.43,126.9835806,9.265,12.426202861305693,33,2010-12-24
1925751.3355244757,2,51,12,2010,1,0,49.97,211.0646599,8.163,15.04982108827634,2,2010-12-24
2094712.9606993007,2,51,12,2010,1,0,43.21,126.9835806,7.127,15.075877227770865,4,2010-12-24
1002911.8446853146,1,52,12,2010,1,1,18.73,132.8150323,8.149,13.684569282374408,26,2010-12-31
2003620.3062937064,2,52,12,2010,1,1,26.79,127.0876774,7.795,14.331498633316778,13,2010-12-31
1775216.2019580419,2,52,12,2010,1,1,29.59,136.665265,8.021,14.18082289201865,27,2010-12-31
2020978.4009790209,2,52,12,2010,1,1,29.67,182.5714479,8.724,14.30022880673535,14,2010-12-31
756069.0833566433,1,52,12,2010,1,1,47.19,211.064774,8.163,13.419358295380459,21,2010-12-31
785981.4085314686,1,52,12,2010,1,1,29.67,182.5714479,8.724,13.428607896681594,45,2010-12-31
1009001.6094405595,1,52,12,2010,1,1,45.64,127.0876774,14.313,13.700927545517795,12,2010-12-31
633324.7231468532,0,52,12,2010,1,1,48.61,203.4176843,10.21,13.189538357527594,43,2010-12-31
1564728.1862937063,2,52,12,2010,1,1,49.14,212.9149674,7.007,14.196717822622933,6,2010-12-31
623312.474965035,0,52,12,2010,1,1,26.54,132.8150323,8.067,13.206254369385807,15,2010-12-31
919724.9795804196,1,52,12,2010,1,1,29.59,136.665265,8.763,13.264440984383548,35,2010-12-31
402704.44104895106,0,52,12,2010,1,1,53.2,214.6986466,7.564,12.854951169481637,3,2010-12-31
964128.0404895104,1,52,12,2010,1,1,19.29,132.8150323,5.287,13.606416967080852,40,2010-12-31
2094712.9606993007,2,52,12,2010,1,1,38.09,127.0876774,7.127,14.400443009026189,4,2010-12-31
518900.2819580419,0,52,12,2010,1,1,52.88,210.182398,8.476,13.039704767907747,37,2010-12-31
1084718.421048951,1,52,12,2010,1,1,26.1,132.8150323,9.331,13.696623424265907,18,2010-12-31
966781.5594405595,1,52,12,2010,1,1,34.11,127.0876774,10.21,13.712492507701999,34,2010-12-31
908749.5183916084,1,52,12,2010,1,1,41.47,214.7447295,6.433,13.558794051842588,8,2010-12-31
893581.3904195804,1,52,12,2010,1,1,20.79,127.0876774,6.885,13.36273927527924,17,2010-12-31
1268125.418811189,1,52,12,2010,1,1,25.19,191.2557002,7.508,13.81730011575013,41,2010-12-31
539451.4287412588,0,52,12,2010,1,1,28.49,132.8150323,10.524,13.05192593445483,29,2010-12-31
1450668.1291608391,2,52,12,2010,1,1,52.45,210.182398,8.476,14.022535426478356,39,2010-12-31
1389864.4604895106,2,52,12,2010,1,1,19.05,132.8150323,5.287,13.97232185235834,23,2010-12-31
302748.86601398606,0,52,12,2010,1,1,26.79,127.0876774,7.61,12.396437228629148,44,2010-12-31
1395901.437062937,2,52,12,2010,1,1,47.19,211.064774,8.163,13.996224656823035,31,2010-12-31
438579.6162237762,0,52,12,2010,1,1,47.19,211.064774,8.163,12.893282283721128,30,2010-12-31
373511.9927972028,0,52,12,2010,1,1,52.88,210.182398,8.476,12.791945396734043,36,2010-12-31
2107676.8703496503,2,52,12,2010,1,1,28.85,204.6432267,7.484,14.403152095669284,20,2010-12-31
706721.5326573426,1,52,12,2010,1,1,25.89,204.6432267,7.484,13.342451930961317,25,2010-12-31
385731.6532867133,0,52,12,2010,1,1,45.64,127.0876774,14.313,12.624486258739266,38,2010-12-31
570617.3086713287,0,52,12,2010,1,1,13.76,191.2557002,9.137,13.500214820131726,7,2010-12-31
1444999.0356643356,2,52,12,2010,1,1,28.65,132.8150323,8.067,14.058572761216093,19,2010-12-31
1555264.3975524476,2,52,12,2010,1,1,48.43,211.4049321,7.838,14.128363916228995,1,2010-12-31
556403.863146853,0,52,12,2010,1,1,49.67,127.0876774,9.003,12.969106364804201,42,2010-12-31
1323522.241818182,1,52,12,2010,1,1,45.64,127.0876774,14.313,13.90220148945006,28,2010-12-31
1166568.154965035,1,52,12,2010,1,1,27.7,191.2557002,9.137,13.769953244497195,32,2010-12-31
519247.7300699301,0,52,12,2010,1,1,19.66,191.2557002,6.986,13.262678870889625,16,2010-12-31
1356383.1244755245,2,52,12,2010,1,1,55.03,214.6986466,7.564,13.974225747406491,11,2010-12-31
318011.8104895105,0,52,12,2010,1,1,49.79,211.9567142,6.768,12.605456567315763,5,2010-12-31
1356755.3935664336,2,52,12,2010,1,1,25.9,132.8150323,8.275,14.004974091683005,24,2010-12-31
1899424.5726573425,2,52,12,2010,1,1,49.67,127.0876774,9.003,14.350423229539874,10,2010-12-31
1925751.3355244757,2,52,12,2010,1,1,47.3,211.064774,8.163,14.37537520064707,2,2010-12-31
1028501.0389510489,1,52,12,2010,1,1,28.49,136.665265,8.572,13.559667249771014,22,2010-12-31
543980.5523776223,0,52,12,2010,1,1,45.92,214.9268131,6.56,13.038485667166507,9,2010-12-31
259861.69202797202,0,52,12,2010,1,1,52.91,127.0876774,9.265,12.300499935702122,33,2010-12-31
1444999.0356643356,2,1,1,2011,0,0,31.34,132.8823226,7.771,14.017779331274086,19,2011-01-07
570617.3086713287,0,1,1,2011,0,0,10.09,191.3683815,8.818,13.401758618719754,7,2011-01-07
964128.0404895104,1,1,1,2011,0,0,24.05,132.8823226,5.114,13.70377553490274,40,2011-01-07
1084718.421048951,1,1,1,2011,0,0,30.1,132.8823226,9.131,13.747190281663032,18,2011-01-07
1323522.241818182,1,1,1,2011,0,0,37.64,127.1917742,14.021,14.154054554151664,28,2011-01-07
1564728.1862937063,2,1,1,2011,0,0,47.78,212.9134266,6.858,14.115943007774625,6,2011-01-07
539451.4287412588,0,1,1,2011,0,0,32.56,132.8823226,10.256,13.030145407786444,29,2011-01-07
318011.8104895105,0,1,1,2011,0,0,48.3,211.9560305,6.634,12.564964041323709,5,2011-01-07
1268125.418811189,1,1,1,2011,0,0,23.76,191.3683815,7.241,13.958395904387089,41,2011-01-07
1450668.1291608391,2,1,1,2011,0,0,52.74,210.1842358,8.395,14.018023653346711,39,2011-01-07
438579.6162237762,0,1,1,2011,0,0,44.24,211.0648881,8.028,13.019396018084382,30,2011-01-07
519247.7300699301,0,1,1,2011,0,0,12.39,191.3683815,6.614,13.259595095372815,16,2011-01-07
893581.3904195804,1,1,1,2011,0,0,6.23,127.1917742,6.866,13.8953121350297,17,2011-01-07
1002911.8446853146,1,1,1,2011,0,0,21.13,132.8823226,7.907,13.751665353760297,26,2011-01-07
633324.7231468532,0,1,1,2011,0,0,40.47,203.4267005,10.398,13.324156804185916,43,2011-01-07
373511.9927972028,0,1,1,2011,0,0,54.11,210.1842358,8.395,12.860117315950585,36,2011-01-07
302748.86601398606,0,1,1,2011,0,0,16.94,127.1917742,7.224,12.571831039739157,44,2011-01-07
1395901.437062937,2,1,1,2011,0,0,44.24,211.0648881,8.028,14.087054003016602,31,2011-01-07
385731.6532867133,0,1,1,2011,0,0,37.64,127.1917742,14.021,12.864487429358253,38,2011-01-07
706721.5326573426,1,1,1,2011,0,0,29.0,204.6487803,7.343,13.233539086005088,25,2011-01-07
259861.69202797202,0,1,1,2011,0,0,46.25,127.1917742,8.951,12.404717827387593,33,2011-01-07
919724.9795804196,1,1,1,2011,0,0,34.42,136.7332569,8.549,13.383635892283905,35,2011-01-07
966781.5594405595,1,1,1,2011,0,0,24.5,127.1917742,10.398,13.710869716612093,34,2011-01-07
2094712.9606993007,2,1,1,2011,0,0,39.34,127.1917742,6.51,14.437418025134535,4,2011-01-07
2107676.8703496503,2,1,1,2011,0,0,31.43,204.6487803,7.343,14.426922572367133,20,2011-01-07
1925751.3355244757,2,1,1,2011,0,0,44.69,211.0648881,8.028,14.37971681640653,2,2011-01-07
518900.2819580419,0,1,1,2011,0,0,54.11,210.1842358,8.395,13.203878883055202,37,2011-01-07
1356755.3935664336,2,1,1,2011,0,0,30.72,132.8823226,8.252,13.979874088638757,24,2011-01-07
1356383.1244755245,2,1,1,2011,0,0,54.43,214.6955104,7.551,13.980097820984783,11,2011-01-07
1166568.154965035,1,1,1,2011,0,0,23.78,191.3683815,8.818,13.860882668189594,32,2011-01-07
1775216.2019580419,2,1,1,2011,0,0,34.42,136.7332569,7.827,14.265413821594175,27,2011-01-07
756069.0833566433,1,1,1,2011,0,0,44.24,211.0648881,8.028,13.352129844713286,21,2011-01-07
1009001.6094405595,1,1,1,2011,0,0,37.64,127.1917742,14.021,13.72132211278036,12,2011-01-07
402704.44104895106,0,1,1,2011,0,0,53.35,214.6955104,7.551,12.843290380288902,3,2011-01-07
543980.5523776223,0,1,1,2011,0,0,41.82,214.9234729,6.416,13.10416433487855,9,2011-01-07
2020978.4009790209,2,1,1,2011,0,0,34.32,182.5983058,8.549,14.438635998647948,14,2011-01-07
556403.863146853,0,1,1,2011,0,0,43.43,127.1917742,8.744,13.29286324928717,42,2011-01-07
623312.474965035,0,1,1,2011,0,0,30.53,132.8823226,7.771,13.141463346129079,15,2011-01-07
1899424.5726573425,2,1,1,2011,0,0,43.43,127.1917742,8.744,14.354521750255707,10,2011-01-07
1389864.4604895106,2,1,1,2011,0,0,27.81,132.8823226,5.114,13.930654986668197,23,2011-01-07
1555264.3975524476,2,1,1,2011,0,0,48.27,211.4047419,7.742,14.183435281176564,1,2011-01-07
1028501.0389510489,1,1,1,2011,0,0,32.56,136.7332569,8.458,13.680784966854212,22,2011-01-07
908749.5183916084,1,1,1,2011,0,0,35.77,214.7415521,6.262,13.679766696778055,8,2011-01-07
2003620.3062937064,2,1,1,2011,0,0,16.94,127.1917742,7.47,14.372004558187074,13,2011-01-07
785981.4085314686,1,1,1,2011,0,0,34.32,182.5983058,8.549,13.43022352137017,45,2011-01-07
1925751.3355244757,2,2,1,2011,0,0,33.02,211.1176713,8.028,14.371803448328388,2,2011-01-14
438579.6162237762,0,2,1,2011,0,0,34.14,211.1176713,8.028,13.050673414892225,30,2011-01-14
1028501.0389510489,1,2,1,2011,0,0,24.76,136.803477,8.458,13.601743559062475,22,2011-01-14
259861.69202797202,0,2,1,2011,0,0,53.63,127.3009355,8.951,12.466622765432056,33,2011-01-14
908749.5183916084,1,2,1,2011,0,0,31.62,214.7930991,6.262,13.604354444359727,8,2011-01-14
302748.86601398606,0,2,1,2011,0,0,20.6,127.3009355,7.224,12.587451187364792,44,2011-01-14
756069.0833566433,1,2,1,2011,0,0,34.14,211.1176713,8.028,13.385942488262415,21,2011-01-14
2020978.4009790209,2,2,1,2011,0,0,24.78,182.6585782,8.549,14.345607432576864,14,2011-01-14
1268125.418811189,1,2,1,2011,0,0,22.44,191.4784939,7.241,13.8667835041448,41,2011-01-14
1899424.5726573425,2,2,1,2011,0,0,49.98,127.3009355,8.744,14.352474338286633,10,2011-01-14
1323522.241818182,1,2,1,2011,0,0,43.15,127.3009355,14.021,13.90926280664206,28,2011-01-14
1450668.1291608391,2,2,1,2011,0,0,41.74,210.2379731,8.395,13.992149658474839,39,2011-01-14
373511.9927972028,0,2,1,2011,0,0,42.87,210.2379731,8.395,12.92512811408177,36,2011-01-14
1166568.154965035,1,2,1,2011,0,0,21.69,191.4784939,8.818,13.84332756260332,32,2011-01-14
1084718.421048951,1,2,1,2011,0,0,22.69,132.9510645,9.131,13.563422476204964,18,2011-01-14
570617.3086713287,0,2,1,2011,0,0,11.32,191.4784939,8.818,13.21290931712763,7,2011-01-14
706721.5326573426,1,2,1,2011,0,0,18.3,204.7026042,7.343,13.257526640303979,25,2011-01-14
633324.7231468532,0,2,1,2011,0,0,43.45,203.4840645,10.398,13.329281721059305,43,2011-01-14
318011.8104895105,0,2,1,2011,0,0,37.74,212.008514,6.634,12.470886637732203,5,2011-01-14
1002911.8446853146,1,2,1,2011,0,0,16.7,132.9510645,7.907,13.607654911337258,26,2011-01-14
518900.2819580419,0,2,1,2011,0,0,42.87,210.2379731,8.395,13.172329801889225,37,2011-01-14
893581.3904195804,1,2,1,2011,0,0,16.57,127.3009355,6.866,13.539113054586718,17,2011-01-14
543980.5523776223,0,2,1,2011,0,0,36.43,214.9749587,6.416,13.03481590765174,9,2011-01-14
402704.44104895106,0,2,1,2011,0,0,44.76,214.7470729,7.551,12.85071763295305,3,2011-01-14
1775216.2019580419,2,2,1,2011,0,0,25.7,136.803477,7.827,14.242286710690527,27,2011-01-14
519247.7300699301,0,2,1,2011,0,0,17.46,191.4784939,6.614,13.06126764838432,16,2011-01-14
966781.5594405595,1,2,1,2011,0,0,30.75,127.3009355,10.398,13.708605884040825,34,2011-01-14
1555264.3975524476,2,2,1,2011,0,0,35.4,211.4574109,7.742,14.145544225700371,1,2011-01-14
1564728.1862937063,2,2,1,2011,0,0,38.37,212.9655882,6.858,14.082629309615921,6,2011-01-14
919724.9795804196,1,2,1,2011,0,0,25.7,136.803477,8.549,13.44106693913078,35,2011-01-14
385731.6532867133,0,2,1,2011,0,0,43.15,127.3009355,14.021,12.783078601299378,38,2011-01-14
1395901.437062937,2,2,1,2011,0,0,34.14,211.1176713,8.028,14.116156714853226,31,2011-01-14
1389864.4604895106,2,2,1,2011,0,0,18.2,132.9510645,5.114,13.832128806779266,23,2011-01-14
556403.863146853,0,2,1,2011,0,0,49.98,127.3009355,8.744,13.327587571755027,42,2011-01-14
1009001.6094405595,1,2,1,2011,0,0,43.15,127.3009355,14.021,13.60727138256637,12,2011-01-14
539451.4287412588,0,2,1,2011,0,0,24.76,132.9510645,10.256,12.964319736494245,29,2011-01-14
1356755.3935664336,2,2,1,2011,0,0,22.41,132.9510645,8.252,13.9705818424764,24,2011-01-14
1444999.0356643356,2,2,1,2011,0,0,21.68,132.9510645,7.771,13.982046110520594,19,2011-01-14
2094712.9606993007,2,2,1,2011,0,0,31.6,127.3009355,6.51,14.439041526372264,4,2011-01-14
964128.0404895104,1,2,1,2011,0,0,18.55,132.9510645,5.114,13.55585422972572,40,2011-01-14
2107676.8703496503,2,2,1,2011,0,0,20.39,204.7026042,7.343,14.449091374368068,20,2011-01-14
1356383.1244755245,2,2,1,2011,0,0,45.34,214.7470729,7.551,13.993197039373706,11,2011-01-14
623312.474965035,0,2,1,2011,0,0,19.53,132.9510645,7.771,13.080343165308026,15,2011-01-14
2003620.3062937064,2,2,1,2011,0,0,20.6,127.3009355,7.47,14.335682752138949,13,2011-01-14
785981.4085314686,1,2,1,2011,0,0,24.78,182.6585782,8.549,13.390893134561237,45,2011-01-14
1389864.4604895106,2,3,1,2011,0,0,15.58,133.0285161,5.114,13.92050736148686,23,2011-01-21
2020978.4009790209,2,3,1,2011,0,0,30.55,182.9193368,8.549,14.371227251443758,14,2011-01-21
756069.0833566433,1,3,1,2011,0,0,42.72,211.4864691,8.028,13.405951174738826,21,2011-01-21
1899424.5726573425,2,3,1,2011,0,0,56.75,127.4404839,8.744,14.332849233685197,10,2011-01-21
1555264.3975524476,2,3,1,2011,0,0,44.04,211.8272343,7.742,14.09873753620479,1,2011-01-21
964128.0404895104,1,3,1,2011,0,0,14.64,133.0285161,5.114,13.546343683119414,40,2011-01-21
1009001.6094405595,1,3,1,2011,0,0,53.53,127.4404839,14.021,13.594996671049895,12,2011-01-21
1028501.0389510489,1,3,1,2011,0,0,26.8,136.8870657,8.458,13.658859110489205,22,2011-01-21
539451.4287412588,0,3,1,2011,0,0,26.8,133.0285161,10.256,13.006133222903648,29,2011-01-21
1084718.421048951,1,3,1,2011,0,0,22.55,133.0285161,9.131,13.700267537486376,18,2011-01-21
570617.3086713287,0,3,1,2011,0,0,25.4,191.5731924,8.818,13.164542134306107,7,2011-01-21
893581.3904195804,1,3,1,2011,0,0,26.62,127.4404839,6.866,13.535539174926532,17,2011-01-21
1564728.1862937063,2,3,1,2011,0,0,46.2,213.3399647,6.858,14.047617164816911,6,2011-01-21
919724.9795804196,1,3,1,2011,0,0,30.13,136.8870657,8.549,13.399848239580725,35,2011-01-21
785981.4085314686,1,3,1,2011,0,0,30.55,182.9193368,8.549,13.375898518077193,45,2011-01-21
302748.86601398606,0,3,1,2011,0,0,34.8,127.4404839,7.224,12.528731341560691,44,2011-01-21
373511.9927972028,0,3,1,2011,0,0,51.18,210.6031072,8.395,12.897197908391483,36,2011-01-21
1356755.3935664336,2,3,1,2011,0,0,23.69,133.0285161,8.252,13.917319023555038,24,2011-01-21
1356383.1244755245,2,3,1,2011,0,0,51.51,215.1268275,7.551,13.987594210809881,11,2011-01-21
259861.69202797202,0,3,1,2011,0,0,59.46,127.4404839,8.951,12.408431442619403,33,2011-01-21
1925751.3355244757,2,3,1,2011,0,0,41.4,211.4864691,8.028,14.37591797533556,2,2011-01-21
2003620.3062937064,2,3,1,2011,0,0,34.8,127.4404839,7.47,14.386590873483952,13,2011-01-21
966781.5594405595,1,3,1,2011,0,0,39.57,127.4404839,10.398,13.700129324420615,34,2011-01-21
706721.5326573426,1,3,1,2011,0,0,23.21,205.0460497,7.343,13.25004318032316,25,2011-01-21
1323522.241818182,1,3,1,2011,0,0,53.53,127.4404839,14.021,13.892166098736213,28,2011-01-21
318011.8104895105,0,3,1,2011,0,0,45.41,212.3800012,6.634,12.525668778404718,5,2011-01-21
385731.6532867133,0,3,1,2011,0,0,53.53,127.4404839,14.021,12.739928271246841,38,2011-01-21
518900.2819580419,0,3,1,2011,0,0,51.18,210.6031072,8.395,13.173983476385441,37,2011-01-21
2107676.8703496503,2,3,1,2011,0,0,27.43,205.0460497,7.343,14.393138385054938,20,2011-01-21
402704.44104895106,0,3,1,2011,0,0,50.74,215.1268275,7.551,12.76819300868267,3,2011-01-21
1450668.1291608391,2,3,1,2011,0,0,50.25,210.6031072,8.395,14.033337392555229,39,2011-01-21
556403.863146853,0,3,1,2011,0,0,56.75,127.4404839,8.744,13.187056174140809,42,2011-01-21
438579.6162237762,0,3,1,2011,0,0,42.72,211.4864691,8.028,12.992559019321378,30,2011-01-21
1395901.437062937,2,3,1,2011,0,0,42.72,211.4864691,8.028,14.11128588896748,31,2011-01-21
519247.7300699301,0,3,1,2011,0,0,28.6,191.5731924,6.614,13.04524284435004,16,2011-01-21
1775216.2019580419,2,3,1,2011,0,0,30.13,136.8870657,7.827,14.232265627272858,27,2011-01-21
1268125.418811189,1,3,1,2011,0,0,32.7,191.5731924,7.241,13.899876338447594,41,2011-01-21
1166568.154965035,1,3,1,2011,0,0,34.54,191.5731924,8.818,13.89094256961928,32,2011-01-21
623312.474965035,0,3,1,2011,0,0,21.84,133.0285161,7.771,13.096659915577975,15,2011-01-21
633324.7231468532,0,3,1,2011,0,0,53.05,203.8315161,10.398,13.306359847414367,43,2011-01-21
1444999.0356643356,2,3,1,2011,0,0,22.8,133.0285161,7.771,14.008581499220307,19,2011-01-21
2094712.9606993007,2,3,1,2011,0,0,38.34,127.4404839,6.51,14.450178126403715,4,2011-01-21
1002911.8446853146,1,3,1,2011,0,0,12.98,133.0285161,7.907,13.604584826686668,26,2011-01-21
908749.5183916084,1,3,1,2011,0,0,42.06,215.1729926,6.262,13.620309491217757,8,2011-01-21
543980.5523776223,0,3,1,2011,0,0,44.72,215.3554013,6.416,13.025902453748197,9,2011-01-21
373511.9927972028,0,4,1,2011,0,0,48.74,210.9682412,8.395,12.827119775174172,36,2011-01-28
438579.6162237762,0,4,1,2011,0,0,44.04,211.8552668,8.028,12.962171244696494,30,2011-01-28
519247.7300699301,0,4,1,2011,0,0,20.8,191.667891,6.614,13.013425336694871,16,2011-01-28
259861.69202797202,0,4,1,2011,0,0,56.62,127.5800323,8.951,12.350851979717115,33,2011-01-28
385731.6532867133,0,4,1,2011,0,0,50.74,127.5800323,14.021,12.787053313199063,38,2011-01-28
1564728.1862937063,2,4,1,2011,0,0,44.98,213.7143412,6.858,14.067852225121285,6,2011-01-28
402704.44104895106,0,4,1,2011,0,0,48.71,215.5065821,7.551,12.807288840372875,3,2011-01-28
919724.9795804196,1,4,1,2011,0,0,23.64,136.9706544,8.549,13.358684963737561,35,2011-01-28
318011.8104895105,0,4,1,2011,0,0,44.5,212.7514884,6.634,12.539287403753454,5,2011-01-28
539451.4287412588,0,4,1,2011,0,0,20.61,133.1059677,10.256,12.924955723537828,29,2011-01-28
2107676.8703496503,2,4,1,2011,0,0,23.21,205.3894952,7.343,14.381680636674448,20,2011-01-28
893581.3904195804,1,4,1,2011,0,0,22.16,127.5800323,6.866,13.509442752347566,17,2011-01-28
1028501.0389510489,1,4,1,2011,0,0,20.61,136.9706544,8.458,13.591579384056807,22,2011-01-28
785981.4085314686,1,4,1,2011,0,0,24.05,183.1800955,8.549,13.332962300865121,45,2011-01-28
2003620.3062937064,2,4,1,2011,0,0,31.64,127.5800323,7.47,14.306335976356822,13,2011-01-28
543980.5523776223,0,4,1,2011,0,0,43.9,215.7358438,6.416,13.046696455334784,9,2011-01-28
623312.474965035,0,4,1,2011,0,0,19.61,133.1059677,7.771,13.083873245311702,15,2011-01-28
1395901.437062937,2,4,1,2011,0,0,44.04,211.8552668,8.028,14.042611612023977,31,2011-01-28
1356383.1244755245,2,4,1,2011,0,0,51.04,215.5065821,7.551,13.911202201365745,11,2011-01-28
1925751.3355244757,2,4,1,2011,0,0,42.83,211.8552668,8.028,14.343413144835266,2,2011-01-28
302748.86601398606,0,4,1,2011,0,0,31.64,127.5800323,7.224,12.528201071226308,44,2011-01-28
1356755.3935664336,2,4,1,2011,0,0,17.91,133.1059677,8.252,13.935000882040685,24,2011-01-28
1002911.8446853146,1,4,1,2011,0,0,5.54,133.1059677,7.907,13.613989227481383,26,2011-01-28
1323522.241818182,1,4,1,2011,0,0,50.74,127.5800323,14.021,13.93583320164012,28,2011-01-28
1009001.6094405595,1,4,1,2011,0,0,50.74,127.5800323,14.021,13.679828351139133,12,2011-01-28
1389864.4604895106,2,4,1,2011,0,0,10.91,133.1059677,5.114,13.8958534759548,23,2011-01-28
1268125.418811189,1,4,1,2011,0,0,32.23,191.667891,7.241,13.84160796872933,41,2011-01-28
2094712.9606993007,2,4,1,2011,0,0,40.6,127.5800323,6.51,14.41117822491588,4,2011-01-28
1084718.421048951,1,4,1,2011,0,0,14.84,133.1059677,9.131,13.65245248315378,18,2011-01-28
1166568.154965035,1,4,1,2011,0,0,34.86,191.667891,8.818,13.822303285067333,32,2011-01-28
518900.2819580419,0,4,1,2011,0,0,48.74,210.9682412,8.395,13.149342856048923,37,2011-01-28
1775216.2019580419,2,4,1,2011,0,0,23.64,136.9706544,7.827,14.166950608728067,27,2011-01-28
570617.3086713287,0,4,1,2011,0,0,10.11,191.667891,8.818,13.14875828660678,7,2011-01-28
1450668.1291608391,2,4,1,2011,0,0,47.94,210.9682412,8.395,13.962808761684787,39,2011-01-28
1555264.3975524476,2,4,1,2011,0,0,43.83,212.1970577,7.742,14.090791283099605,1,2011-01-28
1444999.0356643356,2,4,1,2011,0,0,20.66,133.1059677,7.771,14.06563599411855,19,2011-01-28
756069.0833566433,1,4,1,2011,0,0,44.04,211.8552668,8.028,13.384541916933703,21,2011-01-28
908749.5183916084,1,4,1,2011,0,0,39.26,215.5528862,6.262,13.569939453749084,8,2011-01-28
966781.5594405595,1,4,1,2011,0,0,34.68,127.5800323,10.398,13.63724327149836,34,2011-01-28
556403.863146853,0,4,1,2011,0,0,53.03,127.5800323,8.744,13.120527272795458,42,2011-01-28
706721.5326573426,1,4,1,2011,0,0,18.92,205.3894952,7.343,13.30543413680924,25,2011-01-28
633324.7231468532,0,4,1,2011,0,0,44.98,204.1789677,10.398,13.24025177639869,43,2011-01-28
964128.0404895104,1,4,1,2011,0,0,9.51,133.1059677,5.114,13.561793656053341,40,2011-01-28
2020978.4009790209,2,4,1,2011,0,0,24.05,183.1800955,8.549,14.294052246524553,14,2011-01-28
1899424.5726573425,2,4,1,2011,0,0,53.03,127.5800323,8.744,14.355372546554271,10,2011-01-28
908749.5183916084,1,5,2,2011,0,0,24.48,215.9327797,6.262,13.758512368934705,8,2011-02-04
1395901.437062937,2,5,2,2011,0,0,36.33,212.2240646,8.028,14.182378597345872,31,2011-02-04
2094712.9606993007,2,5,2,2011,0,0,34.61,127.7195806,6.51,14.566495912386078,4,2011-02-04
1009001.6094405595,1,5,2,2011,0,0,45.14,127.7195806,14.021,13.860550049527713,12,2011-02-04
1775216.2019580419,2,5,2,2011,0,0,28.7,137.0542431,7.827,14.302925348160068,27,2011-02-04
1389864.4604895106,2,5,2,2011,0,0,14.5,133.1834194,5.114,13.963447282528207,23,2011-02-04
1444999.0356643356,2,5,2,2011,0,0,21.02,133.1834194,7.771,14.130732242552028,19,2011-02-04
919724.9795804196,1,5,2,2011,0,0,28.7,137.0542431,8.549,13.52459399351186,35,2011-02-04
1555264.3975524476,2,5,2,2011,0,0,42.27,212.5668812,7.742,14.289649736525519,1,2011-02-04
385731.6532867133,0,5,2,2011,0,0,45.14,127.7195806,14.021,12.905059641128796,38,2011-02-04
519247.7300699301,0,5,2,2011,0,0,13.64,191.7625895,6.614,13.080007185771976,16,2011-02-04
966781.5594405595,1,5,2,2011,0,0,23.82,127.7195806,10.398,13.787043046148668,34,2011-02-04
1564728.1862937063,2,5,2,2011,0,0,40.59,214.0887176,6.858,14.23092610913682,6,2011-02-04
539451.4287412588,0,5,2,2011,0,0,26.39,133.1834194,10.256,13.13058526486442,29,2011-02-04
785981.4085314686,1,5,2,2011,0,0,28.73,183.4408542,8.549,13.540340983355927,45,2011-02-04
556403.863146853,0,5,2,2011,0,0,44.88,127.7195806,8.744,13.282587848644813,42,2011-02-04
893581.3904195804,1,5,2,2011,0,0,11.29,127.7195806,6.866,13.61290961744385,17,2011-02-04
706721.5326573426,1,5,2,2011,0,0,23.94,205.7329407,7.343,13.368960061275684,25,2011-02-04
1002911.8446853146,1,5,2,2011,0,0,11.17,133.1834194,7.907,13.723184742511345,26,2011-02-04
1356755.3935664336,2,5,2,2011,0,0,23.83,133.1834194,8.252,14.01860081120701,24,2011-02-04
756069.0833566433,1,5,2,2011,0,0,36.33,212.2240646,8.028,13.298363730755392,21,2011-02-04
633324.7231468532,0,5,2,2011,0,0,33.21,204.5264194,10.398,13.387067625051415,43,2011-02-04
518900.2819580419,0,5,2,2011,0,0,46.68,211.3333753,8.395,13.277375708760408,37,2011-02-04
570617.3086713287,0,5,2,2011,0,0,-2.06,191.7625895,8.818,13.232165799174107,7,2011-02-04
302748.86601398606,0,5,2,2011,0,0,23.35,127.7195806,7.224,12.591178843645626,44,2011-02-04
1899424.5726573425,2,5,2,2011,0,0,44.88,127.7195806,8.744,14.492552192692367,10,2011-02-04
1323522.241818182,1,5,2,2011,0,0,45.14,127.7195806,14.021,14.263331408599662,28,2011-02-04
1450668.1291608391,2,5,2,2011,0,0,45.96,211.3333753,8.395,14.110993330685876,39,2011-02-04
1268125.418811189,1,5,2,2011,0,0,14.56,191.7625895,7.241,13.980534621990659,41,2011-02-04
2020978.4009790209,2,5,2,2011,0,0,28.73,183.4408542,8.549,14.506602062068445,14,2011-02-04
1166568.154965035,1,5,2,2011,0,0,15.47,191.7625895,8.818,13.88359789958278,32,2011-02-04
402704.44104895106,0,5,2,2011,0,0,45.95,215.8863367,7.551,12.991155067190292,3,2011-02-04
1084718.421048951,1,5,2,2011,0,0,20.79,133.1834194,9.131,13.869849338148564,18,2011-02-04
373511.9927972028,0,5,2,2011,0,0,46.68,211.3333753,8.395,12.942094193052469,36,2011-02-04
964128.0404895104,1,5,2,2011,0,0,13.29,133.1834194,5.114,13.714875139210548,40,2011-02-04
543980.5523776223,0,5,2,2011,0,0,31.82,216.1162864,6.416,13.20783124379412,9,2011-02-04
2107676.8703496503,2,5,2,2011,0,0,28.58,205.7329407,7.343,14.670412605950897,20,2011-02-04
318011.8104895105,0,5,2,2011,0,0,41.67,213.1229755,6.634,12.7056781586137,5,2011-02-04
438579.6162237762,0,5,2,2011,0,0,36.33,212.2240646,8.028,13.104142276835201,30,2011-02-04
259861.69202797202,0,5,2,2011,0,0,49.26,127.7195806,8.951,12.364011982182037,33,2011-02-04
623312.474965035,0,5,2,2011,0,0,20.69,133.1834194,7.771,13.229515616965799,15,2011-02-04
1028501.0389510489,1,5,2,2011,0,0,26.39,137.0542431,8.458,13.760063363858208,22,2011-02-04
2003620.3062937064,2,5,2,2011,0,0,23.35,127.7195806,7.47,14.429716030361556,13,2011-02-04
1925751.3355244757,2,5,2,2011,0,0,38.25,212.2240646,8.028,14.47269228087291,2,2011-02-04
1356383.1244755245,2,5,2,2011,0,0,47.17,215.8863367,7.551,14.167959520006816,11,2011-02-04
1323522.241818182,1,6,2,2011,0,1,51.3,127.859129,14.021,14.150054064351995,28,2011-02-11
2094712.9606993007,2,6,2,2011,0,1,33.29,127.859129,6.51,14.598429102825735,4,2011-02-11
633324.7231468532,0,6,2,2011,0,1,40.65,204.873871,10.398,13.36240649129515,43,2011-02-11
1389864.4604895106,2,6,2,2011,0,1,21.52,133.260871,5.114,14.03848401481324,23,2011-02-11
402704.44104895106,0,6,2,2011,0,1,43.57,216.2660913,7.551,12.972765806427446,3,2011-02-11
1028501.0389510489,1,6,2,2011,0,1,28.89,137.1378318,8.458,13.824675758901419,22,2011-02-11
556403.863146853,0,6,2,2011,0,1,51.51,127.859129,8.744,13.350398752215918,42,2011-02-11
1084718.421048951,1,6,2,2011,0,1,24.3,133.260871,9.131,13.930672009157927,18,2011-02-11
2107676.8703496503,2,6,2,2011,0,1,25.38,206.0763862,7.343,14.609131446162218,20,2011-02-11
1775216.2019580419,2,6,2,2011,0,1,30.45,137.1378318,7.827,14.30790278784603,27,2011-02-11
318011.8104895105,0,6,2,2011,0,1,38.25,213.4944627,6.634,12.649448442417603,5,2011-02-11
1268125.418811189,1,6,2,2011,0,1,16.81,191.8572881,7.241,13.955276291636594,41,2011-02-11
1555264.3975524476,2,6,2,2011,0,1,36.39,212.9367046,7.742,14.316053049084722,1,2011-02-11
785981.4085314686,1,6,2,2011,0,1,30.3,183.7016129,8.549,13.5495338765684,45,2011-02-11
756069.0833566433,1,6,2,2011,0,1,34.61,212.5928624,8.028,13.55662260711079,21,2011-02-11
706721.5326573426,1,6,2,2011,0,1,21.18,206.0763862,7.343,13.330462778849478,25,2011-02-11
1925751.3355244757,2,6,2,2011,0,1,33.19,212.5928624,8.028,14.589335295407576,2,2011-02-11
302748.86601398606,0,6,2,2011,0,1,30.83,127.859129,7.224,12.63619046299356,44,2011-02-11
1002911.8446853146,1,6,2,2011,0,1,15.12,133.260871,7.907,13.826165670103725,26,2011-02-11
1564728.1862937063,2,6,2,2011,0,1,39.38,214.4630941,6.858,14.21221821125966,6,2011-02-11
1444999.0356643356,2,6,2,2011,0,1,21.79,133.260871,7.771,14.173780705888314,19,2011-02-11
1356755.3935664336,2,6,2,2011,0,1,26.51,133.260871,8.252,14.109106325004452,24,2011-02-11
964128.0404895104,1,6,2,2011,0,1,16.87,133.260871,5.114,13.745024271888672,40,2011-02-11
2020978.4009790209,2,6,2,2011,0,1,30.3,183.7016129,8.549,14.498812447304196,14,2011-02-11
1450668.1291608391,2,6,2,2011,0,1,40.34,211.6985093,8.395,14.020811789563268,39,2011-02-11
438579.6162237762,0,6,2,2011,0,1,34.61,212.5928624,8.028,13.062448263827385,30,2011-02-11
259861.69202797202,0,6,2,2011,0,1,53.35,127.859129,8.951,12.528879578610036,33,2011-02-11
919724.9795804196,1,6,2,2011,0,1,30.45,137.1378318,8.549,13.663825866752894,35,2011-02-11
966781.5594405595,1,6,2,2011,0,1,28.66,127.859129,10.398,13.831044873277133,34,2011-02-11
539451.4287412588,0,6,2,2011,0,1,28.89,133.260871,10.256,13.218380180219071,29,2011-02-11
908749.5183916084,1,6,2,2011,0,1,28.26,216.3126733,6.262,13.811651511413206,8,2011-02-11
543980.5523776223,0,6,2,2011,0,1,34.13,216.496729,6.416,13.22722780603133,9,2011-02-11
623312.474965035,0,6,2,2011,0,1,21.64,133.260871,7.771,13.27571147810825,15,2011-02-11
1899424.5726573425,2,6,2,2011,0,1,51.51,127.859129,8.744,14.564758878925307,10,2011-02-11
1009001.6094405595,1,6,2,2011,0,1,51.3,127.859129,14.021,13.898400810607589,12,2011-02-11
519247.7300699301,0,6,2,2011,0,1,15.02,191.8572881,6.614,13.05367308156532,16,2011-02-11
893581.3904195804,1,6,2,2011,0,1,14.19,127.859129,6.866,13.60874768280291,17,2011-02-11
570617.3086713287,0,6,2,2011,0,1,10.24,191.8572881,8.818,13.23552085162698,7,2011-02-11
385731.6532867133,0,6,2,2011,0,1,51.3,127.859129,14.021,12.841785238823682,38,2011-02-11
1395901.437062937,2,6,2,2011,0,1,34.61,212.5928624,8.028,14.246793706919405,31,2011-02-11
1166568.154965035,1,6,2,2011,0,1,18.51,191.8572881,8.818,13.932722941941066,32,2011-02-11
518900.2819580419,0,6,2,2011,0,1,41.16,211.6985093,8.395,13.166409582965427,37,2011-02-11
373511.9927972028,0,6,2,2011,0,1,41.16,211.6985093,8.395,12.902968291805996,36,2011-02-11
2003620.3062937064,2,6,2,2011,0,1,30.83,127.859129,7.47,14.480484524411935,13,2011-02-11
1356383.1244755245,2,6,2,2011,0,1,44.61,216.2660913,7.551,14.165630595366896,11,2011-02-11
1323522.241818182,1,7,2,2011,0,0,53.35,127.99525,14.021,14.230813660583113,28,2011-02-18
1899424.5726573425,2,7,2,2011,0,0,61.77,127.99525,8.744,14.560745103804011,10,2011-02-18
1925751.3355244757,2,7,2,2011,0,0,57.83,212.9033115,8.028,14.548304236018481,2,2011-02-18
756069.0833566433,1,7,2,2011,0,0,59.87,212.9033115,8.028,13.69300718401989,21,2011-02-18
2094712.9606993007,2,7,2,2011,0,0,48.17,127.99525,6.51,14.655566498838816,4,2011-02-18
706721.5326573426,1,7,2,2011,0,0,38.42,206.3694701,7.343,13.360810083849044,25,2011-02-18
1775216.2019580419,2,7,2,2011,0,0,39.32,137.2511849,7.827,14.351633210648671,27,2011-02-18
302748.86601398606,0,7,2,2011,0,0,40.85,127.99525,7.224,12.545350799024998,44,2011-02-18
373511.9927972028,0,7,2,2011,0,0,57.48,212.0063522,8.395,12.96495145550336,36,2011-02-18
919724.9795804196,1,7,2,2011,0,0,39.32,137.2511849,8.549,13.670839497562875,35,2011-02-18
1555264.3975524476,2,7,2,2011,0,0,57.36,213.2478853,7.742,14.338369754987733,1,2011-02-18
785981.4085314686,1,7,2,2011,0,0,40.7,183.9371353,8.549,13.595181055996571,45,2011-02-18
570617.3086713287,0,7,2,2011,0,0,17.3,191.9178331,8.818,13.257573183205091,7,2011-02-18
1084718.421048951,1,7,2,2011,0,0,31.59,133.3701429,9.131,13.906319321579497,18,2011-02-18
2107676.8703496503,2,7,2,2011,0,0,42.95,206.3694701,7.343,14.630263343289595,20,2011-02-18
385731.6532867133,0,7,2,2011,0,0,53.35,127.99525,14.021,12.806577260038255,38,2011-02-18
543980.5523776223,0,7,2,2011,0,0,58.5,216.8154856,6.416,13.322830241185123,9,2011-02-18
893581.3904195804,1,7,2,2011,0,0,26.86,127.99525,6.866,13.665807866155046,17,2011-02-18
556403.863146853,0,7,2,2011,0,0,61.77,127.99525,8.744,13.229397471847607,42,2011-02-18
623312.474965035,0,7,2,2011,0,0,33.06,133.3701429,7.771,13.384719180297559,15,2011-02-18
966781.5594405595,1,7,2,2011,0,0,45.12,127.99525,10.398,13.876257807555733,34,2011-02-18
1395901.437062937,2,7,2,2011,0,0,59.87,212.9033115,8.028,14.246685588669743,31,2011-02-18
964128.0404895104,1,7,2,2011,0,0,21.82,133.3701429,5.114,13.783705548386825,40,2011-02-18
259861.69202797202,0,7,2,2011,0,0,62.03,127.99525,8.951,12.43857466941567,33,2011-02-18
438579.6162237762,0,7,2,2011,0,0,59.87,212.9033115,8.028,12.941012972889308,30,2011-02-18
318011.8104895105,0,7,2,2011,0,0,58.83,213.8068304,6.634,12.78443619085661,5,2011-02-18
1028501.0389510489,1,7,2,2011,0,0,35.34,137.2511849,8.458,13.791182885275235,22,2011-02-18
633324.7231468532,0,7,2,2011,0,0,59.15,205.1683214,10.398,13.348109570905176,43,2011-02-18
518900.2819580419,0,7,2,2011,0,0,57.48,212.0063522,8.395,13.193458525558349,37,2011-02-18
1356383.1244755245,2,7,2,2011,0,0,61.5,216.5843571,7.551,14.256824129063514,11,2011-02-18
2003620.3062937064,2,7,2,2011,0,0,40.85,127.99525,7.47,14.510397020096727,13,2011-02-18
519247.7300699301,0,7,2,2011,0,0,27.18,191.9178331,6.614,13.10456754674413,16,2011-02-18
1389864.4604895106,2,7,2,2011,0,0,26.6,133.3701429,5.114,14.130301275706056,23,2011-02-18
1009001.6094405595,1,7,2,2011,0,0,53.35,127.99525,14.021,13.936387557928601,12,2011-02-18
2020978.4009790209,2,7,2,2011,0,0,40.7,183.9371353,8.549,14.51812907844192,14,2011-02-18
402704.44104895106,0,7,2,2011,0,0,61.58,216.5843571,7.551,12.977991957692863,3,2011-02-18
1166568.154965035,1,7,2,2011,0,0,42.09,191.9178331,8.818,13.984011701286704,32,2011-02-18
908749.5183916084,1,7,2,2011,0,0,50.64,216.6310383,6.262,13.878588300183651,8,2011-02-18
1356755.3935664336,2,7,2,2011,0,0,34.04,133.3701429,8.252,14.123106369186186,24,2011-02-18
1002911.8446853146,1,7,2,2011,0,0,19.63,133.3701429,7.907,13.79732522254626,26,2011-02-18
1444999.0356643356,2,7,2,2011,0,0,34.74,133.3701429,7.771,14.192076176303319,19,2011-02-18
1564728.1862937063,2,7,2,2011,0,0,59.61,214.7775231,6.858,14.267934656252997,6,2011-02-18
539451.4287412588,0,7,2,2011,0,0,35.34,133.3701429,10.256,13.203999049482253,29,2011-02-18
1450668.1291608391,2,7,2,2011,0,0,58.2,212.0063522,8.395,14.10461766956528,39,2011-02-18
1268125.418811189,1,7,2,2011,0,0,39.39,191.9178331,7.241,14.000661973594738,41,2011-02-18
259861.69202797202,0,8,2,2011,0,0,54.89,128.13,8.951,12.400414213343275,33,2011-02-25
1450668.1291608391,2,8,2,2011,0,0,67.77,212.2912786,8.395,14.031365362785113,39,2011-02-25
2094712.9606993007,2,8,2,2011,0,0,49.0,128.13,6.51,14.546962498666742,4,2011-02-25
373511.9927972028,0,8,2,2011,0,0,67.73,212.2912786,8.395,12.848664259514477,36,2011-02-25
318011.8104895105,0,8,2,2011,0,0,63.35,214.0955503,6.634,12.593579125130876,5,2011-02-25
785981.4085314686,1,8,2,2011,0,0,35.78,184.1625632,8.549,13.505879737746339,45,2011-02-25
1028501.0389510489,1,8,2,2011,0,0,30.23,137.3764439,8.458,13.722568644601857,22,2011-02-25
556403.863146853,0,8,2,2011,0,0,53.59,128.13,8.744,13.174775697449059,42,2011-02-25
1925751.3355244757,2,8,2,2011,0,0,60.8,213.190421,8.028,14.421743854963768,2,2011-02-25
302748.86601398606,0,8,2,2011,0,0,33.17,128.13,7.224,12.540503263751846,44,2011-02-25
908749.5183916084,1,8,2,2011,0,0,51.29,216.9247918,6.262,13.729209637631445,8,2011-02-25
1323522.241818182,1,8,2,2011,0,0,48.45,128.13,14.021,14.086909204609828,28,2011-02-25
2003620.3062937064,2,8,2,2011,0,0,33.17,128.13,7.47,14.42088331594388,13,2011-02-25
519247.7300699301,0,8,2,2011,0,0,26.15,191.9647167,6.614,13.071496602570695,16,2011-02-25
919724.9795804196,1,8,2,2011,0,0,33.05,137.3764439,8.549,13.642501814000566,35,2011-02-25
1356755.3935664336,2,8,2,2011,0,0,26.09,133.4921429,8.252,14.026680575770406,24,2011-02-25
1268125.418811189,1,8,2,2011,0,0,26.1,191.9647167,7.241,13.910562458962954,41,2011-02-25
1444999.0356643356,2,8,2,2011,0,0,23.24,133.4921429,7.771,14.075301876782582,19,2011-02-25
1356383.1244755245,2,8,2,2011,0,0,68.74,216.8780275,7.551,14.096168287382376,11,2011-02-25
385731.6532867133,0,8,2,2011,0,0,48.45,128.13,14.021,12.777711127512664,38,2011-02-25
1775216.2019580419,2,8,2,2011,0,0,33.05,137.3764439,7.827,14.339609723210998,27,2011-02-25
438579.6162237762,0,8,2,2011,0,0,61.27,213.190421,8.028,12.977774434785692,30,2011-02-25
1395901.437062937,2,8,2,2011,0,0,61.27,213.190421,8.028,14.127162459910426,31,2011-02-25
2020978.4009790209,2,8,2,2011,0,0,35.78,184.1625632,8.549,14.44449774840141,14,2011-02-25
539451.4287412588,0,8,2,2011,0,0,30.23,133.4921429,10.256,13.08913983720622,29,2011-02-25
1564728.1862937063,2,8,2,2011,0,0,62.86,215.0679731,6.858,14.16799774648279,6,2011-02-25
2107676.8703496503,2,8,2,2011,0,0,33.2,206.6424093,7.343,14.47748153178893,20,2011-02-25
1002911.8446853146,1,8,2,2011,0,0,16.3,133.4921429,7.907,13.721528879311382,26,2011-02-25
966781.5594405595,1,8,2,2011,0,0,44.57,128.13,10.398,13.76771896755407,34,2011-02-25
1555264.3975524476,2,8,2,2011,0,0,62.9,213.535609,7.742,14.19175368603326,1,2011-02-25
1166568.154965035,1,8,2,2011,0,0,33.0,191.9647167,8.818,13.868819705653577,32,2011-02-25
543980.5523776223,0,8,2,2011,0,0,59.01,217.1095679,6.416,13.148242018092553,9,2011-02-25
756069.0833566433,1,8,2,2011,0,0,61.27,213.190421,8.028,13.551954889056285,21,2011-02-25
893581.3904195804,1,8,2,2011,0,0,24.36,128.13,6.866,13.550577786705572,17,2011-02-25
570617.3086713287,0,8,2,2011,0,0,17.46,191.9647167,8.818,13.211640558852547,7,2011-02-25
1009001.6094405595,1,8,2,2011,0,0,48.45,128.13,14.021,13.860679621474137,12,2011-02-25
623312.474965035,0,8,2,2011,0,0,20.87,133.4921429,7.771,13.21323661945118,15,2011-02-25
1084718.421048951,1,8,2,2011,0,0,26.15,133.4921429,9.131,13.821477033098725,18,2011-02-25
1899424.5726573425,2,8,2,2011,0,0,53.59,128.13,8.744,14.492527192975773,10,2011-02-25
402704.44104895106,0,8,2,2011,0,0,67.4,216.8780275,7.551,12.892225900511033,3,2011-02-25
518900.2819580419,0,8,2,2011,0,0,67.73,212.2912786,8.395,13.151454478057525,37,2011-02-25
633324.7231468532,0,8,2,2011,0,0,58.37,205.4415714,10.398,13.291837778429718,43,2011-02-25
964128.0404895104,1,8,2,2011,0,0,16.5,133.4921429,5.114,13.697706575838515,40,2011-02-25
1389864.4604895106,2,8,2,2011,0,0,17.0,133.4921429,5.114,14.003580726449202,23,2011-02-25
706721.5326573426,1,8,2,2011,0,0,28.36,206.6424093,7.343,13.254824542539662,25,2011-02-25
1389864.4604895106,2,9,3,2011,0,0,20.67,133.6141429,5.114,14.078786929412617,23,2011-03-04
1395901.437062937,2,9,3,2011,0,0,59.52,213.4775305,8.028,14.161029025208302,31,2011-03-04
2020978.4009790209,2,9,3,2011,0,0,38.65,184.3879911,8.549,14.52905656550902,14,2011-03-04
259861.69202797202,0,9,3,2011,0,0,59.51,128.26475,8.951,12.410794759266388,33,2011-03-04
1450668.1291608391,2,9,3,2011,0,0,63.56,212.576205,8.395,14.090400987581296,39,2011-03-04
1002911.8446853146,1,9,3,2011,0,0,14.31,133.6141429,7.907,13.759621635625953,26,2011-03-04
539451.4287412588,0,9,3,2011,0,0,33.52,133.6141429,10.256,13.19195038968801,29,2011-03-04
964128.0404895104,1,9,3,2011,0,0,18.49,133.6141429,5.114,13.792315234377059,40,2011-03-04
1268125.418811189,1,9,3,2011,0,0,34.99,192.0116004,7.241,14.021921862735413,41,2011-03-04
1444999.0356643356,2,9,3,2011,0,0,29.28,133.6141429,7.771,14.175678701570577,19,2011-03-04
318011.8104895105,0,9,3,2011,0,0,60.35,214.3842702,6.634,12.703918373742708,5,2011-03-04
908749.5183916084,1,9,3,2011,0,0,53.18,217.2185454,6.262,13.748587788764878,8,2011-03-04
1028501.0389510489,1,9,3,2011,0,0,33.52,137.5017028,8.458,13.812861201516775,22,2011-03-04
633324.7231468532,0,9,3,2011,0,0,60.26,205.7148214,10.398,13.331564178755754,43,2011-03-04
1166568.154965035,1,9,3,2011,0,0,39.17,192.0116004,8.818,13.91702745437244,32,2011-03-04
1356383.1244755245,2,9,3,2011,0,0,66.5,217.1716979,7.551,14.151595569623577,11,2011-03-04
518900.2819580419,0,9,3,2011,0,0,64.55,212.576205,8.395,13.176042997251088,37,2011-03-04
402704.44104895106,0,9,3,2011,0,0,65.11,217.1716979,7.551,12.987884129993068,3,2011-03-04
2003620.3062937064,2,9,3,2011,0,0,34.23,128.26475,7.47,14.45470917465832,13,2011-03-04
519247.7300699301,0,9,3,2011,0,0,31.77,192.0116004,6.614,13.091553737391292,16,2011-03-04
1356755.3935664336,2,9,3,2011,0,0,31.36,133.6141429,8.252,14.113387136901471,24,2011-03-04
1564728.1862937063,2,9,3,2011,0,0,60.45,215.3584231,6.858,14.222720136931308,6,2011-03-04
1009001.6094405595,1,9,3,2011,0,0,51.72,128.26475,14.021,13.897320205218705,12,2011-03-04
438579.6162237762,0,9,3,2011,0,0,59.52,213.4775305,8.028,13.002082572417713,30,2011-03-04
1323522.241818182,1,9,3,2011,0,0,51.72,128.26475,14.021,14.360005694286953,28,2011-03-04
623312.474965035,0,9,3,2011,0,0,28.16,133.6141429,7.771,13.259296086488163,15,2011-03-04
1084718.421048951,1,9,3,2011,0,0,28.49,133.6141429,9.131,13.87689876582173,18,2011-03-04
556403.863146853,0,9,3,2011,0,0,56.96,128.26475,8.744,13.25493437900099,42,2011-03-04
570617.3086713287,0,9,3,2011,0,0,21.84,192.0116004,8.818,13.220178399288944,7,2011-03-04
1925751.3355244757,2,9,3,2011,0,0,57.77,213.4775305,8.028,14.499419587910491,2,2011-03-04
893581.3904195804,1,9,3,2011,0,0,24.21,128.26475,6.866,13.61234036691956,17,2011-03-04
543980.5523776223,0,9,3,2011,0,0,60.67,217.4036503,6.416,13.203052977336405,9,2011-03-04
385731.6532867133,0,9,3,2011,0,0,51.72,128.26475,14.021,12.91270457185054,38,2011-03-04
1555264.3975524476,2,9,3,2011,0,0,59.58,213.8233327,7.742,14.307926402890157,1,2011-03-04
966781.5594405595,1,9,3,2011,0,0,46.21,128.26475,10.398,13.778755086005331,34,2011-03-04
785981.4085314686,1,9,3,2011,0,0,38.65,184.3879911,8.549,13.543546127008916,45,2011-03-04
919724.9795804196,1,9,3,2011,0,0,36.99,137.5017028,8.549,13.653520359251974,35,2011-03-04
706721.5326573426,1,9,3,2011,0,0,31.59,206.9153485,7.343,13.370649282111572,25,2011-03-04
2107676.8703496503,2,9,3,2011,0,0,37.33,206.9153485,7.343,14.577915859496082,20,2011-03-04
302748.86601398606,0,9,3,2011,0,0,34.23,128.26475,7.224,12.591285861437793,44,2011-03-04
756069.0833566433,1,9,3,2011,0,0,59.52,213.4775305,8.028,13.58770455429182,21,2011-03-04
2094712.9606993007,2,9,3,2011,0,0,46.56,128.26475,6.51,14.559092620831521,4,2011-03-04
1775216.2019580419,2,9,3,2011,0,0,36.99,137.5017028,7.827,14.319995121636085,27,2011-03-04
1899424.5726573425,2,9,3,2011,0,0,56.96,128.26475,8.744,14.487436242009016,10,2011-03-04
373511.9927972028,0,9,3,2011,0,0,64.55,212.576205,8.395,12.90565120039465,36,2011-03-04
373511.9927972028,0,10,3,2011,0,0,59.15,212.8611313,8.395,12.917815303505344,36,2011-03-11
706721.5326573426,1,10,3,2011,0,0,36.73,207.1882876,7.343,13.304400543763157,25,2011-03-11
518900.2819580419,0,10,3,2011,0,0,59.15,212.8611313,8.395,13.133523669028948,37,2011-03-11
2094712.9606993007,2,10,3,2011,0,0,50.93,128.3995,6.51,14.52837183739207,4,2011-03-11
1028501.0389510489,1,10,3,2011,0,0,41.42,137.6269617,8.458,13.758504376065867,22,2011-03-11
633324.7231468532,0,10,3,2011,0,0,60.24,205.9880714,10.398,13.351930652356481,43,2011-03-11
402704.44104895106,0,10,3,2011,0,0,61.29,217.4653683,7.551,12.911035495325327,3,2011-03-11
1899424.5726573425,2,10,3,2011,0,0,64.22,128.3995,8.744,14.474826951586035,10,2011-03-11
623312.474965035,0,10,3,2011,0,0,34.27,133.7361429,7.771,13.193820931730308,15,2011-03-11
1925751.3355244757,2,10,3,2011,0,0,52.7,213.7646401,8.028,14.446307919097304,2,2011-03-11
519247.7300699301,0,10,3,2011,0,0,29.36,192.058484,6.614,13.03354385761841,16,2011-03-11
556403.863146853,0,10,3,2011,0,0,64.22,128.3995,8.744,13.316770870810036,42,2011-03-11
1166568.154965035,1,10,3,2011,0,0,36.51,192.058484,8.818,13.912146413217933,32,2011-03-11
543980.5523776223,0,10,3,2011,0,0,54.75,217.6977326,6.416,13.157314411513951,9,2011-03-11
908749.5183916084,1,10,3,2011,0,0,49.14,217.512299,6.262,13.71058138259918,8,2011-03-11
385731.6532867133,0,10,3,2011,0,0,57.75,128.3995,14.021,12.788003811521852,38,2011-03-11
2107676.8703496503,2,10,3,2011,0,0,39.53,207.1882876,7.343,14.50411431780194,20,2011-03-11
302748.86601398606,0,10,3,2011,0,0,41.28,128.3995,7.224,12.558478479773916,44,2011-03-11
756069.0833566433,1,10,3,2011,0,0,54.69,213.7646401,8.028,13.545643386955938,21,2011-03-11
1002911.8446853146,1,10,3,2011,0,0,28.13,133.7361429,7.907,13.760648323532543,26,2011-03-11
2020978.4009790209,2,10,3,2011,0,0,45.01,184.613419,8.549,14.473603282854887,14,2011-03-11
259861.69202797202,0,10,3,2011,0,0,66.51,128.3995,8.951,12.509587859637021,33,2011-03-11
1775216.2019580419,2,10,3,2011,0,0,43.64,137.6269617,7.827,14.29376801174047,27,2011-03-11
2003620.3062937064,2,10,3,2011,0,0,41.28,128.3995,7.47,14.432010781258588,13,2011-03-11
1395901.437062937,2,10,3,2011,0,0,54.69,213.7646401,8.028,14.15595626844341,31,2011-03-11
1444999.0356643356,2,10,3,2011,0,0,35.59,133.7361429,7.771,14.116689706206023,19,2011-03-11
1564728.1862937063,2,10,3,2011,0,0,57.71,215.6488731,6.858,14.217301183422176,6,2011-03-11
893581.3904195804,1,10,3,2011,0,0,32.42,128.3995,6.866,13.56654055650877,17,2011-03-11
1084718.421048951,1,10,3,2011,0,0,38.4,133.7361429,9.131,13.818222128332236,18,2011-03-11
1450668.1291608391,2,10,3,2011,0,0,58.35,212.8611313,8.395,14.065270964934866,39,2011-03-11
1268125.418811189,1,10,3,2011,0,0,31.6,192.058484,7.241,13.963146290103637,41,2011-03-11
966781.5594405595,1,10,3,2011,0,0,45.87,128.3995,10.398,13.757831306158836,34,2011-03-11
785981.4085314686,1,10,3,2011,0,0,45.01,184.613419,8.549,13.478660271891371,45,2011-03-11
1356755.3935664336,2,10,3,2011,0,0,39.51,133.7361429,8.252,14.04122655769404,24,2011-03-11
1356383.1244755245,2,10,3,2011,0,0,63.29,217.4653683,7.551,14.08901128124013,11,2011-03-11
570617.3086713287,0,10,3,2011,0,0,20.7,192.058484,8.818,13.233841834236658,7,2011-03-11
438579.6162237762,0,10,3,2011,0,0,54.69,213.7646401,8.028,12.991185350583795,30,2011-03-11
1555264.3975524476,2,10,3,2011,0,0,53.56,214.1110564,7.742,14.255823131785899,1,2011-03-11
318011.8104895105,0,10,3,2011,0,0,55.74,214.6729901,6.634,12.588266056069909,5,2011-03-11
1323522.241818182,1,10,3,2011,0,0,57.75,128.3995,14.021,14.13820064848197,28,2011-03-11
1009001.6094405595,1,10,3,2011,0,0,57.75,128.3995,14.021,13.813181467738161,12,2011-03-11
919724.9795804196,1,10,3,2011,0,0,43.64,137.6269617,8.549,13.629906487612647,35,2011-03-11
964128.0404895104,1,10,3,2011,0,0,30.53,133.7361429,5.114,13.664985972569736,40,2011-03-11
1389864.4604895106,2,10,3,2011,0,0,29.36,133.7361429,5.114,13.856695254700128,23,2011-03-11
539451.4287412588,0,10,3,2011,0,0,41.42,133.7361429,10.256,13.109139222432297,29,2011-03-11
1555264.3975524476,2,11,3,2011,0,0,62.76,214.3627114,7.742,14.270920122520295,1,2011-03-18
1395901.437062937,2,11,3,2011,0,0,63.26,214.0156238,8.028,14.170075290973221,31,2011-03-18
964128.0404895104,1,11,3,2011,0,0,35.76,133.8492258,5.114,13.67742625656222,40,2011-03-18
2094712.9606993007,2,11,3,2011,0,0,51.86,128.5121935,6.51,14.56526317894699,4,2011-03-18
259861.69202797202,0,11,3,2011,0,0,72.72,128.5121935,8.951,12.418096481327407,33,2011-03-18
706721.5326573426,1,11,3,2011,0,0,40.94,207.4283845,7.343,13.31032672267129,25,2011-03-18
438579.6162237762,0,11,3,2011,0,0,63.26,214.0156238,8.028,12.960954043841937,30,2011-03-18
373511.9927972028,0,11,3,2011,0,0,64.9,213.1096787,8.395,12.9748216568812,36,2011-03-18
1899424.5726573425,2,11,3,2011,0,0,70.12,128.5121935,8.744,14.44929794990642,10,2011-03-18
1166568.154965035,1,11,3,2011,0,0,45.25,192.1237981,8.818,13.91151731328535,32,2011-03-18
785981.4085314686,1,11,3,2011,0,0,46.66,184.809719,8.549,13.505672538530423,45,2011-03-18
1775216.2019580419,2,11,3,2011,0,0,46.65,137.7398929,7.827,14.300735386016417,27,2011-03-18
1009001.6094405595,1,11,3,2011,0,0,64.21,128.5121935,14.021,13.82496869840468,12,2011-03-18
518900.2819580419,0,11,3,2011,0,0,64.9,213.1096787,8.395,13.078419974687634,37,2011-03-18
908749.5183916084,1,11,3,2011,0,0,56.68,217.7705442,6.262,13.708248390868514,8,2011-03-18
556403.863146853,0,11,3,2011,0,0,70.12,128.5121935,8.744,13.232544829650589,42,2011-03-18
1323522.241818182,1,11,3,2011,0,0,64.21,128.5121935,14.021,14.067369612353897,28,2011-03-18
1925751.3355244757,2,11,3,2011,0,0,62.32,214.0156238,8.028,14.45871020135697,2,2011-03-18
385731.6532867133,0,11,3,2011,0,0,64.21,128.5121935,14.021,12.764147103369275,38,2011-03-18
919724.9795804196,1,11,3,2011,0,0,46.65,137.7398929,8.549,13.593196437577111,35,2011-03-18
1450668.1291608391,2,11,3,2011,0,0,65.28,213.1096787,8.395,14.11443745720612,39,2011-03-18
1389864.4604895106,2,11,3,2011,0,0,37.28,133.8492258,5.114,14.000897096233365,23,2011-03-18
302748.86601398606,0,11,3,2011,0,0,44.69,128.5121935,7.224,12.548600367777063,44,2011-03-18
1564728.1862937063,2,11,3,2011,0,0,65.07,215.9035078,6.858,14.337499521145444,6,2011-03-18
402704.44104895106,0,11,3,2011,0,0,69.47,217.7235226,7.551,12.879298992307827,3,2011-03-18
966781.5594405595,1,11,3,2011,0,0,55.58,128.5121935,10.398,13.829630204929062,34,2011-03-18
2003620.3062937064,2,11,3,2011,0,0,44.69,128.5121935,7.47,14.432016827341029,13,2011-03-18
756069.0833566433,1,11,3,2011,0,0,63.26,214.0156238,8.028,13.584297031818915,21,2011-03-18
1444999.0356643356,2,11,3,2011,0,0,40.32,133.8492258,7.771,14.045012547497004,19,2011-03-18
318011.8104895105,0,11,3,2011,0,0,64.31,214.9257339,6.634,12.651330963140717,5,2011-03-18
1028501.0389510489,1,11,3,2011,0,0,43.38,137.7398929,8.458,13.739091739398914,22,2011-03-18
539451.4287412588,0,11,3,2011,0,0,43.38,133.8492258,10.256,13.109591016968741,29,2011-03-18
893581.3904195804,1,11,3,2011,0,0,34.48,128.5121935,6.866,13.565044382672198,17,2011-03-18
570617.3086713287,0,11,3,2011,0,0,27.69,192.1237981,8.818,13.361404986230992,7,2011-03-18
1002911.8446853146,1,11,3,2011,0,0,31.76,133.8492258,7.907,13.696081678649955,26,2011-03-18
1084718.421048951,1,11,3,2011,0,0,41.12,133.8492258,9.131,13.759882185954295,18,2011-03-18
519247.7300699301,0,11,3,2011,0,0,36.5,192.1237981,6.614,13.117098522345442,16,2011-03-18
1356755.3935664336,2,11,3,2011,0,0,43.39,133.8492258,8.252,13.971144360278592,24,2011-03-18
1356383.1244755245,2,11,3,2011,0,0,70.17,217.7235226,7.551,14.146118986014583,11,2011-03-18
2020978.4009790209,2,11,3,2011,0,0,46.66,184.809719,8.549,14.474321137055686,14,2011-03-18
543980.5523776223,0,11,3,2011,0,0,63.82,217.9563371,6.416,13.152363072729495,9,2011-03-18
1268125.418811189,1,11,3,2011,0,0,40.19,192.1237981,7.241,13.924818008217878,41,2011-03-18
633324.7231468532,0,11,3,2011,0,0,68.98,206.225924,10.398,13.361651186057783,43,2011-03-18
623312.474965035,0,11,3,2011,0,0,40.23,133.8492258,7.771,13.220496822587133,15,2011-03-18
2107676.8703496503,2,11,3,2011,0,0,44.8,207.4283845,7.343,14.473895285344677,20,2011-03-18
2107676.8703496503,2,12,3,2011,0,0,44.83,207.6553444,7.343,14.416932839413171,20,2011-03-25
1002911.8446853146,1,12,3,2011,0,0,22.99,133.9587419,7.907,13.672295330858985,26,2011-03-25
539451.4287412588,0,12,3,2011,0,0,38.77,133.9587419,10.256,13.078984053202204,29,2011-03-25
385731.6532867133,0,12,3,2011,0,0,54.4,128.6160645,14.021,12.770086234660548,38,2011-03-25
1323522.241818182,1,12,3,2011,0,0,54.4,128.6160645,14.021,13.998715657652557,28,2011-03-25
2020978.4009790209,2,12,3,2011,0,0,41.76,184.9943679,8.549,14.446490925329238,14,2011-03-25
919724.9795804196,1,12,3,2011,0,0,40.11,137.8478929,8.549,13.543944718555931,35,2011-03-25
556403.863146853,0,12,3,2011,0,0,62.53,128.6160645,8.744,13.16671440794534,42,2011-03-25
543980.5523776223,0,12,3,2011,0,0,68.79,218.2007506,6.416,13.117329528821134,9,2011-03-25
1009001.6094405595,1,12,3,2011,0,0,54.4,128.6160645,14.021,13.768532486961847,12,2011-03-25
785981.4085314686,1,12,3,2011,0,0,41.76,184.9943679,8.549,13.48664288322828,45,2011-03-25
373511.9927972028,0,12,3,2011,0,0,71.07,213.3436744,8.395,12.875779792445098,36,2011-03-25
893581.3904195804,1,12,3,2011,0,0,36.71,128.6160645,6.866,13.568674492544446,17,2011-03-25
1166568.154965035,1,12,3,2011,0,0,46.7,192.1964844,8.818,13.881972434517404,32,2011-03-25
1899424.5726573425,2,12,3,2011,0,0,62.53,128.6160645,8.744,14.412036617311573,10,2011-03-25
2094712.9606993007,2,12,3,2011,0,0,59.1,128.6160645,6.51,14.48034330153899,4,2011-03-25
1555264.3975524476,2,12,3,2011,0,0,69.97,214.5999389,7.742,14.248009198359659,1,2011-03-25
1395901.437062937,2,12,3,2011,0,0,70.33,214.2521573,8.028,14.120814278163254,31,2011-03-25
623312.474965035,0,12,3,2011,0,0,32.63,133.9587419,7.771,13.175696122697358,15,2011-03-25
1564728.1862937063,2,12,3,2011,0,0,70.83,216.1438163,6.858,14.179088389062446,6,2011-03-25
756069.0833566433,1,12,3,2011,0,0,70.33,214.2521573,8.028,13.532766035724237,21,2011-03-25
1084718.421048951,1,12,3,2011,0,0,36.65,133.9587419,9.131,13.758436693491104,18,2011-03-25
966781.5594405595,1,12,3,2011,0,0,53.11,128.6160645,10.398,13.735275493458015,34,2011-03-25
706721.5326573426,1,12,3,2011,0,0,38.51,207.6553444,7.343,13.331530090192544,25,2011-03-25
570617.3086713287,0,12,3,2011,0,0,25.69,192.1964844,8.818,13.234016695781866,7,2011-03-25
318011.8104895105,0,12,3,2011,0,0,70.71,215.1640872,6.634,12.593826837188933,5,2011-03-25
964128.0404895104,1,12,3,2011,0,0,28.89,133.9587419,5.114,13.634734674002367,40,2011-03-25
302748.86601398606,0,12,3,2011,0,0,42.38,128.6160645,7.224,12.560359575431683,44,2011-03-25
518900.2819580419,0,12,3,2011,0,0,71.07,213.3436744,8.395,13.165627692629842,37,2011-03-25
1925751.3355244757,2,12,3,2011,0,0,69.42,214.2521573,8.028,14.384319983177459,2,2011-03-25
519247.7300699301,0,12,3,2011,0,0,32.61,192.1964844,6.614,13.050396115371726,16,2011-03-25
1028501.0389510489,1,12,3,2011,0,0,38.77,137.8478929,8.458,13.746727725131946,22,2011-03-25
2003620.3062937064,2,12,3,2011,0,0,42.38,128.6160645,7.47,14.407480920098696,13,2011-03-25
402704.44104895106,0,12,3,2011,0,0,72.94,217.9674705,7.551,12.849726673632311,3,2011-03-25
259861.69202797202,0,12,3,2011,0,0,63.34,128.6160645,8.951,12.380383367764818,33,2011-03-25
633324.7231468532,0,12,3,2011,0,0,65.53,206.4496175,10.398,13.281058174218488,43,2011-03-25
1450668.1291608391,2,12,3,2011,0,0,71.17,213.3436744,8.395,14.06575224773358,39,2011-03-25
1444999.0356643356,2,12,3,2011,0,0,33.26,133.9587419,7.771,14.051819811813907,19,2011-03-25
1268125.418811189,1,12,3,2011,0,0,41.11,192.1964844,7.241,13.947046726452264,41,2011-03-25
1389864.4604895106,2,12,3,2011,0,0,29.11,133.9587419,5.114,13.954076855406038,23,2011-03-25
438579.6162237762,0,12,3,2011,0,0,70.33,214.2521573,8.028,12.975613599879063,30,2011-03-25
1775216.2019580419,2,12,3,2011,0,0,40.11,137.8478929,7.827,14.256762335796052,27,2011-03-25
1356383.1244755245,2,12,3,2011,0,0,73.74,217.9674705,7.551,14.022344418410993,11,2011-03-25
1356755.3935664336,2,12,3,2011,0,0,36.88,133.9587419,8.252,13.96280417031965,24,2011-03-25
908749.5183916084,1,12,3,2011,0,0,59.74,218.0145862,6.262,13.626731427851784,8,2011-03-25
259861.69202797202,0,13,4,2011,0,0,71.41,128.7199355,8.687,12.357806507203794,33,2011-04-01
302748.86601398606,0,13,4,2011,0,0,42.49,128.7199355,6.906,12.54794193468407,44,2011-04-01
2003620.3062937064,2,13,4,2011,0,0,42.49,128.7199355,7.193,14.438363828196017,13,2011-04-01
1166568.154965035,1,13,4,2011,0,0,44.83,192.2691707,8.595,13.865368742073503,32,2011-04-01
2094712.9606993007,2,13,4,2011,0,0,56.99,128.7199355,5.946,14.457494683023638,4,2011-04-01
1555264.3975524476,2,13,4,2011,0,0,59.17,214.8371664,7.682,14.217680743772945,1,2011-04-01
893581.3904195804,1,13,4,2011,0,0,39.38,128.7199355,6.774,13.58717885895645,17,2011-04-01
964128.0404895104,1,13,4,2011,0,0,28.6,134.0682581,4.781,13.643404738384262,40,2011-04-01
1395901.437062937,2,13,4,2011,0,0,56.36,214.4886908,7.931,14.111824069636663,31,2011-04-01
1564728.1862937063,2,13,4,2011,0,0,62.25,216.3841249,6.855,14.19345219320876,6,2011-04-01
519247.7300699301,0,13,4,2011,0,0,35.75,192.2691707,6.339,13.038453607273578,16,2011-04-01
1084718.421048951,1,13,4,2011,0,0,35.06,134.0682581,8.975,13.751594957438034,18,2011-04-01
1356755.3935664336,2,13,4,2011,0,0,35.73,134.0682581,8.212,13.9672047659908,24,2011-04-01
1444999.0356643356,2,13,4,2011,0,0,30.68,134.0682581,7.658,14.082442237431833,19,2011-04-01
706721.5326573426,1,13,4,2011,0,0,28.5,207.8823043,7.287,13.334856477478278,25,2011-04-01
543980.5523776223,0,13,4,2011,0,0,56.12,218.445164,6.38,13.163434569672246,9,2011-04-01
623312.474965035,0,13,4,2011,0,0,30.34,134.0682581,7.658,13.204048520158013,15,2011-04-01
756069.0833566433,1,13,4,2011,0,0,56.36,214.4886908,7.931,13.503614164189282,21,2011-04-01
633324.7231468532,0,13,4,2011,0,0,67.79,206.6733111,10.581,13.323811744946601,43,2011-04-01
1450668.1291608391,2,13,4,2011,0,0,66.57,213.5776701,8.3,14.090753352402084,39,2011-04-01
2107676.8703496503,2,13,4,2011,0,0,32.43,207.8823043,7.287,14.471990688795232,20,2011-04-01
908749.5183916084,1,13,4,2011,0,0,49.86,218.2586281,6.297,13.686270857127612,8,2011-04-01
570617.3086713287,0,13,4,2011,0,0,24.83,192.2691707,8.595,13.148831330218407,7,2011-04-01
1009001.6094405595,1,13,4,2011,0,0,63.63,128.7199355,13.736,13.820960171807926,12,2011-04-01
1323522.241818182,1,13,4,2011,0,0,63.63,128.7199355,13.736,14.10581873667856,28,2011-04-01
518900.2819580419,0,13,4,2011,0,0,67.31,213.5776701,8.3,13.189236259300504,37,2011-04-01
402704.44104895106,0,13,4,2011,0,0,68.76,218.2114184,7.574,12.833499486880596,3,2011-04-01
556403.863146853,0,13,4,2011,0,0,67.64,128.7199355,8.494,13.139089060071584,42,2011-04-01
1028501.0389510489,1,13,4,2011,0,0,36.04,137.9558929,8.252,13.765888886688606,22,2011-04-01
539451.4287412588,0,13,4,2011,0,0,36.04,134.0682581,9.966,13.072366631607963,29,2011-04-01
1389864.4604895106,2,13,4,2011,0,0,29.44,134.0682581,4.781,13.983307093865374,23,2011-04-01
1775216.2019580419,2,13,4,2011,0,0,37.27,137.9558929,7.725,14.303396638814919,27,2011-04-01
1925751.3355244757,2,13,4,2011,0,0,55.43,214.4886908,7.931,14.403392973837677,2,2011-04-01
785981.4085314686,1,13,4,2011,0,0,37.27,185.1790167,8.521,13.476432392858927,45,2011-04-01
966781.5594405595,1,13,4,2011,0,0,55.46,128.7199355,10.581,13.692477770191406,34,2011-04-01
373511.9927972028,0,13,4,2011,0,0,67.31,213.5776701,8.3,12.862745424369008,36,2011-04-01
318011.8104895105,0,13,4,2011,0,0,61.5,215.4024406,6.489,12.658159059597738,5,2011-04-01
438579.6162237762,0,13,4,2011,0,0,56.36,214.4886908,7.931,12.989809312753485,30,2011-04-01
919724.9795804196,1,13,4,2011,0,0,37.27,137.9558929,8.512,13.544517695989128,35,2011-04-01
2020978.4009790209,2,13,4,2011,0,0,37.27,185.1790167,8.521,14.440973768979829,14,2011-04-01
1356383.1244755245,2,13,4,2011,0,0,69.1,218.2114184,7.574,14.04557023365856,11,2011-04-01
1268125.418811189,1,13,4,2011,0,0,38.16,192.2691707,6.934,13.980284451119394,41,2011-04-01
1899424.5726573425,2,13,4,2011,0,0,67.64,128.7199355,8.494,14.418587604667414,10,2011-04-01
385731.6532867133,0,13,4,2011,0,0,63.63,128.7199355,13.736,12.853435356541533,38,2011-04-01
1002911.8446853146,1,13,4,2011,0,0,22.99,134.0682581,7.818,13.6520884089218,26,2011-04-01
438579.6162237762,0,14,4,2011,0,0,68.62,214.7252242,7.931,13.003333189376628,30,2011-04-08
539451.4287412588,0,14,4,2011,0,0,44.42,134.1777742,9.966,13.132918139413563,29,2011-04-08
1028501.0389510489,1,14,4,2011,0,0,44.42,138.0638929,8.252,13.784069105348125,22,2011-04-08
1009001.6094405595,1,14,4,2011,0,0,64.47,128.8238065,13.736,13.813872266697699,12,2011-04-08
402704.44104895106,0,14,4,2011,0,0,72.55,218.4553663,7.574,12.858596535785207,3,2011-04-08
519247.7300699301,0,14,4,2011,0,0,38.04,192.3418571,6.339,12.992886610805618,16,2011-04-08
966781.5594405595,1,14,4,2011,0,0,58.59,128.8238065,10.581,13.790685787391421,34,2011-04-08
893581.3904195804,1,14,4,2011,0,0,39.16,128.8238065,6.774,13.607079150372147,17,2011-04-08
633324.7231468532,0,14,4,2011,0,0,70.35,206.8970046,10.581,13.385373202683361,43,2011-04-08
318011.8104895105,0,14,4,2011,0,0,69.64,215.6407939,6.489,12.635692400412834,5,2011-04-08
2107676.8703496503,2,14,4,2011,0,0,47.09,208.1092642,7.287,14.522095737810842,20,2011-04-08
1356755.3935664336,2,14,4,2011,0,0,44.7,134.1777742,8.212,14.057414091248104,24,2011-04-08
623312.474965035,0,14,4,2011,0,0,40.94,134.1777742,7.658,13.283413305447615,15,2011-04-08
1395901.437062937,2,14,4,2011,0,0,68.62,214.7252242,7.931,14.163905133076737,31,2011-04-08
756069.0833566433,1,14,4,2011,0,0,68.62,214.7252242,7.931,13.520849374743287,21,2011-04-08
373511.9927972028,0,14,4,2011,0,0,69.39,213.8116658,8.3,12.96857938700495,36,2011-04-08
1775216.2019580419,2,14,4,2011,0,0,46.87,138.0638929,7.725,14.340147473235398,27,2011-04-08
1356383.1244755245,2,14,4,2011,0,0,73.57,218.4553663,7.574,14.098734251598739,11,2011-04-08
1389864.4604895106,2,14,4,2011,0,0,36.74,134.1777742,4.781,14.037776107948098,23,2011-04-08
556403.863146853,0,14,4,2011,0,0,73.03,128.8238065,8.494,13.337617246869113,42,2011-04-08
1323522.241818182,1,14,4,2011,0,0,64.47,128.8238065,13.736,14.162438301917367,28,2011-04-08
1268125.418811189,1,14,4,2011,0,0,42.87,192.3418571,6.934,14.003029518160485,41,2011-04-08
908749.5183916084,1,14,4,2011,0,0,65.62,218.50267,6.297,13.764034962750411,8,2011-04-08
570617.3086713287,0,14,4,2011,0,0,30.64,192.3418571,8.595,13.123469085883341,7,2011-04-08
1925751.3355244757,2,14,4,2011,0,0,67.0,214.7252242,7.931,14.429372948974832,2,2011-04-08
518900.2819580419,0,14,4,2011,0,0,69.39,213.8116658,8.3,13.20616055438302,37,2011-04-08
385731.6532867133,0,14,4,2011,0,0,64.47,128.8238065,13.736,12.879408113752671,38,2011-04-08
302748.86601398606,0,14,4,2011,0,0,42.75,128.8238065,6.906,12.586218612319826,44,2011-04-08
919724.9795804196,1,14,4,2011,0,0,46.87,138.0638929,8.512,13.60892099272285,35,2011-04-08
2020978.4009790209,2,14,4,2011,0,0,48.71,185.3636656,8.521,14.527381293635285,14,2011-04-08
1899424.5726573425,2,14,4,2011,0,0,73.03,128.8238065,8.494,14.44183486624216,10,2011-04-08
1564728.1862937063,2,14,4,2011,0,0,70.35,216.6244334,6.855,14.243777060542367,6,2011-04-08
1450668.1291608391,2,14,4,2011,0,0,69.45,213.8116658,8.3,14.11609441332757,39,2011-04-08
543980.5523776223,0,14,4,2011,0,0,71.4,218.6895775,6.38,13.238593065017852,9,2011-04-08
706721.5326573426,1,14,4,2011,0,0,42.11,208.1092642,7.287,13.382582465702734,25,2011-04-08
1444999.0356643356,2,14,4,2011,0,0,41.26,134.1777742,7.658,14.166106096710706,19,2011-04-08
2003620.3062937064,2,14,4,2011,0,0,42.75,128.8238065,7.193,14.450745767890478,13,2011-04-08
1084718.421048951,1,14,4,2011,0,0,43.32,134.1777742,8.975,13.833883045450794,18,2011-04-08
964128.0404895104,1,14,4,2011,0,0,34.77,134.1777742,4.781,13.761850591532266,40,2011-04-08
1555264.3975524476,2,14,4,2011,0,0,67.84,215.0743939,7.682,14.294387422114434,1,2011-04-08
259861.69202797202,0,14,4,2011,0,0,75.11,128.8238065,8.687,12.513284256522207,33,2011-04-08
1166568.154965035,1,14,4,2011,0,0,48.81,192.3418571,8.595,13.913523074075686,32,2011-04-08
785981.4085314686,1,14,4,2011,0,0,48.71,185.3636656,8.521,13.528073402184623,45,2011-04-08
2094712.9606993007,2,14,4,2011,0,0,62.61,128.8238065,5.946,14.545449764418144,4,2011-04-08
1002911.8446853146,1,14,4,2011,0,0,29.09,134.1777742,7.818,13.800631217577537,26,2011-04-08
1166568.154965035,1,15,4,2011,0,0,45.97,192.4225954,8.595,13.929293729262586,32,2011-04-15
964128.0404895104,1,15,4,2011,0,0,43.69,134.2784667,4.781,13.681347331489063,40,2011-04-15
543980.5523776223,0,15,4,2011,0,0,71.9,218.9134935,6.38,13.177649123340208,9,2011-04-15
1389864.4604895106,2,15,4,2011,0,0,45.51,134.2784667,4.781,14.049539852002473,23,2011-04-15
633324.7231468532,0,15,4,2011,0,0,65.01,207.1015429,10.581,13.362574886879916,43,2011-04-15
518900.2819580419,0,15,4,2011,0,0,73.25,214.026217,8.3,13.20629427625605,37,2011-04-15
1564728.1862937063,2,15,4,2011,0,0,73.17,216.8446627,6.855,14.186244818902146,6,2011-04-15
2020978.4009790209,2,15,4,2011,0,0,53.69,185.5339821,8.521,14.496059644738487,14,2011-04-15
2094712.9606993007,2,15,4,2011,0,0,62.34,128.9107333,5.946,14.488755373854433,4,2011-04-15
539451.4287412588,0,15,4,2011,0,0,48.88,134.2784667,9.966,13.158207183681803,29,2011-04-15
556403.863146853,0,15,4,2011,0,0,61.05,128.9107333,8.494,13.300752244635252,42,2011-04-15
570617.3086713287,0,15,4,2011,0,0,27.79,192.4225954,8.595,12.956028092524509,7,2011-04-15
1002911.8446853146,1,15,4,2011,0,0,39.46,134.2784667,7.818,13.668479447085705,26,2011-04-15
919724.9795804196,1,15,4,2011,0,0,52.24,138.1646952,8.512,13.586296367550538,35,2011-04-15
302748.86601398606,0,15,4,2011,0,0,41.72,128.9107333,6.906,12.576492617284405,44,2011-04-15
1925751.3355244757,2,15,4,2011,0,0,69.48,214.9420631,7.931,14.434186768186937,2,2011-04-15
908749.5183916084,1,15,4,2011,0,0,63.55,218.7262524,6.297,13.719307693835832,8,2011-04-15
1356383.1244755245,2,15,4,2011,0,0,76.64,218.6788642,7.574,14.087754168282695,11,2011-04-15
1775216.2019580419,2,15,4,2011,0,0,52.24,138.1646952,7.725,14.361998615941896,27,2011-04-15
1323522.241818182,1,15,4,2011,0,0,57.63,128.9107333,13.736,14.030724408137385,28,2011-04-15
1450668.1291608391,2,15,4,2011,0,0,73.19,214.026217,8.3,14.11415671704713,39,2011-04-15
2003620.3062937064,2,15,4,2011,0,0,41.72,128.9107333,7.193,14.48385007731601,13,2011-04-15
1444999.0356643356,2,15,4,2011,0,0,48.67,134.2784667,7.658,14.146319675065863,19,2011-04-15
402704.44104895106,0,15,4,2011,0,0,75.88,218.6788642,7.574,12.811076053637239,3,2011-04-15
1268125.418811189,1,15,4,2011,0,0,39.94,192.4225954,6.934,13.991967509864521,41,2011-04-15
519247.7300699301,0,15,4,2011,0,0,34.59,192.4225954,6.339,12.966542530290507,16,2011-04-15
1356755.3935664336,2,15,4,2011,0,0,52.36,134.2784667,8.212,14.035109956181023,24,2011-04-15
1028501.0389510489,1,15,4,2011,0,0,48.88,138.1646952,8.252,13.824032185538465,22,2011-04-15
318011.8104895105,0,15,4,2011,0,0,72.02,215.8592673,6.489,12.637577685828173,5,2011-04-15
438579.6162237762,0,15,4,2011,0,0,71.01,214.9420631,7.931,12.963761284723375,30,2011-04-15
259861.69202797202,0,15,4,2011,0,0,64.64,128.9107333,8.687,12.52725196793871,33,2011-04-15
373511.9927972028,0,15,4,2011,0,0,73.25,214.026217,8.3,12.936003774665718,36,2011-04-15
385731.6532867133,0,15,4,2011,0,0,57.63,128.9107333,13.736,12.801496572162879,38,2011-04-15
706721.5326573426,1,15,4,2011,0,0,51.43,208.3172811,7.287,13.421821019886918,25,2011-04-15
756069.0833566433,1,15,4,2011,0,0,71.01,214.9420631,7.931,13.552054062229319,21,2011-04-15
623312.474965035,0,15,4,2011,0,0,48.63,134.2784667,7.658,13.31742404605166,15,2011-04-15
1084718.421048951,1,15,4,2011,0,0,49.91,134.2784667,8.975,13.803598611600812,18,2011-04-15
1395901.437062937,2,15,4,2011,0,0,71.01,214.9420631,7.931,14.158011073658962,31,2011-04-15
893581.3904195804,1,15,4,2011,0,0,39.98,128.9107333,6.774,13.623483369535856,17,2011-04-15
2107676.8703496503,2,15,4,2011,0,0,55.0,208.3172811,7.287,14.536957170421822,20,2011-04-15
1555264.3975524476,2,15,4,2011,0,0,71.27,215.2918561,7.682,14.260125863919061,1,2011-04-15
966781.5594405595,1,15,4,2011,0,0,53.3,128.9107333,10.581,13.75558007018106,34,2011-04-15
1009001.6094405595,1,15,4,2011,0,0,57.63,128.9107333,13.736,13.806422153246029,12,2011-04-15
785981.4085314686,1,15,4,2011,0,0,53.69,185.5339821,8.521,13.54798532457808,45,2011-04-15
1899424.5726573425,2,15,4,2011,0,0,61.05,128.9107333,8.494,14.393116811213334,10,2011-04-15
1356755.3935664336,2,16,4,2011,0,0,46.0,134.3571,8.212,14.13213417908901,24,2011-04-22
1028501.0389510489,1,16,4,2011,0,0,47.76,138.2475036,8.252,13.95768949010844,22,2011-04-22
966781.5594405595,1,16,4,2011,0,0,63.83,128.9553,10.581,13.865746771338506,34,2011-04-22
1009001.6094405595,1,16,4,2011,0,0,72.12,128.9553,13.736,13.8314040545554,12,2011-04-22
756069.0833566433,1,16,4,2011,0,0,70.79,215.1096657,7.931,13.593994444154964,21,2011-04-22
2003620.3062937064,2,16,4,2011,0,0,47.55,128.9553,7.193,14.568961056963547,13,2011-04-22
1899424.5726573425,2,16,4,2011,0,0,75.93,128.9553,8.494,14.51107089451978,10,2011-04-22
706721.5326573426,1,16,4,2011,0,0,45.87,208.4779405,7.287,13.536576007472403,25,2011-04-22
373511.9927972028,0,16,4,2011,0,0,74.57,214.1921572,8.3,12.833549251087966,36,2011-04-22
1389864.4604895106,2,16,4,2011,0,0,39.62,134.3571,4.781,14.185211857334027,23,2011-04-22
1356383.1244755245,2,16,4,2011,0,0,78.31,218.851237,7.574,14.143460533055753,11,2011-04-22
919724.9795804196,1,16,4,2011,0,0,50.02,138.2475036,8.512,13.643273192370723,35,2011-04-22
2020978.4009790209,2,16,4,2011,0,0,53.04,185.6684673,8.521,14.629308830705016,14,2011-04-22
1925751.3355244757,2,16,4,2011,0,0,69.39,215.1096657,7.931,14.45014931971985,2,2011-04-22
302748.86601398606,0,16,4,2011,0,0,47.55,128.9553,6.906,12.543823706963405,44,2011-04-22
1166568.154965035,1,16,4,2011,0,0,48.69,192.5234638,8.595,14.00662989223791,32,2011-04-22
1555264.3975524476,2,16,4,2011,0,0,72.99,215.4599053,7.682,14.263281876998393,1,2011-04-22
785981.4085314686,1,16,4,2011,0,0,53.04,185.6684673,8.521,13.609262766037709,45,2011-04-22
259861.69202797202,0,16,4,2011,0,0,79.46,128.9553,8.687,12.423617754771588,33,2011-04-22
402704.44104895106,0,16,4,2011,0,0,76.91,218.851237,7.574,12.878662566130322,3,2011-04-22
543980.5523776223,0,16,4,2011,0,0,72.35,219.0861659,6.38,13.216769712500424,9,2011-04-22
1395901.437062937,2,16,4,2011,0,0,70.79,215.1096657,7.931,14.194901955371645,31,2011-04-22
1444999.0356643356,2,16,4,2011,0,0,41.66,134.3571,7.658,14.230457121344061,19,2011-04-22
964128.0404895104,1,16,4,2011,0,0,39.32,134.3571,4.781,13.779942860417432,40,2011-04-22
570617.3086713287,0,16,4,2011,0,0,31.84,192.5234638,8.595,13.053218830129472,7,2011-04-22
1323522.241818182,1,16,4,2011,0,0,72.12,128.9553,13.736,14.07591366985935,28,2011-04-22
1450668.1291608391,2,16,4,2011,0,0,74.98,214.1921572,8.3,14.262208360244045,39,2011-04-22
2094712.9606993007,2,16,4,2011,0,0,68.8,128.9553,5.946,14.61328878018057,4,2011-04-22
438579.6162237762,0,16,4,2011,0,0,70.79,215.1096657,7.931,13.006637616606083,30,2011-04-22
318011.8104895105,0,16,4,2011,0,0,74.34,216.0280407,6.489,12.702037716208745,5,2011-04-22
893581.3904195804,1,16,4,2011,0,0,42.24,128.9553,6.774,13.874506663879982,17,2011-04-22
1775216.2019580419,2,16,4,2011,0,0,50.02,138.2475036,7.725,14.468698122049103,27,2011-04-22
519247.7300699301,0,16,4,2011,0,0,40.74,192.5234638,6.339,12.817470037182167,16,2011-04-22
518900.2819580419,0,16,4,2011,0,0,74.57,214.1921572,8.3,13.173883848985186,37,2011-04-22
633324.7231468532,0,16,4,2011,0,0,74.49,207.2581929,10.581,13.366534953927534,43,2011-04-22
908749.5183916084,1,16,4,2011,0,0,65.11,218.8986857,6.297,13.750944441779296,8,2011-04-22
623312.474965035,0,16,4,2011,0,0,41.37,134.3571,7.658,13.39287781571425,15,2011-04-22
2107676.8703496503,2,16,4,2011,0,0,52.56,208.4779405,7.287,14.654428898029213,20,2011-04-22
1564728.1862937063,2,16,4,2011,0,0,74.24,217.0146941,6.855,14.309816437033383,6,2011-04-22
539451.4287412588,0,16,4,2011,0,0,47.76,134.3571,9.966,13.286612082976479,29,2011-04-22
1268125.418811189,1,16,4,2011,0,0,42.86,192.5234638,6.934,14.081317160014226,41,2011-04-22
1002911.8446853146,1,16,4,2011,0,0,33.81,134.3571,7.818,13.733976816752499,26,2011-04-22
385731.6532867133,0,16,4,2011,0,0,72.12,128.9553,13.736,12.802029565040117,38,2011-04-22
1084718.421048951,1,16,4,2011,0,0,45.99,134.3571,8.975,13.916134829303276,18,2011-04-22
556403.863146853,0,16,4,2011,0,0,75.93,128.9553,8.494,13.189271632253725,42,2011-04-22
438579.6162237762,0,17,4,2011,0,0,70.19,215.2772683,7.931,12.956753086333043,30,2011-04-29
1268125.418811189,1,17,4,2011,0,0,39.81,192.6243322,6.934,13.980043201079148,41,2011-04-29
1356755.3935664336,2,17,4,2011,0,0,60.48,134.4357333,8.212,13.995965515411761,24,2011-04-29
2107676.8703496503,2,17,4,2011,0,0,62.97,208.6386,7.287,14.447733579038356,20,2011-04-29
318011.8104895105,0,17,4,2011,0,0,74.75,216.1968142,6.489,12.63555553695663,5,2011-04-29
1028501.0389510489,1,17,4,2011,0,0,57.2,138.3303119,8.252,13.7387750753879,22,2011-04-29
966781.5594405595,1,17,4,2011,0,0,57.73,128.9998667,10.581,13.705666696000975,34,2011-04-29
623312.474965035,0,17,4,2011,0,0,55.46,134.4357333,7.658,13.23705793305702,15,2011-04-29
706721.5326573426,1,17,4,2011,0,0,58.43,208.6386,7.287,13.383566968551069,25,2011-04-29
756069.0833566433,1,17,4,2011,0,0,70.19,215.2772683,7.931,13.571209443092185,21,2011-04-29
1444999.0356643356,2,17,4,2011,0,0,54.23,134.4357333,7.658,14.075748486457801,19,2011-04-29
539451.4287412588,0,17,4,2011,0,0,57.2,134.4357333,9.966,13.108425981560542,29,2011-04-29
1009001.6094405595,1,17,4,2011,0,0,68.27,128.9998667,13.736,13.810464950267427,12,2011-04-29
385731.6532867133,0,17,4,2011,0,0,68.27,128.9998667,13.736,12.74905657339834,38,2011-04-29
556403.863146853,0,17,4,2011,0,0,73.38,128.9998667,8.494,13.11435372561478,42,2011-04-29
1925751.3355244757,2,17,4,2011,0,0,69.21,215.2772683,7.931,14.372578119068608,2,2011-04-29
1564728.1862937063,2,17,4,2011,0,0,75.27,217.1847255,6.855,14.207046368955183,6,2011-04-29
519247.7300699301,0,17,4,2011,0,0,37.77,192.6243322,6.339,12.842917454564903,16,2011-04-29
373511.9927972028,0,17,4,2011,0,0,76.1,214.3580974,8.3,12.738786308843165,36,2011-04-29
1775216.2019580419,2,17,4,2011,0,0,61.71,138.3303119,7.725,14.311471633706962,27,2011-04-29
259861.69202797202,0,17,4,2011,0,0,77.44,128.9998667,8.687,12.423451050276883,33,2011-04-29
1899424.5726573425,2,17,4,2011,0,0,73.38,128.9998667,8.494,14.443397538372315,10,2011-04-29
2003620.3062937064,2,17,4,2011,0,0,43.85,128.9998667,7.193,14.455037591745693,13,2011-04-29
2094712.9606993007,2,17,4,2011,0,0,64.22,128.9998667,5.946,14.445807625889143,4,2011-04-29
1395901.437062937,2,17,4,2011,0,0,70.19,215.2772683,7.931,14.101545494632399,31,2011-04-29
908749.5183916084,1,17,4,2011,0,0,62.29,219.071119,6.297,13.658875192193245,8,2011-04-29
1450668.1291608391,2,17,4,2011,0,0,76.47,214.3580974,8.3,14.137342482012759,39,2011-04-29
302748.86601398606,0,17,4,2011,0,0,43.85,128.9998667,6.906,12.54699557027184,44,2011-04-29
1323522.241818182,1,17,4,2011,0,0,68.27,128.9998667,13.736,14.016301255316819,28,2011-04-29
785981.4085314686,1,17,4,2011,0,0,66.18,185.8029526,8.521,13.575427604160788,45,2011-04-29
1084718.421048951,1,17,4,2011,0,0,58.82,134.4357333,8.975,13.789285045833502,18,2011-04-29
1166568.154965035,1,17,4,2011,0,0,44.86,192.6243322,8.595,13.917611762834664,32,2011-04-29
919724.9795804196,1,17,4,2011,0,0,61.71,138.3303119,8.512,13.607040152582808,35,2011-04-29
964128.0404895104,1,17,4,2011,0,0,52.68,134.4357333,4.781,13.649748138742018,40,2011-04-29
570617.3086713287,0,17,4,2011,0,0,26.79,192.6243322,8.595,12.924962448203107,7,2011-04-29
1389864.4604895106,2,17,4,2011,0,0,54.2,134.4357333,4.781,13.975338008680385,23,2011-04-29
893581.3904195804,1,17,4,2011,0,0,40.14,128.9998667,6.774,13.601054349675714,17,2011-04-29
2020978.4009790209,2,17,4,2011,0,0,66.18,185.8029526,8.521,14.473351048379566,14,2011-04-29
402704.44104895106,0,17,4,2011,0,0,78.69,219.0236099,7.574,12.814223871317484,3,2011-04-29
633324.7231468532,0,17,4,2011,0,0,71.34,207.4148429,10.581,13.323613339604558,43,2011-04-29
1356383.1244755245,2,17,4,2011,0,0,79.97,219.0236099,7.574,14.121222282508395,11,2011-04-29
1002911.8446853146,1,17,4,2011,0,0,47.17,134.4357333,7.818,13.680207642834226,26,2011-04-29
1555264.3975524476,2,17,4,2011,0,0,72.03,215.6279544,7.682,14.19057947378436,1,2011-04-29
543980.5523776223,0,17,4,2011,0,0,70.85,219.2588382,6.38,13.184825744825513,9,2011-04-29
518900.2819580419,0,17,4,2011,0,0,76.1,214.3580974,8.3,13.12818476022778,37,2011-04-29
518900.2819580419,0,18,5,2011,0,0,69.56,214.5240376,8.3,13.213143859053167,37,2011-05-06
908749.5183916084,1,18,5,2011,0,0,58.92,219.2435524,6.297,13.755185377560784,8,2011-05-06
1444999.0356643356,2,18,5,2011,0,0,50.43,134.5143667,7.658,14.188421447714758,19,2011-05-06
1395901.437062937,2,18,5,2011,0,0,61.87,215.4448709,7.931,14.143919379600618,31,2011-05-06
633324.7231468532,0,18,5,2011,0,0,66.77,207.5714929,10.581,13.383418693264558,43,2011-05-06
373511.9927972028,0,18,5,2011,0,0,69.56,214.5240376,8.3,12.882588285579391,36,2011-05-06
1450668.1291608391,2,18,5,2011,0,0,68.75,214.5240376,8.3,14.130993969320304,39,2011-05-06
1389864.4604895106,2,18,5,2011,0,0,50.07,134.5143667,4.781,14.122937998720028,23,2011-05-06
1323522.241818182,1,18,5,2011,0,0,68.4,129.0444333,13.736,14.231514193541019,28,2011-05-06
2003620.3062937064,2,18,5,2011,0,0,47.75,129.0444333,7.193,14.501825149459279,13,2011-05-06
1925751.3355244757,2,18,5,2011,0,0,61.48,215.4448709,7.931,14.424049616856285,2,2011-05-06
1899424.5726573425,2,18,5,2011,0,0,73.56,129.0444333,8.494,14.426020955394415,10,2011-05-06
1166568.154965035,1,18,5,2011,0,0,46.65,192.7252006,8.595,13.982544646273668,32,2011-05-06
259861.69202797202,0,18,5,2011,0,0,77.92,129.0444333,8.687,12.456956608952153,33,2011-05-06
893581.3904195804,1,18,5,2011,0,0,45.66,129.0444333,6.774,13.690098434683906,17,2011-05-06
1775216.2019580419,2,18,5,2011,0,0,56.48,138.4131202,7.725,14.379142817638675,27,2011-05-06
1564728.1862937063,2,18,5,2011,0,0,65.42,217.3547569,6.855,14.224072579016697,6,2011-05-06
2094712.9606993007,2,18,5,2011,0,0,63.41,129.0444333,5.946,14.540003176790394,4,2011-05-06
570617.3086713287,0,18,5,2011,0,0,26.54,192.7252006,8.595,12.916601559700172,7,2011-05-06
402704.44104895106,0,18,5,2011,0,0,69.45,219.1959827,7.574,12.931307273272822,3,2011-05-06
519247.7300699301,0,18,5,2011,0,0,38.64,192.7252006,6.339,12.957031601442942,16,2011-05-06
1002911.8446853146,1,18,5,2011,0,0,45.0,134.5143667,7.818,13.839987761990033,26,2011-05-06
1268125.418811189,1,18,5,2011,0,0,41.2,192.7252006,6.934,14.034612280080552,41,2011-05-06
302748.86601398606,0,18,5,2011,0,0,47.75,129.0444333,6.906,12.609387677213036,44,2011-05-06
2107676.8703496503,2,18,5,2011,0,0,53.41,208.7992595,7.287,14.553076189235872,20,2011-05-06
543980.5523776223,0,18,5,2011,0,0,62.2,219.4315106,6.38,13.20900353550075,9,2011-05-06
2020978.4009790209,2,18,5,2011,0,0,58.21,185.9374378,8.521,14.555350910303085,14,2011-05-06
1356383.1244755245,2,18,5,2011,0,0,71.39,219.1959827,7.574,14.101782444070514,11,2011-05-06
623312.474965035,0,18,5,2011,0,0,49.87,134.5143667,7.658,13.354305975316066,15,2011-05-06
1356755.3935664336,2,18,5,2011,0,0,55.75,134.5143667,8.212,14.107905022136563,24,2011-05-06
539451.4287412588,0,18,5,2011,0,0,53.63,134.5143667,9.966,13.188850367792185,29,2011-05-06
556403.863146853,0,18,5,2011,0,0,73.56,129.0444333,8.494,13.325040268201091,42,2011-05-06
1555264.3975524476,2,18,5,2011,0,0,64.61,215.7960035,7.682,14.303717668907108,1,2011-05-06
756069.0833566433,1,18,5,2011,0,0,61.87,215.4448709,7.931,13.485476612992116,21,2011-05-06
1009001.6094405595,1,18,5,2011,0,0,68.4,129.0444333,13.736,13.83644536762946,12,2011-05-06
385731.6532867133,0,18,5,2011,0,0,68.4,129.0444333,13.736,12.953205162428969,38,2011-05-06
1028501.0389510489,1,18,5,2011,0,0,53.63,138.4131202,8.252,13.847083892778574,22,2011-05-06
318011.8104895105,0,18,5,2011,0,0,66.27,216.3655877,6.489,12.685115547176975,5,2011-05-06
919724.9795804196,1,18,5,2011,0,0,56.48,138.4131202,8.512,13.635405159675996,35,2011-05-06
964128.0404895104,1,18,5,2011,0,0,50.81,134.5143667,4.781,13.832125315280464,40,2011-05-06
706721.5326573426,1,18,5,2011,0,0,49.5,208.7992595,7.287,13.399157718029903,25,2011-05-06
1084718.421048951,1,18,5,2011,0,0,54.17,134.5143667,8.975,13.878887501606844,18,2011-05-06
438579.6162237762,0,18,5,2011,0,0,61.87,215.4448709,7.931,12.991777402774265,30,2011-05-06
966781.5594405595,1,18,5,2011,0,0,54.4,129.0444333,10.581,13.78076856356035,34,2011-05-06
785981.4085314686,1,18,5,2011,0,0,58.21,185.9374378,8.521,13.604976719003583,45,2011-05-06
1009001.6094405595,1,19,5,2011,0,0,70.93,129.089,13.736,13.792277242581603,12,2011-05-13
302748.86601398606,0,19,5,2011,0,0,52.4,129.089,6.906,12.634916690726637,44,2011-05-13
908749.5183916084,1,19,5,2011,0,0,72.96,219.4159857,6.297,13.705432722115672,8,2011-05-13
785981.4085314686,1,19,5,2011,0,0,60.38,186.0719231,8.521,13.584700317551059,45,2011-05-13
1555264.3975524476,2,19,5,2011,0,0,75.64,215.9640526,7.682,14.288495102364475,1,2011-05-13
1450668.1291608391,2,19,5,2011,0,0,77.39,214.6899778,8.3,14.096940956864188,39,2011-05-13
1444999.0356643356,2,19,5,2011,0,0,54.2,134.593,7.658,14.172586263587315,19,2011-05-13
1268125.418811189,1,19,5,2011,0,0,50.29,192.826069,6.934,14.054548513331229,41,2011-05-13
318011.8104895105,0,19,5,2011,0,0,77.38,216.5343611,6.489,12.580841439008152,5,2011-05-13
1356755.3935664336,2,19,5,2011,0,0,58.49,134.593,8.212,14.087026022183524,24,2011-05-13
1356383.1244755245,2,19,5,2011,0,0,80.93,219.3683556,7.574,14.060775943173988,11,2011-05-13
966781.5594405595,1,19,5,2011,0,0,63.05,129.089,10.581,13.781160999051783,34,2011-05-13
1028501.0389510489,1,19,5,2011,0,0,57.71,138.4959286,8.252,13.817069082833202,22,2011-05-13
1775216.2019580419,2,19,5,2011,0,0,60.07,138.4959286,7.725,14.382837294261698,27,2011-05-13
919724.9795804196,1,19,5,2011,0,0,60.07,138.4959286,8.512,13.62454004655964,35,2011-05-13
438579.6162237762,0,19,5,2011,0,0,75.04,215.6124735,7.931,12.958939544487276,30,2011-05-13
519247.7300699301,0,19,5,2011,0,0,43.29,192.826069,6.339,12.924906943996104,16,2011-05-13
570617.3086713287,0,19,5,2011,0,0,36.61,192.826069,8.595,12.933850815827826,7,2011-05-13
2003620.3062937064,2,19,5,2011,0,0,52.4,129.089,7.193,14.487855137020444,13,2011-05-13
1323522.241818182,1,19,5,2011,0,0,70.93,129.089,13.736,14.041304434062951,28,2011-05-13
259861.69202797202,0,19,5,2011,0,0,78.24,129.089,8.687,12.540642609692146,33,2011-05-13
893581.3904195804,1,19,5,2011,0,0,49.26,129.089,6.774,13.676968334928956,17,2011-05-13
1925751.3355244757,2,19,5,2011,0,0,74.61,215.6124735,7.931,14.424468232672151,2,2011-05-13
1084718.421048951,1,19,5,2011,0,0,58.48,134.593,8.975,13.808661134125568,18,2011-05-13
539451.4287412588,0,19,5,2011,0,0,57.71,134.593,9.966,13.216858716224984,29,2011-05-13
1899424.5726573425,2,19,5,2011,0,0,74.04,129.089,8.494,14.353754699078761,10,2011-05-13
2094712.9606993007,2,19,5,2011,0,0,70.65,129.089,5.946,14.50983872588404,4,2011-05-13
1395901.437062937,2,19,5,2011,0,0,75.04,215.6124735,7.931,14.157765485410998,31,2011-05-13
706721.5326573426,1,19,5,2011,0,0,60.1,208.9599189,7.287,13.436858958097885,25,2011-05-13
623312.474965035,0,19,5,2011,0,0,57.07,134.593,7.658,13.35424291463246,15,2011-05-13
2107676.8703496503,2,19,5,2011,0,0,62.26,208.9599189,7.287,14.526865727413073,20,2011-05-13
964128.0404895104,1,19,5,2011,0,0,54.09,134.593,4.781,13.714435314066552,40,2011-05-13
1002911.8446853146,1,19,5,2011,0,0,48.2,134.593,7.818,13.754708886100405,26,2011-05-13
2020978.4009790209,2,19,5,2011,0,0,60.38,186.0719231,8.521,14.51082104688443,14,2011-05-13
1166568.154965035,1,19,5,2011,0,0,56.09,192.826069,8.595,13.944926784897296,32,2011-05-13
543980.5523776223,0,19,5,2011,0,0,77.66,219.6041829,6.38,13.19770644365808,9,2011-05-13
1389864.4604895106,2,19,5,2011,0,0,55.12,134.593,4.781,14.042579092444445,23,2011-05-13
518900.2819580419,0,19,5,2011,0,0,76.73,214.6899778,8.3,13.145831103542122,37,2011-05-13
633324.7231468532,0,19,5,2011,0,0,76.03,207.7281429,10.581,13.436673130457567,43,2011-05-13
402704.44104895106,0,19,5,2011,0,0,79.87,219.3683556,7.574,12.864404960918886,3,2011-05-13
1564728.1862937063,2,19,5,2011,0,0,76.95,217.5247882,6.855,14.189269392664361,6,2011-05-13
373511.9927972028,0,19,5,2011,0,0,76.73,214.6899778,8.3,12.8874448979212,36,2011-05-13
756069.0833566433,1,19,5,2011,0,0,75.04,215.6124735,7.931,13.533462849298015,21,2011-05-13
385731.6532867133,0,19,5,2011,0,0,70.93,129.089,13.736,12.8130593324511,38,2011-05-13
556403.863146853,0,19,5,2011,0,0,74.04,129.089,8.494,13.309715177948481,42,2011-05-13
556403.863146853,0,20,5,2011,0,0,72.62,129.0756774,8.494,13.170316905977495,42,2011-05-20
2003620.3062937064,2,20,5,2011,0,0,52.12,129.0756774,7.193,14.436583992083541,13,2011-05-20
570617.3086713287,0,20,5,2011,0,0,36.16,192.831317,8.595,12.959072338141805,7,2011-05-20
2094712.9606993007,2,20,5,2011,0,0,70.49,129.0756774,5.946,14.516409853089145,4,2011-05-20
1166568.154965035,1,20,5,2011,0,0,45.71,192.831317,8.595,13.950990091728963,32,2011-05-20
756069.0833566433,1,20,5,2011,0,0,68.36,215.3834778,7.931,13.520921433319005,21,2011-05-20
1395901.437062937,2,20,5,2011,0,0,68.36,215.3834778,7.931,14.142917680312486,31,2011-05-20
964128.0404895104,1,20,5,2011,0,0,56.38,134.6803871,4.781,13.718021018079014,40,2011-05-20
518900.2819580419,0,20,5,2011,0,0,73.02,214.465412,8.3,13.187336966386159,37,2011-05-20
385731.6532867133,0,20,5,2011,0,0,66.59,129.0756774,13.736,12.809655447508945,38,2011-05-20
302748.86601398606,0,20,5,2011,0,0,52.12,129.0756774,6.906,12.623335321193146,44,2011-05-20
519247.7300699301,0,20,5,2011,0,0,43.95,192.831317,6.339,12.98401627067702,16,2011-05-20
2107676.8703496503,2,20,5,2011,0,0,59.01,208.7583165,7.287,14.485090735447702,20,2011-05-20
785981.4085314686,1,20,5,2011,0,0,62.28,185.9661154,8.521,13.496908237056823,45,2011-05-20
543980.5523776223,0,20,5,2011,0,0,70.49,219.3622809,6.38,13.15824756901656,9,2011-05-20
706721.5326573426,1,20,5,2011,0,0,56.56,208.7583165,7.287,13.426861754880292,25,2011-05-20
966781.5594405595,1,20,5,2011,0,0,61.47,129.0756774,10.581,13.758961190382701,34,2011-05-20
633324.7231468532,0,20,5,2011,0,0,74.21,207.5200622,10.581,13.382156925024297,43,2011-05-20
539451.4287412588,0,20,5,2011,0,0,58.56,134.6803871,9.966,13.108129575775141,29,2011-05-20
438579.6162237762,0,20,5,2011,0,0,68.36,215.3834778,7.931,12.983338523312845,30,2011-05-20
1268125.418811189,1,20,5,2011,0,0,41.11,192.831317,6.934,14.034279217379341,41,2011-05-20
402704.44104895106,0,20,5,2011,0,0,75.79,219.127216,7.574,12.806567468644717,3,2011-05-20
1002911.8446853146,1,20,5,2011,0,0,48.86,134.6803871,7.818,13.751862967829787,26,2011-05-20
1450668.1291608391,2,20,5,2011,0,0,73.31,214.465412,8.3,14.133169944583829,39,2011-05-20
373511.9927972028,0,20,5,2011,0,0,73.02,214.465412,8.3,12.837834834015474,36,2011-05-20
919724.9795804196,1,20,5,2011,0,0,60.22,138.587106,8.512,13.562989121542028,35,2011-05-20
908749.5183916084,1,20,5,2011,0,0,65.54,219.1746922,6.297,13.636444763419881,8,2011-05-20
1564728.1862937063,2,20,5,2011,0,0,72.01,217.2896095,6.855,14.139610016474782,6,2011-05-20
1775216.2019580419,2,20,5,2011,0,0,60.22,138.587106,7.725,14.3608938629059,27,2011-05-20
1323522.241818182,1,20,5,2011,0,0,66.59,129.0756774,13.736,13.956387799900725,28,2011-05-20
1356755.3935664336,2,20,5,2011,0,0,59.84,134.6803871,8.212,14.026000549592313,24,2011-05-20
1009001.6094405595,1,20,5,2011,0,0,66.59,129.0756774,13.736,13.736614515119271,12,2011-05-20
893581.3904195804,1,20,5,2011,0,0,51.93,129.0756774,6.774,13.646434116078229,17,2011-05-20
1084718.421048951,1,20,5,2011,0,0,57.55,134.6803871,8.975,13.81010741725385,18,2011-05-20
1028501.0389510489,1,20,5,2011,0,0,58.56,138.587106,8.252,13.785369681250248,22,2011-05-20
623312.474965035,0,20,5,2011,0,0,57.19,134.6803871,7.658,13.294538465778066,15,2011-05-20
1444999.0356643356,2,20,5,2011,0,0,52.8,134.6803871,7.658,14.11948565035651,19,2011-05-20
1925751.3355244757,2,20,5,2011,0,0,67.14,215.3834778,7.931,14.33922251118962,2,2011-05-20
1356383.1244755245,2,20,5,2011,0,0,76.97,219.127216,7.574,14.030192789058551,11,2011-05-20
1899424.5726573425,2,20,5,2011,0,0,72.62,129.0756774,8.494,14.358363203371814,10,2011-05-20
2020978.4009790209,2,20,5,2011,0,0,62.28,185.9661154,8.521,14.488439112712655,14,2011-05-20
259861.69202797202,0,20,5,2011,0,0,76.07,129.0756774,8.687,12.385085651768595,33,2011-05-20
1555264.3975524476,2,20,5,2011,0,0,67.63,215.7339202,7.682,14.171938960514176,1,2011-05-20
1389864.4604895106,2,20,5,2011,0,0,56.67,134.6803871,4.781,14.106401389338423,23,2011-05-20
318011.8104895105,0,20,5,2011,0,0,71.37,216.3023847,6.489,12.610254697540451,5,2011-05-20
1356755.3935664336,2,21,5,2011,0,0,65.74,134.7677742,8.212,14.086418772563487,24,2011-05-27
1925751.3355244757,2,21,5,2011,0,0,76.42,215.1544822,7.931,14.402037296158639,2,2011-05-27
318011.8104895105,0,21,5,2011,0,0,80.14,216.0704083,6.489,12.601994662851677,5,2011-05-27
539451.4287412588,0,21,5,2011,0,0,62.59,134.7677742,9.966,13.219012006540131,29,2011-05-27
1268125.418811189,1,21,5,2011,0,0,50.56,192.8365651,6.934,14.06104579774767,41,2011-05-27
2107676.8703496503,2,21,5,2011,0,0,69.12,208.556714,7.287,14.480481577543562,20,2011-05-27
964128.0404895104,1,21,5,2011,0,0,63.11,134.7677742,4.781,13.78749661611119,40,2011-05-27
1002911.8446853146,1,21,5,2011,0,0,56.74,134.7677742,7.818,13.812229762034024,26,2011-05-27
1356383.1244755245,2,21,5,2011,0,0,85.61,218.8860765,7.574,14.01179872598473,11,2011-05-27
570617.3086713287,0,21,5,2011,0,0,37.51,192.8365651,8.595,13.032915295878247,7,2011-05-27
1166568.154965035,1,21,5,2011,0,0,55.13,192.8365651,8.595,13.97716032635094,32,2011-05-27
893581.3904195804,1,21,5,2011,0,0,51.04,129.0623548,6.774,13.70128602830852,17,2011-05-27
919724.9795804196,1,21,5,2011,0,0,66.43,138.6782834,8.512,13.653826103724565,35,2011-05-27
2020978.4009790209,2,21,5,2011,0,0,69.7,185.8603077,8.521,14.548212645828414,14,2011-05-27
543980.5523776223,0,21,5,2011,0,0,80.42,219.1203788,6.38,13.224622159656741,9,2011-05-27
302748.86601398606,0,21,5,2011,0,0,54.62,129.0623548,6.906,12.639293928887422,44,2011-05-27
706721.5326573426,1,21,5,2011,0,0,67.18,208.556714,7.287,13.484746912288202,25,2011-05-27
756069.0833566433,1,21,5,2011,0,0,76.86,215.1544822,7.931,13.520321458160861,21,2011-05-27
373511.9927972028,0,21,5,2011,0,0,81.28,214.2408462,8.3,12.761841615367853,36,2011-05-27
1084718.421048951,1,21,5,2011,0,0,64.6,134.7677742,8.975,13.878687346114184,18,2011-05-27
1775216.2019580419,2,21,5,2011,0,0,66.43,138.6782834,7.725,14.41474487551791,27,2011-05-27
1009001.6094405595,1,21,5,2011,0,0,76.67,129.0623548,13.736,13.779192478490975,12,2011-05-27
1389864.4604895106,2,21,5,2011,0,0,63.27,134.7677742,4.781,14.124425249492338,23,2011-05-27
1444999.0356643356,2,21,5,2011,0,0,63.2,134.7677742,7.658,14.143773555081308,19,2011-05-27
1899424.5726573425,2,21,5,2011,0,0,78.62,129.0623548,8.494,14.371119116240227,10,2011-05-27
908749.5183916084,1,21,5,2011,0,0,73.14,218.9333986,6.297,13.66228992384373,8,2011-05-27
259861.69202797202,0,21,5,2011,0,0,82.32,129.0623548,8.687,12.386028280737587,33,2011-05-27
1555264.3975524476,2,21,5,2011,0,0,77.72,215.5037878,7.682,14.198080677953271,1,2011-05-27
402704.44104895106,0,21,5,2011,0,0,84.41,218.8860765,7.574,12.81950431488198,3,2011-05-27
2003620.3062937064,2,21,5,2011,0,0,54.62,129.0623548,7.193,14.43950642412871,13,2011-05-27
2094712.9606993007,2,21,5,2011,0,0,73.65,129.0623548,5.946,14.501934664222027,4,2011-05-27
1395901.437062937,2,21,5,2011,0,0,76.86,215.1544822,7.931,14.109876225352307,31,2011-05-27
1564728.1862937063,2,21,5,2011,0,0,80.83,217.0544307,6.855,14.23683596396246,6,2011-05-27
556403.863146853,0,21,5,2011,0,0,78.62,129.0623548,8.494,13.128934321388186,42,2011-05-27
1450668.1291608391,2,21,5,2011,0,0,82.1,214.2408462,8.3,14.156348351659528,39,2011-05-27
785981.4085314686,1,21,5,2011,0,0,69.7,185.8603077,8.521,13.614194848970058,45,2011-05-27
1028501.0389510489,1,21,5,2011,0,0,62.59,138.6782834,8.252,13.836850571503824,22,2011-05-27
519247.7300699301,0,21,5,2011,0,0,45.17,192.8365651,6.339,13.005199430073215,16,2011-05-27
1323522.241818182,1,21,5,2011,0,0,76.67,129.0623548,13.736,13.963969338192852,28,2011-05-27
633324.7231468532,0,21,5,2011,0,0,80.89,207.3119816,10.581,13.26769349303738,43,2011-05-27
966781.5594405595,1,21,5,2011,0,0,65.99,129.0623548,10.581,13.755030807528474,34,2011-05-27
438579.6162237762,0,21,5,2011,0,0,76.86,215.1544822,7.931,12.969927140413043,30,2011-05-27
385731.6532867133,0,21,5,2011,0,0,76.67,129.0623548,13.736,12.785174764246708,38,2011-05-27
518900.2819580419,0,21,5,2011,0,0,81.28,214.2408462,8.3,13.136439344520314,37,2011-05-27
623312.474965035,0,21,5,2011,0,0,65.87,134.7677742,7.658,13.363259204499515,15,2011-05-27
1323522.241818182,1,22,6,2011,0,0,71.81,129.0490323,13.736,14.154679334223799,28,2011-06-03
1084718.421048951,1,22,6,2011,0,0,70.9,134.8551613,8.975,13.979362598474568,18,2011-06-03
1450668.1291608391,2,22,6,2011,0,0,83.59,214.0162805,8.3,14.248426481078956,39,2011-06-03
385731.6532867133,0,22,6,2011,0,0,71.81,129.0490323,13.736,12.89125584763216,38,2011-06-03
402704.44104895106,0,22,6,2011,0,0,84.29,218.6449369,7.574,12.885396827128542,3,2011-06-03
785981.4085314686,1,22,6,2011,0,0,76.38,185.7545,8.521,13.684746133749513,45,2011-06-03
1555264.3975524476,2,22,6,2011,0,0,83.0,215.2736553,7.682,14.307201929941403,1,2011-06-03
302748.86601398606,0,22,6,2011,0,0,52.76,129.0490323,6.906,12.640938096723952,44,2011-06-03
518900.2819580419,0,22,6,2011,0,0,82.96,214.0162805,8.3,13.123127545353615,37,2011-06-03
570617.3086713287,0,22,6,2011,0,0,45.77,192.8418131,8.595,13.203567939094782,7,2011-06-03
543980.5523776223,0,22,6,2011,0,0,85.8,218.8784768,6.38,13.282789110694669,9,2011-06-03
556403.863146853,0,22,6,2011,0,0,81.87,129.0490323,8.494,13.208743438489336,42,2011-06-03
2020978.4009790209,2,22,6,2011,0,0,76.38,185.7545,8.521,14.547830599571068,14,2011-06-03
633324.7231468532,0,22,6,2011,0,0,83.49,207.1039009,10.581,13.355018589112463,43,2011-06-03
1444999.0356643356,2,22,6,2011,0,0,66.01,134.8551613,7.658,14.19212804588098,19,2011-06-03
2003620.3062937064,2,22,6,2011,0,0,52.76,129.0490323,7.193,14.475925263556809,13,2011-06-03
1395901.437062937,2,22,6,2011,0,0,83.82,214.9254865,7.931,14.173429098316344,31,2011-06-03
1564728.1862937063,2,22,6,2011,0,0,84.01,216.819252,6.855,14.349373155238034,6,2011-06-03
1389864.4604895106,2,22,6,2011,0,0,67.21,134.8551613,4.781,14.261581938126275,23,2011-06-03
519247.7300699301,0,22,6,2011,0,0,54.08,192.8418131,6.339,13.182670414678483,16,2011-06-03
966781.5594405595,1,22,6,2011,0,0,74.64,129.0490323,10.581,13.76129746827794,34,2011-06-03
438579.6162237762,0,22,6,2011,0,0,83.82,214.9254865,7.931,12.978052910156222,30,2011-06-03
623312.474965035,0,22,6,2011,0,0,69.8,134.8551613,7.658,13.45223845770793,15,2011-06-03
706721.5326573426,1,22,6,2011,0,0,70.69,208.3551116,7.287,13.511092876503668,25,2011-06-03
1166568.154965035,1,22,6,2011,0,0,61.25,192.8418131,8.595,13.970596229122306,32,2011-06-03
1009001.6094405595,1,22,6,2011,0,0,71.81,129.0490323,13.736,13.785391169023363,12,2011-06-03
964128.0404895104,1,22,6,2011,0,0,66.16,134.8551613,4.781,13.88847170276282,40,2011-06-03
1899424.5726573425,2,22,6,2011,0,0,81.87,129.0490323,8.494,14.398961107714456,10,2011-06-03
756069.0833566433,1,22,6,2011,0,0,83.82,214.9254865,7.931,13.559171559072475,21,2011-06-03
908749.5183916084,1,22,6,2011,0,0,82.05,218.6921051,6.297,13.742104204234156,8,2011-06-03
1356755.3935664336,2,22,6,2011,0,0,73.12,134.8551613,8.212,14.256882316859333,24,2011-06-03
2094712.9606993007,2,22,6,2011,0,0,78.26,129.0490323,5.946,14.540823891098894,4,2011-06-03
318011.8104895105,0,22,6,2011,0,0,83.81,215.8384319,6.489,12.704374938716391,5,2011-06-03
539451.4287412588,0,22,6,2011,0,0,70.09,134.8551613,9.966,13.301768301624326,29,2011-06-03
1268125.418811189,1,22,6,2011,0,0,54.81,192.8418131,6.934,14.076016134602792,41,2011-06-03
2107676.8703496503,2,22,6,2011,0,0,73.51,208.3551116,7.287,14.595865954056539,20,2011-06-03
1925751.3355244757,2,22,6,2011,0,0,83.07,214.9254865,7.931,14.47497540936925,2,2011-06-03
1002911.8446853146,1,22,6,2011,0,0,60.49,134.8551613,7.818,13.868534983080005,26,2011-06-03
1356383.1244755245,2,22,6,2011,0,0,86.14,218.6449369,7.574,14.110891418547194,11,2011-06-03
1775216.2019580419,2,22,6,2011,0,0,74.17,138.7694608,7.725,14.535157989522144,27,2011-06-03
373511.9927972028,0,22,6,2011,0,0,82.96,214.0162805,8.3,12.831221861305036,36,2011-06-03
893581.3904195804,1,22,6,2011,0,0,49.61,129.0490323,6.774,13.704602996968998,17,2011-06-03
919724.9795804196,1,22,6,2011,0,0,74.17,138.7694608,8.512,13.769956384325228,35,2011-06-03
1028501.0389510489,1,22,6,2011,0,0,70.09,138.7694608,8.252,13.933445510969522,22,2011-06-03
259861.69202797202,0,22,6,2011,0,0,82.93,129.0490323,8.687,12.402781991561493,33,2011-06-03
1564728.1862937063,2,23,6,2011,0,0,84.49,216.5840732,6.855,14.284666734473355,6,2011-06-10
966781.5594405595,1,23,6,2011,0,0,74.57,129.0357097,10.581,13.757790095616414,34,2011-06-10
964128.0404895104,1,23,6,2011,0,0,64.19,134.9425484,4.781,13.799723637712898,40,2011-06-10
539451.4287412588,0,23,6,2011,0,0,69.53,134.9425484,9.966,13.23288892329875,29,2011-06-10
893581.3904195804,1,23,6,2011,0,0,54.57,129.0357097,6.774,13.68903020253336,17,2011-06-10
1009001.6094405595,1,23,6,2011,0,0,78.72,129.0357097,13.736,13.812444813368012,12,2011-06-10
633324.7231468532,0,23,6,2011,0,0,85.81,206.8958203,10.581,13.373966424030952,43,2011-06-10
1389864.4604895106,2,23,6,2011,0,0,65.23,134.9425484,4.781,14.185023088342161,23,2011-06-10
302748.86601398606,0,23,6,2011,0,0,61.39,129.0357097,6.906,12.640356541036104,44,2011-06-10
2020978.4009790209,2,23,6,2011,0,0,73.88,185.6486923,8.521,14.572780704580737,14,2011-06-10
259861.69202797202,0,23,6,2011,0,0,87.02,129.0357097,8.687,12.462373913276544,33,2011-06-10
1444999.0356643356,2,23,6,2011,0,0,68.26,134.9425484,7.658,14.19905354263035,19,2011-06-10
1002911.8446853146,1,23,6,2011,0,0,59.85,134.9425484,7.818,13.905405812578529,26,2011-06-10
1775216.2019580419,2,23,6,2011,0,0,73.26,138.8606382,7.725,14.413201188508298,27,2011-06-10
1925751.3355244757,2,23,6,2011,0,0,83.4,214.6964908,7.931,14.472592205750137,2,2011-06-10
1555264.3975524476,2,23,6,2011,0,0,83.13,215.0435229,7.682,14.278583550737093,1,2011-06-10
623312.474965035,0,23,6,2011,0,0,69.86,134.9425484,7.658,13.373403472503773,15,2011-06-10
908749.5183916084,1,23,6,2011,0,0,82.21,218.4508115,6.297,13.707157134689933,8,2011-06-10
385731.6532867133,0,23,6,2011,0,0,78.72,129.0357097,13.736,12.852557948012274,38,2011-06-10
556403.863146853,0,23,6,2011,0,0,84.57,129.0357097,8.494,13.332142809354405,42,2011-06-10
756069.0833566433,1,23,6,2011,0,0,84.71,214.6964908,7.931,13.585340994431157,21,2011-06-10
2094712.9606993007,2,23,6,2011,0,0,80.05,129.0357097,5.946,14.544966707045141,4,2011-06-10
373511.9927972028,0,23,6,2011,0,0,82.41,213.7917147,8.3,12.832500368438499,36,2011-06-10
1899424.5726573425,2,23,6,2011,0,0,84.57,129.0357097,8.494,14.36943250959263,10,2011-06-10
1395901.437062937,2,23,6,2011,0,0,84.71,214.6964908,7.931,14.16989313543756,31,2011-06-10
2107676.8703496503,2,23,6,2011,0,0,73.64,208.1535092,7.287,14.574006731141035,20,2011-06-10
519247.7300699301,0,23,6,2011,0,0,55.78,192.8470612,6.339,13.306272107305736,16,2011-06-10
2003620.3062937064,2,23,6,2011,0,0,61.39,129.0357097,7.193,14.507566132939578,13,2011-06-10
438579.6162237762,0,23,6,2011,0,0,84.71,214.6964908,7.931,12.959133724814485,30,2011-06-10
785981.4085314686,1,23,6,2011,0,0,73.88,185.6486923,8.521,13.610202221918614,45,2011-06-10
1084718.421048951,1,23,6,2011,0,0,69.49,134.9425484,8.975,13.858646864397594,18,2011-06-10
1323522.241818182,1,23,6,2011,0,0,78.72,129.0357097,13.736,14.108160641885638,28,2011-06-10
570617.3086713287,0,23,6,2011,0,0,53.3,192.8470612,8.595,13.339248908090582,7,2011-06-10
402704.44104895106,0,23,6,2011,0,0,84.84,218.4037974,7.574,12.87809769112647,3,2011-06-10
1450668.1291608391,2,23,6,2011,0,0,82.75,213.7917147,8.3,14.18160614398099,39,2011-06-10
518900.2819580419,0,23,6,2011,0,0,82.41,213.7917147,8.3,13.141476060861633,37,2011-06-10
919724.9795804196,1,23,6,2011,0,0,73.26,138.8606382,8.512,13.659010198133116,35,2011-06-10
1356383.1244755245,2,23,6,2011,0,0,85.79,218.4037974,7.574,14.08906410367143,11,2011-06-10
1268125.418811189,1,23,6,2011,0,0,61.1,192.8470612,6.934,14.086827786315911,41,2011-06-10
543980.5523776223,0,23,6,2011,0,0,85.81,218.6365747,6.38,13.217814129146138,9,2011-06-10
318011.8104895105,0,23,6,2011,0,0,83.61,215.6064555,6.489,12.628018333091152,5,2011-06-10
1356755.3935664336,2,23,6,2011,0,0,70.02,134.9425484,8.212,14.133122414806085,24,2011-06-10
1166568.154965035,1,23,6,2011,0,0,65.49,192.8470612,8.595,14.030414125667239,32,2011-06-10
1028501.0389510489,1,23,6,2011,0,0,69.53,138.8606382,8.252,13.874599403432638,22,2011-06-10
706721.5326573426,1,23,6,2011,0,0,71.45,208.1535092,7.287,13.514757605874243,25,2011-06-10
518900.2819580419,0,24,6,2011,0,0,84.43,213.7481256,8.3,13.171407528364004,37,2011-06-17
1166568.154965035,1,24,6,2011,0,0,67.38,192.9034759,8.595,13.991170290668016,32,2011-06-17
633324.7231468532,0,24,6,2011,0,0,88.49,206.8560238,10.581,13.408718680086226,43,2011-06-17
706721.5326573426,1,24,6,2011,0,0,63.58,208.1265604,7.287,13.483353200846835,25,2011-06-17
964128.0404895104,1,24,6,2011,0,0,59.16,135.0837333,4.781,13.786517975490058,40,2011-06-17
1002911.8446853146,1,24,6,2011,0,0,54.5,135.0837333,7.818,13.796987520843285,26,2011-06-17
785981.4085314686,1,24,6,2011,0,0,69.32,185.6719333,8.521,13.606214030080185,45,2011-06-17
373511.9927972028,0,24,6,2011,0,0,84.43,213.7481256,8.3,12.885745073000944,36,2011-06-17
556403.863146853,0,24,6,2011,0,0,87.96,129.0432,8.494,13.211612773160642,42,2011-06-17
385731.6532867133,0,24,6,2011,0,0,86.84,129.0432,13.736,12.784925074291115,38,2011-06-17
302748.86601398606,0,24,6,2011,0,0,63.35,129.0432,6.906,12.612393620613021,44,2011-06-17
1775216.2019580419,2,24,6,2011,0,0,67.03,139.0028333,7.725,14.411453365367848,27,2011-06-17
966781.5594405595,1,24,6,2011,0,0,76.58,129.0432,10.581,13.783254985404193,34,2011-06-17
438579.6162237762,0,24,6,2011,0,0,87.54,214.6513538,7.931,12.984208811507168,30,2011-06-17
1356755.3935664336,2,24,6,2011,0,0,64.34,135.0837333,8.212,14.09341515884686,24,2011-06-17
1268125.418811189,1,24,6,2011,0,0,62.3,192.9034759,6.934,14.069495847429007,41,2011-06-17
539451.4287412588,0,24,6,2011,0,0,63.97,135.0837333,9.966,13.193595390807554,29,2011-06-17
919724.9795804196,1,24,6,2011,0,0,67.03,139.0028333,8.512,13.627487812233522,35,2011-06-17
1450668.1291608391,2,24,6,2011,0,0,85.21,213.7481256,8.3,14.188034804510337,39,2011-06-17
1323522.241818182,1,24,6,2011,0,0,86.84,129.0432,13.736,14.053349197628926,28,2011-06-17
1395901.437062937,2,24,6,2011,0,0,87.54,214.6513538,7.931,14.214984514913672,31,2011-06-17
259861.69202797202,0,24,6,2011,0,0,91.11,129.0432,8.687,12.380755350443902,33,2011-06-17
1389864.4604895106,2,24,6,2011,0,0,61.06,135.0837333,4.781,14.201127882156714,23,2011-06-17
893581.3904195804,1,24,6,2011,0,0,56.61,129.0432,6.774,13.704229964285032,17,2011-06-17
756069.0833566433,1,24,6,2011,0,0,87.54,214.6513538,7.931,13.620980495719015,21,2011-06-17
908749.5183916084,1,24,6,2011,0,0,84.73,218.4021448,6.297,13.734354091124528,8,2011-06-17
1009001.6094405595,1,24,6,2011,0,0,86.84,129.0432,13.736,13.801924615577272,12,2011-06-17
1899424.5726573425,2,24,6,2011,0,0,87.96,129.0432,8.494,14.413212217561693,10,2011-06-17
2107676.8703496503,2,24,6,2011,0,0,66.41,208.1265604,7.287,14.540733889001737,20,2011-06-17
2003620.3062937064,2,24,6,2011,0,0,63.35,129.0432,7.193,14.550967181444403,13,2011-06-17
570617.3086713287,0,24,6,2011,0,0,48.79,192.9034759,8.595,13.322839717617086,7,2011-06-17
1084718.421048951,1,24,6,2011,0,0,63.23,135.0837333,8.975,13.860350444335754,18,2011-06-17
402704.44104895106,0,24,6,2011,0,0,86.96,218.3551748,7.574,12.907744239816395,3,2011-06-17
1564728.1862937063,2,24,6,2011,0,0,87.08,216.5371616,6.855,14.299263807702511,6,2011-06-17
1444999.0356643356,2,24,6,2011,0,0,64.02,135.0837333,7.658,14.16544507014713,19,2011-06-17
2094712.9606993007,2,24,6,2011,0,0,83.51,129.0432,5.946,14.576882404350078,4,2011-06-17
1356383.1244755245,2,24,6,2011,0,0,87.9,218.3551748,7.574,14.106318544651442,11,2011-06-17
318011.8104895105,0,24,6,2011,0,0,86.84,215.560463,6.489,12.62745316227757,5,2011-06-17
623312.474965035,0,24,6,2011,0,0,63.9,135.0837333,7.658,13.369113839953307,15,2011-06-17
1925751.3355244757,2,24,6,2011,0,0,86.53,214.6513538,7.931,14.485272927763114,2,2011-06-17
1555264.3975524476,2,24,6,2011,0,0,86.41,214.9980596,7.682,14.242160253054978,1,2011-06-17
519247.7300699301,0,24,6,2011,0,0,58.34,192.9034759,6.339,13.273447468622834,16,2011-06-17
543980.5523776223,0,24,6,2011,0,0,89.15,218.5877333,6.38,13.233318068444103,9,2011-06-17
1028501.0389510489,1,24,6,2011,0,0,63.97,139.0028333,8.252,13.857089651412794,22,2011-06-17
2020978.4009790209,2,24,6,2011,0,0,69.32,185.6719333,8.521,14.54888003646242,14,2011-06-17
2020978.4009790209,2,25,6,2011,0,0,74.85,185.7919609,8.521,14.542829438373264,14,2011-06-24
706721.5326573426,1,25,6,2011,0,0,70.71,208.2306018,7.287,13.457793785796646,25,2011-06-24
556403.863146853,0,25,6,2011,0,0,90.69,129.0663,8.494,13.125920363820882,42,2011-06-24
785981.4085314686,1,25,6,2011,0,0,74.85,185.7919609,8.521,13.54483345136687,45,2011-06-24
1323522.241818182,1,25,6,2011,0,0,88.95,129.0663,13.736,14.005147243841872,28,2011-06-24
1555264.3975524476,2,25,6,2011,0,0,83.58,215.0910982,7.682,14.179341640555348,1,2011-06-24
756069.0833566433,1,25,6,2011,0,0,85.72,214.7441108,7.931,13.555832655991843,21,2011-06-24
1166568.154965035,1,25,6,2011,0,0,65.06,192.9982655,8.595,13.967261663972812,32,2011-06-24
2094712.9606993007,2,25,6,2011,0,0,81.85,129.0663,5.946,14.51282201587316,4,2011-06-24
1389864.4604895106,2,25,6,2011,0,0,63.8,135.2652667,4.781,14.176004227281185,23,2011-06-24
919724.9795804196,1,25,6,2011,0,0,72.02,139.1832917,8.512,13.652283813318567,35,2011-06-24
259861.69202797202,0,25,6,2011,0,0,94.11,129.0663,8.687,12.38185004428897,33,2011-06-24
519247.7300699301,0,25,6,2011,0,0,54.36,192.9982655,6.339,13.251822040212467,16,2011-06-24
438579.6162237762,0,25,6,2011,0,0,85.72,214.7441108,7.931,12.954457588325724,30,2011-06-24
1268125.418811189,1,25,6,2011,0,0,59.54,192.9982655,6.934,14.034150366637896,41,2011-06-24
318011.8104895105,0,25,6,2011,0,0,84.76,215.6539583,6.489,12.621100682728459,5,2011-06-24
302748.86601398606,0,25,6,2011,0,0,66.38,129.0663,6.906,12.600701216553734,44,2011-06-24
1925751.3355244757,2,25,6,2011,0,0,85.17,214.7441108,7.931,14.39824380918583,2,2011-06-24
1356755.3935664336,2,25,6,2011,0,0,68.88,135.2652667,8.212,14.081599929443572,24,2011-06-24
1028501.0389510489,1,25,6,2011,0,0,68.53,139.1832917,8.252,13.828017222570722,22,2011-06-24
1775216.2019580419,2,25,6,2011,0,0,72.02,139.1832917,7.725,14.409641582565552,27,2011-06-24
1444999.0356643356,2,25,6,2011,0,0,68.4,135.2652667,7.658,14.180699841818491,19,2011-06-24
1899424.5726573425,2,25,6,2011,0,0,90.69,129.0663,8.494,14.353064260864558,10,2011-06-24
570617.3086713287,0,25,6,2011,0,0,46.85,192.9982655,8.595,13.369293718492342,7,2011-06-24
1450668.1291608391,2,25,6,2011,0,0,84.06,213.8402689,8.3,14.125322657509049,39,2011-06-24
539451.4287412588,0,25,6,2011,0,0,68.53,135.2652667,9.966,13.209218220476497,29,2011-06-24
385731.6532867133,0,25,6,2011,0,0,88.95,129.0663,13.736,12.777278014073842,38,2011-06-24
908749.5183916084,1,25,6,2011,0,0,83.94,218.4979481,6.297,13.670348637917975,8,2011-06-24
1356383.1244755245,2,25,6,2011,0,0,86.13,218.45094,7.574,14.042318459339795,11,2011-06-24
373511.9927972028,0,25,6,2011,0,0,83.95,213.8402689,8.3,12.793889698859449,36,2011-06-24
1084718.421048951,1,25,6,2011,0,0,67.41,135.2652667,8.975,13.870452854139534,18,2011-06-24
2003620.3062937064,2,25,6,2011,0,0,66.38,129.0663,7.193,14.513229312935923,13,2011-06-24
402704.44104895106,0,25,6,2011,0,0,84.94,218.45094,7.574,12.862352786871922,3,2011-06-24
1009001.6094405595,1,25,6,2011,0,0,88.95,129.0663,13.736,13.812790612263427,12,2011-06-24
893581.3904195804,1,25,6,2011,0,0,60.99,129.0663,6.774,13.732912316026201,17,2011-06-24
1002911.8446853146,1,25,6,2011,0,0,56.94,135.2652667,7.818,13.8129832971292,26,2011-06-24
633324.7231468532,0,25,6,2011,0,0,88.3,206.9424405,10.581,13.312861547729991,43,2011-06-24
2107676.8703496503,2,25,6,2011,0,0,72.4,208.2306018,7.287,14.483764107230943,20,2011-06-24
1564728.1862937063,2,25,6,2011,0,0,85.51,216.6314502,6.855,14.249476886617835,6,2011-06-24
1395901.437062937,2,25,6,2011,0,0,85.72,214.7441108,7.931,14.134664741890271,31,2011-06-24
623312.474965035,0,25,6,2011,0,0,69.96,135.2652667,7.658,13.394824115891709,15,2011-06-24
964128.0404895104,1,25,6,2011,0,0,62.59,135.2652667,4.781,13.792349028667449,40,2011-06-24
518900.2819580419,0,25,6,2011,0,0,83.95,213.8402689,8.3,13.140747783814248,37,2011-06-24
543980.5523776223,0,25,6,2011,0,0,86.74,218.6836874,6.38,13.197001222007989,9,2011-06-24
966781.5594405595,1,25,6,2011,0,0,77.16,129.0663,10.581,13.736246590327324,34,2011-06-24
543980.5523776223,0,26,7,2011,0,0,89.14,218.7796415,6.404,13.19387446485561,9,2011-07-01
908749.5183916084,1,26,7,2011,0,0,87.26,218.5937514,6.425,13.691855207719314,8,2011-07-01
1356383.1244755245,2,26,7,2011,0,0,86.43,218.5467052,7.567,14.075929130800846,11,2011-07-01
1389864.4604895106,2,26,7,2011,0,0,65.65,135.4468,4.584,14.215968779174279,23,2011-07-01
259861.69202797202,0,26,7,2011,0,0,98.43,129.0894,8.442,12.331397657735586,33,2011-07-01
402704.44104895106,0,26,7,2011,0,0,85.1,218.5467052,7.567,12.81845359840576,3,2011-07-01
919724.9795804196,1,26,7,2011,0,0,73.76,139.36375,8.684,13.68135597691246,35,2011-07-01
385731.6532867133,0,26,7,2011,0,0,89.85,129.0894,13.503,12.86704533391239,38,2011-07-01
2003620.3062937064,2,26,7,2011,0,0,74.29,129.0894,6.877,14.53239220443375,13,2011-07-01
373511.9927972028,0,26,7,2011,0,0,85.33,213.9324122,8.177,12.777819609440304,36,2011-07-01
1002911.8446853146,1,26,7,2011,0,0,59.89,135.4468,7.767,13.883281433785225,26,2011-07-01
519247.7300699301,0,26,7,2011,0,0,63.59,193.0930552,6.338,13.31914416059455,16,2011-07-01
1450668.1291608391,2,26,7,2011,0,0,84.93,213.9324122,8.177,14.17306636582844,39,2011-07-01
302748.86601398606,0,26,7,2011,0,0,74.29,129.0894,6.56,12.661197634732433,44,2011-07-01
438579.6162237762,0,26,7,2011,0,0,87.57,214.8368678,7.852,12.96870712865921,30,2011-07-01
318011.8104895105,0,26,7,2011,0,0,85.81,215.7474537,6.529,12.698005591270544,5,2011-07-01
570617.3086713287,0,26,7,2011,0,0,58.54,193.0930552,8.622,13.465023870069034,7,2011-07-01
964128.0404895104,1,26,7,2011,0,0,65.25,135.4468,4.584,13.86322137794652,40,2011-07-01
1899424.5726573425,2,26,7,2011,0,0,95.36,129.0894,8.257,14.375909325005825,10,2011-07-01
1444999.0356643356,2,26,7,2011,0,0,67.64,135.4468,7.806,14.195817113782356,19,2011-07-01
756069.0833566433,1,26,7,2011,0,0,87.57,214.8368678,7.852,13.572980445786241,21,2011-07-01
518900.2819580419,0,26,7,2011,0,0,85.33,213.9324122,8.177,13.155841286022628,37,2011-07-01
1564728.1862937063,2,26,7,2011,0,0,87.0,216.7257388,6.925,14.3429290455958,6,2011-07-01
1028501.0389510489,1,26,7,2011,0,0,70.8,139.36375,8.023,13.890147307433484,22,2011-07-01
1356755.3935664336,2,26,7,2011,0,0,70.27,135.4468,8.358,14.184033364966039,24,2011-07-01
1775216.2019580419,2,26,7,2011,0,0,73.76,139.36375,7.85,14.483332202304938,27,2011-07-01
1925751.3355244757,2,26,7,2011,0,0,85.69,214.8368678,7.852,14.43943841282702,2,2011-07-01
1268125.418811189,1,26,7,2011,0,0,67.01,193.0930552,6.901,14.10320421534895,41,2011-07-01
2107676.8703496503,2,26,7,2011,0,0,69.66,208.3346432,7.274,14.534893749705901,20,2011-07-01
893581.3904195804,1,26,7,2011,0,0,67.39,129.0894,6.745,13.754225767034155,17,2011-07-01
1323522.241818182,1,26,7,2011,0,0,89.85,129.0894,13.503,14.092426561213811,28,2011-07-01
2020978.4009790209,2,26,7,2011,0,0,74.04,185.9119885,8.625,14.545312272431156,14,2011-07-01
556403.863146853,0,26,7,2011,0,0,95.36,129.0894,8.257,13.134973198379482,42,2011-07-01
1555264.3975524476,2,26,7,2011,0,0,85.55,215.1841368,7.962,14.213305720430062,1,2011-07-01
633324.7231468532,0,26,7,2011,0,0,91.36,207.0288571,10.641,13.282409979217102,43,2011-07-01
2094712.9606993007,2,26,7,2011,0,0,84.54,129.0894,5.644,14.534098622309372,4,2011-07-01
966781.5594405595,1,26,7,2011,0,0,81.96,129.0894,10.641,13.722415864157435,34,2011-07-01
785981.4085314686,1,26,7,2011,0,0,74.04,185.9119885,8.625,13.581680420452436,45,2011-07-01
1009001.6094405595,1,26,7,2011,0,0,89.85,129.0894,13.503,13.776763846054651,12,2011-07-01
623312.474965035,0,26,7,2011,0,0,67.43,135.4468,7.806,13.421979198573592,15,2011-07-01
706721.5326573426,1,26,7,2011,0,0,66.61,208.3346432,7.274,13.467664892405988,25,2011-07-01
1395901.437062937,2,26,7,2011,0,0,87.57,214.8368678,7.852,14.131700105935435,31,2011-07-01
539451.4287412588,0,26,7,2011,0,0,70.8,135.4468,9.863,13.248318441999718,29,2011-07-01
1166568.154965035,1,26,7,2011,0,0,72.86,193.0930552,8.622,13.997704014887123,32,2011-07-01
1084718.421048951,1,26,7,2011,0,0,69.75,135.4468,8.89,13.89898024222458,18,2011-07-01
543980.5523776223,0,27,7,2011,0,0,89.04,218.8755955,6.404,13.191859831405653,9,2011-07-08
1444999.0356643356,2,27,7,2011,0,0,73.2,135.6283333,7.806,14.197700727274201,19,2011-07-08
1555264.3975524476,2,27,7,2011,0,0,85.83,215.2771754,7.962,14.2439436313376,1,2011-07-08
318011.8104895105,0,27,7,2011,0,0,86.64,215.8409491,6.529,12.646923977087692,5,2011-07-08
302748.86601398606,0,27,7,2011,0,0,77.3,129.1125,6.56,12.595882547887046,44,2011-07-08
1028501.0389510489,1,27,7,2011,0,0,74.22,139.5442083,8.023,13.832418460368435,22,2011-07-08
518900.2819580419,0,27,7,2011,0,0,84.71,214.0245556,8.177,13.100242361921914,37,2011-07-08
1564728.1862937063,2,27,7,2011,0,0,88.36,216.8200275,6.925,14.351638142288985,6,2011-07-08
623312.474965035,0,27,7,2011,0,0,73.47,135.6283333,7.806,13.361568417655745,15,2011-07-08
1395901.437062937,2,27,7,2011,0,0,89.16,214.9296249,7.852,14.168380099535078,31,2011-07-08
1356755.3935664336,2,27,7,2011,0,0,72.56,135.6283333,8.358,14.264891155599223,24,2011-07-08
1389864.4604895106,2,27,7,2011,0,0,69.92,135.6283333,4.584,14.137223734949403,23,2011-07-08
1166568.154965035,1,27,7,2011,0,0,72.56,193.1878448,8.622,13.920091738018984,32,2011-07-08
1775216.2019580419,2,27,7,2011,0,0,76.87,139.5442083,7.85,14.508685873128437,27,2011-07-08
438579.6162237762,0,27,7,2011,0,0,89.16,214.9296249,7.852,12.94745119130335,30,2011-07-08
1268125.418811189,1,27,7,2011,0,0,68.49,193.1878448,6.901,14.107331737481493,41,2011-07-08
1925751.3355244757,2,27,7,2011,0,0,87.7,214.9296249,7.852,14.432404461463998,2,2011-07-08
785981.4085314686,1,27,7,2011,0,0,77.49,186.032016,8.625,13.552480915181722,45,2011-07-08
2107676.8703496503,2,27,7,2011,0,0,74.69,208.4386847,7.274,14.568712216663162,20,2011-07-08
966781.5594405595,1,27,7,2011,0,0,80.84,129.1125,10.641,13.739639338356872,34,2011-07-08
556403.863146853,0,27,7,2011,0,0,88.57,129.1125,8.257,13.293346344659795,42,2011-07-08
519247.7300699301,0,27,7,2011,0,0,65.0,193.1878448,6.338,13.360806349429875,16,2011-07-08
756069.0833566433,1,27,7,2011,0,0,89.16,214.9296249,7.852,13.506401082983617,21,2011-07-08
893581.3904195804,1,27,7,2011,0,0,70.6,129.1125,6.745,13.726750620405978,17,2011-07-08
908749.5183916084,1,27,7,2011,0,0,83.57,218.6895548,6.425,13.666971244929094,8,2011-07-08
706721.5326573426,1,27,7,2011,0,0,71.64,208.4386847,7.274,13.456734322143006,25,2011-07-08
1356383.1244755245,2,27,7,2011,0,0,87.17,218.6424704,7.567,14.104163878601799,11,2011-07-08
1084718.421048951,1,27,7,2011,0,0,73.12,135.6283333,8.89,13.863160662989362,18,2011-07-08
402704.44104895106,0,27,7,2011,0,0,85.38,218.6424704,7.567,12.88701373391937,3,2011-07-08
1009001.6094405595,1,27,7,2011,0,0,89.9,129.1125,13.503,13.757583074348316,12,2011-07-08
919724.9795804196,1,27,7,2011,0,0,76.87,139.5442083,8.684,13.62642882256608,35,2011-07-08
259861.69202797202,0,27,7,2011,0,0,96.44,129.1125,8.442,12.478839195063621,33,2011-07-08
1899424.5726573425,2,27,7,2011,0,0,88.57,129.1125,8.257,14.345967841471149,10,2011-07-08
1002911.8446853146,1,27,7,2011,0,0,63.34,135.6283333,7.767,13.941092463225106,26,2011-07-08
539451.4287412588,0,27,7,2011,0,0,74.22,135.6283333,9.863,13.213276759992022,29,2011-07-08
1323522.241818182,1,27,7,2011,0,0,89.9,129.1125,13.503,14.193711931813066,28,2011-07-08
2003620.3062937064,2,27,7,2011,0,0,77.3,129.1125,6.877,14.519449487563028,13,2011-07-08
373511.9927972028,0,27,7,2011,0,0,84.71,214.0245556,8.177,12.84123477067615,36,2011-07-08
2094712.9606993007,2,27,7,2011,0,0,84.59,129.1125,5.644,14.541387653101134,4,2011-07-08
1450668.1291608391,2,27,7,2011,0,0,84.33,214.0245556,8.177,14.162332995974824,39,2011-07-08
633324.7231468532,0,27,7,2011,0,0,87.02,207.1152738,10.641,13.386493512573226,43,2011-07-08
964128.0404895104,1,27,7,2011,0,0,67.86,135.6283333,4.584,13.917495737579134,40,2011-07-08
570617.3086713287,0,27,7,2011,0,0,59.08,193.1878448,8.622,13.543432690841284,7,2011-07-08
385731.6532867133,0,27,7,2011,0,0,89.9,129.1125,13.503,12.898469970018313,38,2011-07-08
2020978.4009790209,2,27,7,2011,0,0,77.49,186.032016,8.625,14.539866664000149,14,2011-07-08
2003620.3062937064,2,28,7,2011,0,0,75.59,129.1338387,6.877,14.48682835684824,13,2011-07-15
519247.7300699301,0,28,7,2011,0,0,65.16,193.3125484,6.338,13.282512209438746,16,2011-07-15
623312.474965035,0,28,7,2011,0,0,73.34,135.7837419,7.806,13.344090822513278,15,2011-07-15
2020978.4009790209,2,28,7,2011,0,0,78.47,186.1399808,8.625,14.485156617825382,14,2011-07-15
518900.2819580419,0,28,7,2011,0,0,85.63,214.1083654,8.177,13.119861490293207,37,2011-07-15
633324.7231468532,0,28,7,2011,0,0,84.67,207.1940691,10.641,13.356373085619534,43,2011-07-15
543980.5523776223,0,28,7,2011,0,0,90.45,218.9607242,6.404,13.147709512987388,9,2011-07-15
756069.0833566433,1,28,7,2011,0,0,91.05,215.0134426,7.852,13.498485012752559,21,2011-07-15
908749.5183916084,1,28,7,2011,0,0,84.26,218.7746217,6.425,13.652905001185053,8,2011-07-15
402704.44104895106,0,28,7,2011,0,0,87.14,218.7275216,7.567,12.830553678008977,3,2011-07-15
1002911.8446853146,1,28,7,2011,0,0,64.43,135.7837419,7.767,13.836817641234118,26,2011-07-15
373511.9927972028,0,28,7,2011,0,0,85.63,214.1083654,8.177,12.862640070536326,36,2011-07-15
706721.5326573426,1,28,7,2011,0,0,72.67,208.5309337,7.274,13.43059960350913,25,2011-07-15
2094712.9606993007,2,28,7,2011,0,0,83.27,129.1338387,5.644,14.532885828606569,4,2011-07-15
556403.863146853,0,28,7,2011,0,0,86.01,129.1338387,8.257,13.290763174651548,42,2011-07-15
1899424.5726573425,2,28,7,2011,0,0,86.01,129.1338387,8.257,14.389350078718872,10,2011-07-15
1444999.0356643356,2,28,7,2011,0,0,73.7,135.7837419,7.806,14.145951363446924,19,2011-07-15
1166568.154965035,1,28,7,2011,0,0,70.55,193.3125484,8.622,13.950264555402853,32,2011-07-15
1395901.437062937,2,28,7,2011,0,0,91.05,215.0134426,7.852,14.162975658191552,31,2011-07-15
2107676.8703496503,2,28,7,2011,0,0,74.88,208.5309337,7.274,14.528399947328571,20,2011-07-15
1775216.2019580419,2,28,7,2011,0,0,77.83,139.7006325,7.85,14.382049065628378,27,2011-07-15
1925751.3355244757,2,28,7,2011,0,0,89.83,215.0134426,7.852,14.395034452226605,2,2011-07-15
302748.86601398606,0,28,7,2011,0,0,75.59,129.1338387,6.56,12.574881411007949,44,2011-07-15
385731.6532867133,0,28,7,2011,0,0,88.1,129.1338387,13.503,12.813614850563244,38,2011-07-15
438579.6162237762,0,28,7,2011,0,0,91.05,215.0134426,7.852,12.949239305770089,30,2011-07-15
318011.8104895105,0,28,7,2011,0,0,88.64,215.9250696,6.529,12.554083837318302,5,2011-07-15
1268125.418811189,1,28,7,2011,0,0,68.18,193.3125484,6.901,14.035267340646609,41,2011-07-15
570617.3086713287,0,28,7,2011,0,0,54.37,193.3125484,8.622,13.373509896033642,7,2011-07-15
919724.9795804196,1,28,7,2011,0,0,77.83,139.7006325,8.684,13.609527052263614,35,2011-07-15
1356755.3935664336,2,28,7,2011,0,0,74.43,135.7837419,8.358,14.120742685811328,24,2011-07-15
539451.4287412588,0,28,7,2011,0,0,75.2,135.7837419,9.863,13.132802994478062,29,2011-07-15
1084718.421048951,1,28,7,2011,0,0,74.36,135.7837419,8.89,13.79010775149592,18,2011-07-15
1323522.241818182,1,28,7,2011,0,0,88.1,129.1338387,13.503,13.995641492095514,28,2011-07-15
1450668.1291608391,2,28,7,2011,0,0,85.96,214.1083654,8.177,14.137781083121197,39,2011-07-15
1009001.6094405595,1,28,7,2011,0,0,88.1,129.1338387,13.503,13.749373939215344,12,2011-07-15
893581.3904195804,1,28,7,2011,0,0,67.93,129.1338387,6.745,13.713177410754357,17,2011-07-15
785981.4085314686,1,28,7,2011,0,0,78.47,186.1399808,8.625,13.52574124206798,45,2011-07-15
1389864.4604895106,2,28,7,2011,0,0,69.8,135.7837419,4.584,14.123378684194906,23,2011-07-15
1555264.3975524476,2,28,7,2011,0,0,88.54,215.3611087,7.962,14.190599596025189,1,2011-07-15
966781.5594405595,1,28,7,2011,0,0,78.09,129.1338387,10.641,13.714456268303241,34,2011-07-15
1564728.1862937063,2,28,7,2011,0,0,88.93,216.9044732,6.925,14.23868606697291,6,2011-07-15
964128.0404895104,1,28,7,2011,0,0,68.9,135.7837419,4.584,13.767635771708616,40,2011-07-15
1028501.0389510489,1,28,7,2011,0,0,75.2,139.7006325,8.023,13.776722504000505,22,2011-07-15
259861.69202797202,0,28,7,2011,0,0,92.83,129.1338387,8.442,12.487501972750625,33,2011-07-15
1356383.1244755245,2,28,7,2011,0,0,88.3,218.7275216,7.567,14.051805434251449,11,2011-07-15
1450668.1291608391,2,29,7,2011,0,0,84.6,214.1713416,8.177,14.163351207179774,39,2011-07-22
259861.69202797202,0,29,7,2011,0,0,97.17,129.1507742,8.442,12.383867513978954,33,2011-07-22
1899424.5726573425,2,29,7,2011,0,0,88.59,129.1507742,8.257,14.388941115316715,10,2011-07-22
373511.9927972028,0,29,7,2011,0,0,83.31,214.1713416,8.177,12.797498264732948,36,2011-07-22
1009001.6094405595,1,29,7,2011,0,0,91.17,129.1507742,13.503,13.734553095363328,12,2011-07-22
1444999.0356643356,2,29,7,2011,0,0,79.37,135.8738387,7.806,14.135505246652157,19,2011-07-22
966781.5594405595,1,29,7,2011,0,0,80.75,129.1507742,10.641,13.724751388584261,34,2011-07-22
1028501.0389510489,1,29,7,2011,0,0,77.79,139.7969712,8.023,13.77955669484088,22,2011-07-22
570617.3086713287,0,29,7,2011,0,0,56.22,193.5120367,8.622,13.441609463617548,7,2011-07-22
633324.7231468532,0,29,7,2011,0,0,88.58,207.2538111,10.641,13.300267508390398,43,2011-07-22
539451.4287412588,0,29,7,2011,0,0,77.79,135.8738387,9.863,13.136930263272772,29,2011-07-22
893581.3904195804,1,29,7,2011,0,0,69.82,129.1507742,6.745,13.709088745997365,17,2011-07-22
556403.863146853,0,29,7,2011,0,0,88.59,129.1507742,8.257,13.14474559626009,42,2011-07-22
1323522.241818182,1,29,7,2011,0,0,91.17,129.1507742,13.503,13.96897946829666,28,2011-07-22
2094712.9606993007,2,29,7,2011,0,0,82.84,129.1507742,5.644,14.526611790610534,4,2011-07-22
1166568.154965035,1,29,7,2011,0,0,76.0,193.5120367,8.622,13.985823195465107,32,2011-07-22
785981.4085314686,1,29,7,2011,0,0,82.33,186.2177885,8.625,13.516600689047472,45,2011-07-22
706721.5326573426,1,29,7,2011,0,0,78.1,208.5937018,7.274,13.416309728230475,25,2011-07-22
1395901.437062937,2,29,7,2011,0,0,90.27,215.0749122,7.852,14.153371686770903,31,2011-07-22
1084718.421048951,1,29,7,2011,0,0,78.68,135.8738387,8.89,13.806735630653632,18,2011-07-22
756069.0833566433,1,29,7,2011,0,0,90.27,215.0749122,7.852,13.57279123287068,21,2011-07-22
623312.474965035,0,29,7,2011,0,0,79.97,135.8738387,7.806,13.3170686715518,15,2011-07-22
908749.5183916084,1,29,7,2011,0,0,85.46,218.8328475,6.425,13.62906461155648,8,2011-07-22
1356383.1244755245,2,29,7,2011,0,0,87.8,218.7857881,7.567,14.070600304089346,11,2011-07-22
919724.9795804196,1,29,7,2011,0,0,82.28,139.7969712,8.684,13.617290592564045,35,2011-07-22
385731.6532867133,0,29,7,2011,0,0,91.17,129.1507742,13.503,12.809195742727361,38,2011-07-22
2020978.4009790209,2,29,7,2011,0,0,82.33,186.2177885,8.625,14.447883791809376,14,2011-07-22
1356755.3935664336,2,29,7,2011,0,0,79.29,135.8738387,8.358,14.121282939590788,24,2011-07-22
1555264.3975524476,2,29,7,2011,0,0,85.77,215.4222784,7.962,14.14978596904457,1,2011-07-22
1775216.2019580419,2,29,7,2011,0,0,82.28,139.7969712,7.85,14.377911292903734,27,2011-07-22
2107676.8703496503,2,29,7,2011,0,0,78.89,208.5937018,7.274,14.483804356011056,20,2011-07-22
1564728.1862937063,2,29,7,2011,0,0,88.06,216.964312,6.925,14.238492729207238,6,2011-07-22
1268125.418811189,1,29,7,2011,0,0,74.11,193.5120367,6.901,14.072345664773177,41,2011-07-22
302748.86601398606,0,29,7,2011,0,0,78.5,129.1507742,6.56,12.621850428078064,44,2011-07-22
318011.8104895105,0,29,7,2011,0,0,86.97,215.985753,6.529,12.586359183823213,5,2011-07-22
543980.5523776223,0,29,7,2011,0,0,89.08,219.0187895,6.404,13.10511739670024,9,2011-07-22
964128.0404895104,1,29,7,2011,0,0,73.34,135.8738387,4.584,13.79596385991541,40,2011-07-22
438579.6162237762,0,29,7,2011,0,0,90.27,215.0749122,7.852,12.956173624553324,30,2011-07-22
519247.7300699301,0,29,7,2011,0,0,65.36,193.5120367,6.338,13.273811929771222,16,2011-07-22
1925751.3355244757,2,29,7,2011,0,0,89.34,215.0749122,7.852,14.371587181869126,2,2011-07-22
1002911.8446853146,1,29,7,2011,0,0,69.52,135.8738387,7.767,13.833221587629673,26,2011-07-22
518900.2819580419,0,29,7,2011,0,0,83.31,214.1713416,8.177,13.13339140456189,37,2011-07-22
402704.44104895106,0,29,7,2011,0,0,86.19,218.7857881,7.567,12.795575531326799,3,2011-07-22
2003620.3062937064,2,29,7,2011,0,0,78.5,129.1507742,6.877,14.502181996091315,13,2011-07-22
1389864.4604895106,2,29,7,2011,0,0,76.74,135.8738387,4.584,14.124571221111653,23,2011-07-22
1389864.4604895106,2,30,7,2011,0,0,69.55,135.9639355,4.584,14.092966938279448,23,2011-07-29
259861.69202797202,0,30,7,2011,0,0,95.28,129.1677097,8.442,12.323001805627449,33,2011-07-29
556403.863146853,0,30,7,2011,0,0,86.75,129.1677097,8.257,13.079993936205808,42,2011-07-29
1356383.1244755245,2,30,7,2011,0,0,89.46,218.8440545,7.567,14.00855745049804,11,2011-07-29
1166568.154965035,1,30,7,2011,0,0,75.91,193.711525,8.622,13.972505434939713,32,2011-07-29
1323522.241818182,1,30,7,2011,0,0,93.29,129.1677097,13.503,13.923944506784077,28,2011-07-29
908749.5183916084,1,30,7,2011,0,0,86.46,218.8910733,6.425,13.601182027440998,8,2011-07-29
539451.4287412588,0,30,7,2011,0,0,75.32,135.9639355,9.863,13.070341522944489,29,2011-07-29
1268125.418811189,1,30,7,2011,0,0,71.3,193.711525,6.901,14.037318097211678,41,2011-07-29
623312.474965035,0,30,7,2011,0,0,74.67,135.9639355,7.806,13.266484535014294,15,2011-07-29
543980.5523776223,0,30,7,2011,0,0,91.1,219.0768548,6.404,13.063570409585056,9,2011-07-29
2020978.4009790209,2,30,7,2011,0,0,81.31,186.2955962,8.625,14.441995368949728,14,2011-07-29
2003620.3062937064,2,30,7,2011,0,0,77.62,129.1677097,6.877,14.447200699407116,13,2011-07-29
1084718.421048951,1,30,7,2011,0,0,73.85,135.9639355,8.89,13.768575793475822,18,2011-07-29
1564728.1862937063,2,30,7,2011,0,0,90.22,217.0241507,6.925,14.210246345552257,6,2011-07-29
2094712.9606993007,2,30,7,2011,0,0,84.36,129.1677097,5.644,14.50348190196178,4,2011-07-29
518900.2819580419,0,30,7,2011,0,0,84.99,214.2343177,8.177,13.132266083361074,37,2011-07-29
706721.5326573426,1,30,7,2011,0,0,74.72,208.6564699,7.274,13.412629837447758,25,2011-07-29
519247.7300699301,0,30,7,2011,0,0,66.84,193.711525,6.338,13.274883500023993,16,2011-07-29
785981.4085314686,1,30,7,2011,0,0,81.31,186.2955962,8.625,13.465501873632332,45,2011-07-29
756069.0833566433,1,30,7,2011,0,0,91.56,215.1363819,7.852,13.529384767210997,21,2011-07-29
1356755.3935664336,2,30,7,2011,0,0,74.84,135.9639355,8.358,14.086280976127505,24,2011-07-29
438579.6162237762,0,30,7,2011,0,0,91.56,215.1363819,7.852,12.934217596698213,30,2011-07-29
919724.9795804196,1,30,7,2011,0,0,79.41,139.8933099,8.684,13.55521180984842,35,2011-07-29
1775216.2019580419,2,30,7,2011,0,0,79.41,139.8933099,7.85,14.372196377732052,27,2011-07-29
1028501.0389510489,1,30,7,2011,0,0,75.32,139.8933099,8.023,13.758897549481427,22,2011-07-29
966781.5594405595,1,30,7,2011,0,0,78.04,129.1677097,10.641,13.654711207965384,34,2011-07-29
402704.44104895106,0,30,7,2011,0,0,88.07,218.8440545,7.567,12.752407169494814,3,2011-07-29
1444999.0356643356,2,30,7,2011,0,0,74.86,135.9639355,7.806,14.07693345640885,19,2011-07-29
1925751.3355244757,2,30,7,2011,0,0,90.07,215.1363819,7.852,14.334717397016728,2,2011-07-29
1009001.6094405595,1,30,7,2011,0,0,93.29,129.1677097,13.503,13.699592361164537,12,2011-07-29
1555264.3975524476,2,30,7,2011,0,0,86.83,215.4834482,7.962,14.117258828465056,1,2011-07-29
1002911.8446853146,1,30,7,2011,0,0,63.32,135.9639355,7.767,13.820857736290778,26,2011-07-29
633324.7231468532,0,30,7,2011,0,0,83.43,207.313553,10.641,13.187998522030504,43,2011-07-29
570617.3086713287,0,30,7,2011,0,0,56.66,193.711525,8.622,13.389919708964355,7,2011-07-29
964128.0404895104,1,30,7,2011,0,0,67.45,135.9639355,4.584,13.741969394374992,40,2011-07-29
1450668.1291608391,2,30,7,2011,0,0,86.24,214.2343177,8.177,14.170678037248889,39,2011-07-29
1899424.5726573425,2,30,7,2011,0,0,86.75,129.1677097,8.257,14.3727477077531,10,2011-07-29
2107676.8703496503,2,30,7,2011,0,0,77.47,208.6564699,7.274,14.435249017222242,20,2011-07-29
302748.86601398606,0,30,7,2011,0,0,77.62,129.1677097,6.56,12.541394220393991,44,2011-07-29
318011.8104895105,0,30,7,2011,0,0,89.42,216.0464364,6.529,12.5250468593559,5,2011-07-29
385731.6532867133,0,30,7,2011,0,0,93.29,129.1677097,13.503,12.780245759562975,38,2011-07-29
373511.9927972028,0,30,7,2011,0,0,84.99,214.2343177,8.177,12.778074494245732,36,2011-07-29
1395901.437062937,2,30,7,2011,0,0,91.56,215.1363819,7.852,14.084103957943466,31,2011-07-29
893581.3904195804,1,30,7,2011,0,0,68.59,129.1677097,6.745,13.666889625861526,17,2011-07-29
539451.4287412588,0,31,8,2011,0,0,75.33,136.0540323,9.863,13.129313906416998,29,2011-08-05
966781.5594405595,1,31,8,2011,0,0,76.71,129.1846452,10.641,13.756012591857873,34,2011-08-05
556403.863146853,0,31,8,2011,0,0,89.8,129.1846452,8.257,13.257950233615464,42,2011-08-05
1166568.154965035,1,31,8,2011,0,0,74.83,193.9110133,8.622,13.999243734620597,32,2011-08-05
543980.5523776223,0,31,8,2011,0,0,91.52,219.1349201,6.404,13.226508360601812,9,2011-08-05
402704.44104895106,0,31,8,2011,0,0,88.45,218.9023209,7.567,12.923869145060408,3,2011-08-05
893581.3904195804,1,31,8,2011,0,0,65.71,129.1846452,6.745,13.671854852724064,17,2011-08-05
633324.7231468532,0,31,8,2011,0,0,87.47,207.3732949,10.641,13.314565279104142,43,2011-08-05
1009001.6094405595,1,31,8,2011,0,0,90.61,129.1846452,13.503,13.80415990231383,12,2011-08-05
785981.4085314686,1,31,8,2011,0,0,78.22,186.3734038,8.625,13.548934733314342,45,2011-08-05
1395901.437062937,2,31,8,2011,0,0,94.22,215.1978515,7.852,14.172481489094476,31,2011-08-05
623312.474965035,0,31,8,2011,0,0,73.63,136.0540323,7.806,13.317868004411363,15,2011-08-05
2107676.8703496503,2,31,8,2011,0,0,77.8,208.719238,7.274,14.599117368865484,20,2011-08-05
1564728.1862937063,2,31,8,2011,0,0,91.46,217.0839894,6.925,14.286504677762245,6,2011-08-05
964128.0404895104,1,31,8,2011,0,0,68.1,136.0540323,4.584,13.87737600963284,40,2011-08-05
2020978.4009790209,2,31,8,2011,0,0,78.22,186.3734038,8.625,14.541135427154531,14,2011-08-05
1002911.8446853146,1,31,8,2011,0,0,63.16,136.0540323,7.767,13.917664023530058,26,2011-08-05
1389864.4604895106,2,31,8,2011,0,0,69.53,136.0540323,4.584,14.1635906477361,23,2011-08-05
706721.5326573426,1,31,8,2011,0,0,74.0,208.719238,7.274,13.429417116655094,25,2011-08-05
1356383.1244755245,2,31,8,2011,0,0,90.04,218.9023209,7.567,14.154265857840647,11,2011-08-05
318011.8104895105,0,31,8,2011,0,0,91.07,216.1071198,6.529,12.668987332493048,5,2011-08-05
1444999.0356643356,2,31,8,2011,0,0,73.84,136.0540323,7.806,14.158369179575613,19,2011-08-05
756069.0833566433,1,31,8,2011,0,0,94.22,215.1978515,7.852,13.571674243050088,21,2011-08-05
908749.5183916084,1,31,8,2011,0,0,85.15,218.9492991,6.425,13.701663880922714,8,2011-08-05
919724.9795804196,1,31,8,2011,0,0,78.14,139.9896486,8.684,13.625344364306654,35,2011-08-05
385731.6532867133,0,31,8,2011,0,0,90.61,129.1846452,13.503,12.989134658969352,38,2011-08-05
302748.86601398606,0,31,8,2011,0,0,75.56,129.1846452,6.56,12.605122050289499,44,2011-08-05
1356755.3935664336,2,31,8,2011,0,0,74.64,136.0540323,8.358,14.164488422241618,24,2011-08-05
373511.9927972028,0,31,8,2011,0,0,86.71,214.2972939,8.177,12.850603865496362,36,2011-08-05
1775216.2019580419,2,31,8,2011,0,0,78.14,139.9896486,7.85,14.37357687752191,27,2011-08-05
1028501.0389510489,1,31,8,2011,0,0,75.33,139.9896486,8.023,13.798602376914108,22,2011-08-05
1450668.1291608391,2,31,8,2011,0,0,87.73,214.2972939,8.177,14.233425767583626,39,2011-08-05
570617.3086713287,0,31,8,2011,0,0,55.91,193.9110133,8.622,13.452233640305563,7,2011-08-05
1899424.5726573425,2,31,8,2011,0,0,89.8,129.1846452,8.257,14.45012831586928,10,2011-08-05
1925751.3355244757,2,31,8,2011,0,0,93.34,215.1978515,7.852,14.445028276067571,2,2011-08-05
438579.6162237762,0,31,8,2011,0,0,94.22,215.1978515,7.852,12.975716963343181,30,2011-08-05
1555264.3975524476,2,31,8,2011,0,0,91.65,215.544618,7.962,14.300639686668458,1,2011-08-05
2094712.9606993007,2,31,8,2011,0,0,86.09,129.1846452,5.644,14.585645811702387,4,2011-08-05
2003620.3062937064,2,31,8,2011,0,0,75.56,129.1846452,6.877,14.546065655709162,13,2011-08-05
518900.2819580419,0,31,8,2011,0,0,86.71,214.2972939,8.177,13.143710810872788,37,2011-08-05
1268125.418811189,1,31,8,2011,0,0,72.19,193.9110133,6.901,14.153577729143748,41,2011-08-05
519247.7300699301,0,31,8,2011,0,0,63.96,193.9110133,6.338,13.29291987989678,16,2011-08-05
259861.69202797202,0,31,8,2011,0,0,96.93,129.1846452,8.442,12.398581262580423,33,2011-08-05
1323522.241818182,1,31,8,2011,0,0,90.61,129.1846452,13.503,14.236764950015557,28,2011-08-05
1084718.421048951,1,31,8,2011,0,0,74.58,136.0540323,8.89,13.818314014604898,18,2011-08-05
570617.3086713287,0,32,8,2011,0,0,54.56,194.1105017,8.622,13.416034668625413,7,2011-08-12
2003620.3062937064,2,32,8,2011,0,0,75.95,129.2015806,6.877,14.493717882567545,13,2011-08-12
519247.7300699301,0,32,8,2011,0,0,67.09,194.1105017,6.338,13.242606442483337,16,2011-08-12
1028501.0389510489,1,32,8,2011,0,0,74.69,140.0859873,8.023,13.807256789135534,22,2011-08-12
1775216.2019580419,2,32,8,2011,0,0,76.67,140.0859873,7.85,14.379937018891956,27,2011-08-12
1925751.3355244757,2,32,8,2011,0,0,91.58,215.2593211,7.852,14.410366211918811,2,2011-08-12
402704.44104895106,0,32,8,2011,0,0,88.88,218.9605873,7.567,12.848920379777184,3,2011-08-12
438579.6162237762,0,32,8,2011,0,0,92.32,215.2593211,7.852,12.929326221093824,30,2011-08-12
1389864.4604895106,2,32,8,2011,0,0,69.86,136.144129,4.584,14.138284434709966,23,2011-08-12
1564728.1862937063,2,32,8,2011,0,0,90.49,217.1438281,6.925,14.210922892505527,6,2011-08-12
1356755.3935664336,2,32,8,2011,0,0,72.52,136.144129,8.358,14.153994348624831,24,2011-08-12
966781.5594405595,1,32,8,2011,0,0,80.23,129.2015806,10.641,13.770776943858847,34,2011-08-12
259861.69202797202,0,32,8,2011,0,0,96.0,129.2015806,8.442,12.523518050276675,33,2011-08-12
1268125.418811189,1,32,8,2011,0,0,67.65,194.1105017,6.901,14.120559116257247,41,2011-08-12
964128.0404895104,1,32,8,2011,0,0,68.3,136.144129,4.584,13.76999836287903,40,2011-08-12
318011.8104895105,0,32,8,2011,0,0,90.16,216.1678032,6.529,12.57724702279399,5,2011-08-12
543980.5523776223,0,32,8,2011,0,0,91.63,219.1929854,6.404,13.162133535738803,9,2011-08-12
2107676.8703496503,2,32,8,2011,0,0,73.52,208.7820061,7.274,14.534446043307529,20,2011-08-12
302748.86601398606,0,32,8,2011,0,0,75.95,129.2015806,6.56,12.579016834657468,44,2011-08-12
1002911.8446853146,1,32,8,2011,0,0,62.99,136.144129,7.767,13.899525826098925,26,2011-08-12
1555264.3975524476,2,32,8,2011,0,0,90.76,215.6057878,7.962,14.237602071505675,1,2011-08-12
518900.2819580419,0,32,8,2011,0,0,87.64,214.3602701,8.177,13.127361645226,37,2011-08-12
1899424.5726573425,2,32,8,2011,0,0,85.61,129.2015806,8.257,14.466479945115546,10,2011-08-12
556403.863146853,0,32,8,2011,0,0,85.61,129.2015806,8.257,13.309918316134855,42,2011-08-12
1166568.154965035,1,32,8,2011,0,0,74.2,194.1105017,8.622,14.003480084904428,32,2011-08-12
1323522.241818182,1,32,8,2011,0,0,91.04,129.2015806,13.503,14.013349380183024,28,2011-08-12
2094712.9606993007,2,32,8,2011,0,0,82.98,129.2015806,5.644,14.560144140765248,4,2011-08-12
908749.5183916084,1,32,8,2011,0,0,86.05,219.0075249,6.425,13.66095641342274,8,2011-08-12
706721.5326573426,1,32,8,2011,0,0,70.93,208.7820061,7.274,13.410742426911163,25,2011-08-12
785981.4085314686,1,32,8,2011,0,0,77.0,186.4512115,8.625,13.49279786909683,45,2011-08-12
539451.4287412588,0,32,8,2011,0,0,74.69,136.144129,9.863,13.063276634945003,29,2011-08-12
1084718.421048951,1,32,8,2011,0,0,73.57,136.144129,8.89,13.741295320057787,18,2011-08-12
1444999.0356643356,2,32,8,2011,0,0,70.92,136.144129,7.806,14.123708569421407,19,2011-08-12
2020978.4009790209,2,32,8,2011,0,0,77.0,186.4512115,8.625,14.472395551014818,14,2011-08-12
623312.474965035,0,32,8,2011,0,0,70.63,136.144129,7.806,13.289296080854939,15,2011-08-12
756069.0833566433,1,32,8,2011,0,0,92.32,215.2593211,7.852,13.563111159887875,21,2011-08-12
1356383.1244755245,2,32,8,2011,0,0,90.3,218.9605873,7.567,14.11871362665689,11,2011-08-12
373511.9927972028,0,32,8,2011,0,0,87.64,214.3602701,8.177,12.848425591362105,36,2011-08-12
1009001.6094405595,1,32,8,2011,0,0,91.04,129.2015806,13.503,13.770423941188875,12,2011-08-12
385731.6532867133,0,32,8,2011,0,0,91.04,129.2015806,13.503,12.868361183171595,38,2011-08-12
633324.7231468532,0,32,8,2011,0,0,86.64,207.4330369,10.641,13.297370851387663,43,2011-08-12
893581.3904195804,1,32,8,2011,0,0,64.79,129.2015806,6.745,13.593392468184614,17,2011-08-12
1395901.437062937,2,32,8,2011,0,0,92.32,215.2593211,7.852,14.182451370097745,31,2011-08-12
919724.9795804196,1,32,8,2011,0,0,76.67,140.0859873,8.684,13.61695338189013,35,2011-08-12
1450668.1291608391,2,32,8,2011,0,0,88.27,214.3602701,8.177,14.230303341069472,39,2011-08-12
1323522.241818182,1,33,8,2011,0,0,91.74,129.2405806,13.503,13.997849397942208,28,2011-08-19
519247.7300699301,0,33,8,2011,0,0,68.83,194.2500634,6.338,13.226059064002992,16,2011-08-19
556403.863146853,0,33,8,2011,0,0,87.4,129.2405806,8.257,13.174276716524409,42,2011-08-19
1395901.437062937,2,33,8,2011,0,0,90.11,215.3229307,7.852,14.212636679839289,31,2011-08-19
1564728.1862937063,2,33,8,2011,0,0,89.26,217.2069662,6.925,14.216663073532088,6,2011-08-19
2094712.9606993007,2,33,8,2011,0,0,82.77,129.2405806,5.644,14.618808656859517,4,2011-08-19
908749.5183916084,1,33,8,2011,0,0,82.92,219.0701968,6.425,13.704654413407537,8,2011-08-19
1268125.418811189,1,33,8,2011,0,0,70.55,194.2500634,6.901,14.16119803920449,41,2011-08-19
964128.0404895104,1,33,8,2011,0,0,64.05,136.183129,4.584,13.757074042995056,40,2011-08-19
539451.4287412588,0,33,8,2011,0,0,71.3,136.183129,9.863,13.118469807288317,29,2011-08-19
2107676.8703496503,2,33,8,2011,0,0,71.25,208.8424359,7.274,14.503654709218244,20,2011-08-19
893581.3904195804,1,33,8,2011,0,0,67.59,129.2405806,6.745,13.589267257387437,17,2011-08-19
1002911.8446853146,1,33,8,2011,0,0,60.58,136.183129,7.767,13.837044773431245,26,2011-08-19
1084718.421048951,1,33,8,2011,0,0,69.24,136.183129,8.89,13.745818288384058,18,2011-08-19
438579.6162237762,0,33,8,2011,0,0,90.11,215.3229307,7.852,12.934711503678553,30,2011-08-19
385731.6532867133,0,33,8,2011,0,0,91.74,129.2405806,13.503,12.800022777187573,38,2011-08-19
623312.474965035,0,33,8,2011,0,0,70.41,136.183129,7.806,13.303834539381754,15,2011-08-19
318011.8104895105,0,33,8,2011,0,0,89.35,216.2311855,6.529,12.62361400793253,5,2011-08-19
570617.3086713287,0,33,8,2011,0,0,56.06,194.2500634,8.622,13.37724930251312,7,2011-08-19
1450668.1291608391,2,33,8,2011,0,0,87.93,214.4239935,8.177,14.303518568729016,39,2011-08-19
1775216.2019580419,2,33,8,2011,0,0,72.97,140.1289205,7.85,14.39319427058939,27,2011-08-19
1444999.0356643356,2,33,8,2011,0,0,71.14,136.183129,7.806,14.14610389768524,19,2011-08-19
518900.2819580419,0,33,8,2011,0,0,87.24,214.4239935,8.177,13.136067012227207,37,2011-08-19
1166568.154965035,1,33,8,2011,0,0,73.72,194.2500634,8.622,14.015442119425087,32,2011-08-19
1555264.3975524476,2,33,8,2011,0,0,89.94,215.6693107,7.962,14.241276489509747,1,2011-08-19
785981.4085314686,1,33,8,2011,0,0,72.98,186.5093071,8.625,13.476343902655032,45,2011-08-19
2020978.4009790209,2,33,8,2011,0,0,72.98,186.5093071,8.625,14.455718347958172,14,2011-08-19
1356383.1244755245,2,33,8,2011,0,0,89.51,219.023271,7.567,14.210366749999626,11,2011-08-19
1009001.6094405595,1,33,8,2011,0,0,91.74,129.2405806,13.503,13.781765793996758,12,2011-08-19
919724.9795804196,1,33,8,2011,0,0,72.97,140.1289205,8.684,13.617412422851581,35,2011-08-19
1028501.0389510489,1,33,8,2011,0,0,71.3,140.1289205,8.023,13.78814543514764,22,2011-08-19
402704.44104895106,0,33,8,2011,0,0,88.44,219.023271,7.567,12.847183913924967,3,2011-08-19
1356755.3935664336,2,33,8,2011,0,0,69.93,136.183129,8.358,14.117125771814317,24,2011-08-19
706721.5326573426,1,33,8,2011,0,0,68.09,208.8424359,7.274,13.442938130292301,25,2011-08-19
966781.5594405595,1,33,8,2011,0,0,77.08,129.2405806,10.641,13.775125488811561,34,2011-08-19
756069.0833566433,1,33,8,2011,0,0,90.11,215.3229307,7.852,13.65949689385895,21,2011-08-19
259861.69202797202,0,33,8,2011,0,0,95.89,129.2405806,8.442,12.399879534327983,33,2011-08-19
373511.9927972028,0,33,8,2011,0,0,87.24,214.4239935,8.177,12.830053493131025,36,2011-08-19
633324.7231468532,0,33,8,2011,0,0,82.08,207.4953088,10.641,13.405129365691934,43,2011-08-19
543980.5523776223,0,33,8,2011,0,0,85.8,219.2556109,6.404,13.200842598854633,9,2011-08-19
1925751.3355244757,2,33,8,2011,0,0,89.86,215.3229307,7.852,14.427499520149906,2,2011-08-19
302748.86601398606,0,33,8,2011,0,0,76.68,129.2405806,6.56,12.580771591831477,44,2011-08-19
2003620.3062937064,2,33,8,2011,0,0,76.68,129.2405806,6.877,14.552838237349848,13,2011-08-19
1899424.5726573425,2,33,8,2011,0,0,87.4,129.2405806,8.257,14.485824369967991,10,2011-08-19
1389864.4604895106,2,33,8,2011,0,0,67.09,136.183129,4.584,14.189428258465266,23,2011-08-19
1450668.1291608391,2,34,8,2011,0,0,86.49,214.4878416,8.177,14.269066938454843,39,2011-08-26
1166568.154965035,1,34,8,2011,0,0,75.64,194.3796374,8.622,13.984191089245767,32,2011-08-26
556403.863146853,0,34,8,2011,0,0,91.59,129.2832581,8.257,13.12977976786724,42,2011-08-26
1084718.421048951,1,34,8,2011,0,0,70.32,136.2136129,8.89,13.95345124285641,18,2011-08-26
438579.6162237762,0,34,8,2011,0,0,92.07,215.386897,7.852,12.86862099545649,30,2011-08-26
623312.474965035,0,34,8,2011,0,0,69.19,136.2136129,7.806,13.313668081308393,15,2011-08-26
1925751.3355244757,2,34,8,2011,0,0,90.45,215.386897,7.852,14.414973736276156,2,2011-08-26
2020978.4009790209,2,34,8,2011,0,0,72.55,186.5641172,8.625,14.636818569213494,14,2011-08-26
1555264.3975524476,2,34,8,2011,0,0,87.96,215.7332258,7.962,14.197157218954738,1,2011-08-26
1775216.2019580419,2,34,8,2011,0,0,72.88,140.1629528,7.85,14.52571236804051,27,2011-08-26
1323522.241818182,1,34,8,2011,0,0,94.61,129.2832581,13.503,13.969501662202882,28,2011-08-26
1356383.1244755245,2,34,8,2011,0,0,89.09,219.0866908,7.567,14.081489627299048,11,2011-08-26
302748.86601398606,0,34,8,2011,0,0,81.53,129.2832581,6.56,12.689041209369464,44,2011-08-26
1028501.0389510489,1,34,8,2011,0,0,72.22,140.1629528,8.023,13.982563058780032,22,2011-08-26
385731.6532867133,0,34,8,2011,0,0,94.61,129.2832581,13.503,12.80949627447772,38,2011-08-26
373511.9927972028,0,34,8,2011,0,0,86.02,214.4878416,8.177,12.751198821360603,36,2011-08-26
1268125.418811189,1,34,8,2011,0,0,71.61,194.3796374,6.901,14.099742969672453,41,2011-08-26
519247.7300699301,0,34,8,2011,0,0,67.51,194.3796374,6.338,13.230882317982793,16,2011-08-26
259861.69202797202,0,34,8,2011,0,0,99.66,129.2832581,8.442,12.376223859901133,33,2011-08-26
756069.0833566433,1,34,8,2011,0,0,92.07,215.386897,7.852,13.618434929165591,21,2011-08-26
1444999.0356643356,2,34,8,2011,0,0,69.34,136.2136129,7.806,14.252300054380258,19,2011-08-26
919724.9795804196,1,34,8,2011,0,0,72.88,140.1629528,8.684,13.706853782272251,35,2011-08-26
706721.5326573426,1,34,8,2011,0,0,66.8,208.902476,7.274,13.495888525897884,25,2011-08-26
1356755.3935664336,2,34,8,2011,0,0,69.94,136.2136129,8.358,14.153676423871119,24,2011-08-26
318011.8104895105,0,34,8,2011,0,0,89.18,216.2950176,6.529,12.645421075147851,5,2011-08-26
570617.3086713287,0,34,8,2011,0,0,57.6,194.3796374,8.622,13.353467907865673,7,2011-08-26
1899424.5726573425,2,34,8,2011,0,0,91.59,129.2832581,8.257,14.362706723539798,10,2011-08-26
2094712.9606993007,2,34,8,2011,0,0,81.47,129.2832581,5.644,14.502886723202712,4,2011-08-26
2003620.3062937064,2,34,8,2011,0,0,81.53,129.2832581,6.877,14.526127028056843,13,2011-08-26
633324.7231468532,0,34,8,2011,0,0,87.43,207.5580023,10.641,13.238498976782463,43,2011-08-26
908749.5183916084,1,34,8,2011,0,0,84.69,219.1336097,6.425,13.723991385203576,8,2011-08-26
518900.2819580419,0,34,8,2011,0,0,86.02,214.4878416,8.177,13.17675347075633,37,2011-08-26
964128.0404895104,1,34,8,2011,0,0,65.01,136.2136129,4.584,13.78465157986029,40,2011-08-26
1395901.437062937,2,34,8,2011,0,0,92.07,215.386897,7.852,14.164241682149369,31,2011-08-26
966781.5594405595,1,34,8,2011,0,0,77.27,129.2832581,10.641,13.67786281908504,34,2011-08-26
1564728.1862937063,2,34,8,2011,0,0,90.07,217.2706543,6.925,14.166453592854179,6,2011-08-26
1389864.4604895106,2,34,8,2011,0,0,67.04,136.2136129,4.584,14.30853912341544,23,2011-08-26
402704.44104895106,0,34,8,2011,0,0,87.67,219.0866908,7.567,12.811395072945226,3,2011-08-26
785981.4085314686,1,34,8,2011,0,0,72.55,186.5641172,8.625,13.633964712228687,45,2011-08-26
1002911.8446853146,1,34,8,2011,0,0,61.1,136.2136129,7.767,13.878127189704983,26,2011-08-26
539451.4287412588,0,34,8,2011,0,0,72.22,136.2136129,9.863,13.318416851705667,29,2011-08-26
1009001.6094405595,1,34,8,2011,0,0,94.61,129.2832581,13.503,13.832952037197883,12,2011-08-26
2107676.8703496503,2,34,8,2011,0,0,70.15,208.902476,7.274,14.474882834000862,20,2011-08-26
893581.3904195804,1,34,8,2011,0,0,72.04,129.2832581,6.745,13.638047328363399,17,2011-08-26
543980.5523776223,0,34,8,2011,0,0,88.95,219.3189965,6.404,13.204246599522325,9,2011-08-26
706721.5326573426,1,35,9,2011,0,0,67.2,208.9625161,7.274,13.458521278913151,25,2011-09-02
318011.8104895105,0,35,9,2011,0,0,90.38,216.3588498,6.529,12.662378290546688,5,2011-09-02
1002911.8446853146,1,35,9,2011,0,0,59.67,136.2440968,7.767,13.854869857667842,26,2011-09-02
1028501.0389510489,1,35,9,2011,0,0,69.16,140.196985,8.023,13.724232374726082,22,2011-09-02
2094712.9606993007,2,35,9,2011,0,0,77.99,129.3259355,5.644,14.547119177925202,4,2011-09-02
402704.44104895106,0,35,9,2011,0,0,89.12,219.1501106,7.567,12.837317001783324,3,2011-09-02
570617.3086713287,0,35,9,2011,0,0,53.4,194.5092113,8.622,13.291863489639903,7,2011-09-02
1564728.1862937063,2,35,9,2011,0,0,91.22,217.3343423,6.925,14.20864646621942,6,2011-09-02
302748.86601398606,0,35,9,2011,0,0,77.0,129.3259355,6.56,12.642857205673248,44,2011-09-02
1395901.437062937,2,35,9,2011,0,0,91.94,215.4508632,7.852,14.141766521444232,31,2011-09-02
908749.5183916084,1,35,9,2011,0,0,84.77,219.1970226,6.425,13.700535234492463,8,2011-09-02
1444999.0356643356,2,35,9,2011,0,0,69.27,136.2440968,7.806,14.291714935274344,19,2011-09-02
2107676.8703496503,2,35,9,2011,0,0,70.82,208.9625161,7.274,14.577141737891047,20,2011-09-02
519247.7300699301,0,35,9,2011,0,0,63.44,194.5092113,6.338,13.272172641193663,16,2011-09-02
1899424.5726573425,2,35,9,2011,0,0,91.61,129.3259355,8.257,14.380021971317356,10,2011-09-02
385731.6532867133,0,35,9,2011,0,0,93.66,129.3259355,13.503,12.940732406101313,38,2011-09-02
543980.5523776223,0,35,9,2011,0,0,89.33,219.382382,6.404,13.20788825510113,9,2011-09-02
1356755.3935664336,2,35,9,2011,0,0,68.14,136.2440968,8.358,13.994582206188266,24,2011-09-02
373511.9927972028,0,35,9,2011,0,0,87.5,214.5516896,8.177,12.766480376938423,36,2011-09-02
2003620.3062937064,2,35,9,2011,0,0,77.0,129.3259355,6.877,14.485199646349846,13,2011-09-02
259861.69202797202,0,35,9,2011,0,0,99.2,129.3259355,8.442,12.38505262546975,33,2011-09-02
756069.0833566433,1,35,9,2011,0,0,91.94,215.4508632,7.852,13.46674539194728,21,2011-09-02
966781.5594405595,1,35,9,2011,0,0,78.24,129.3259355,10.641,13.739122523828273,34,2011-09-02
919724.9795804196,1,35,9,2011,0,0,71.44,140.196985,8.684,13.609085901283184,35,2011-09-02
964128.0404895104,1,35,9,2011,0,0,63.79,136.2440968,4.584,13.771871327926728,40,2011-09-02
1268125.418811189,1,35,9,2011,0,0,70.37,194.5092113,6.901,14.065374229962554,41,2011-09-02
893581.3904195804,1,35,9,2011,0,0,69.31,129.3259355,6.745,13.649905778006032,17,2011-09-02
1389864.4604895106,2,35,9,2011,0,0,65.33,136.2440968,4.584,14.196885610075043,23,2011-09-02
623312.474965035,0,35,9,2011,0,0,67.63,136.2440968,7.806,13.383435545936818,15,2011-09-02
1450668.1291608391,2,35,9,2011,0,0,88.65,214.5516896,8.177,14.197427812162415,39,2011-09-02
2020978.4009790209,2,35,9,2011,0,0,70.63,186.6189274,8.625,14.375636198759778,14,2011-09-02
1925751.3355244757,2,35,9,2011,0,0,89.64,215.4508632,7.852,14.408351484097448,2,2011-09-02
1555264.3975524476,2,35,9,2011,0,0,87.83,215.7971409,7.962,14.253914006898343,1,2011-09-02
1356383.1244755245,2,35,9,2011,0,0,91.44,219.1501106,7.567,14.076176003332304,11,2011-09-02
1323522.241818182,1,35,9,2011,0,0,93.66,129.3259355,13.503,14.20000565084404,28,2011-09-02
1009001.6094405595,1,35,9,2011,0,0,93.66,129.3259355,13.503,13.866253528451402,12,2011-09-02
1084718.421048951,1,35,9,2011,0,0,68.23,136.2440968,8.89,13.20103395644748,18,2011-09-02
518900.2819580419,0,35,9,2011,0,0,87.5,214.5516896,8.177,13.181327949158618,37,2011-09-02
438579.6162237762,0,35,9,2011,0,0,91.94,215.4508632,7.852,12.82051022110687,30,2011-09-02
785981.4085314686,1,35,9,2011,0,0,70.63,186.6189274,8.625,13.49597089868913,45,2011-09-02
1775216.2019580419,2,35,9,2011,0,0,71.44,140.196985,7.85,14.228757660984767,27,2011-09-02
633324.7231468532,0,35,9,2011,0,0,87.84,207.6206959,10.641,13.295014829078216,43,2011-09-02
1166568.154965035,1,35,9,2011,0,0,74.6,194.5092113,8.622,13.957112979531109,32,2011-09-02
539451.4287412588,0,35,9,2011,0,0,69.16,136.2440968,9.863,13.11652015900622,29,2011-09-02
556403.863146853,0,35,9,2011,0,0,91.61,129.3259355,8.257,13.193987536016952,42,2011-09-02
519247.7300699301,0,36,9,2011,0,1,56.99,194.6387853,6.338,13.261470427123227,16,2011-09-09
2003620.3062937064,2,36,9,2011,0,1,70.19,129.3686129,6.877,14.443010501655113,13,2011-09-09
2107676.8703496503,2,36,9,2011,0,1,68.74,209.0225562,7.274,14.533615467187731,20,2011-09-09
259861.69202797202,0,36,9,2011,0,1,96.22,129.3686129,8.442,12.549106450756087,33,2011-09-09
1268125.418811189,1,36,9,2011,0,1,58.31,194.6387853,6.901,14.063120331366411,41,2011-09-09
966781.5594405595,1,36,9,2011,0,1,70.05,129.3686129,10.641,13.743485028328932,34,2011-09-09
2020978.4009790209,2,36,9,2011,0,1,71.48,186.6737376,8.625,14.605214368459452,14,2011-09-09
1444999.0356643356,2,36,9,2011,0,1,68.28,136.2745806,7.806,14.264490856283226,19,2011-09-09
1555264.3975524476,2,36,9,2011,0,1,76.0,215.861056,7.962,14.247599576733158,1,2011-09-09
1899424.5726573425,2,36,9,2011,0,1,89.06,129.3686129,8.257,14.328681920332972,10,2011-09-09
373511.9927972028,0,36,9,2011,0,1,77.94,214.6155376,8.177,12.774114661455338,36,2011-09-09
1395901.437062937,2,36,9,2011,0,1,78.87,215.5148295,7.852,14.135179020089181,31,2011-09-09
543980.5523776223,0,36,9,2011,0,1,75.65,219.4457675,6.404,13.1783388273739,9,2011-09-09
385731.6532867133,0,36,9,2011,0,1,88.0,129.3686129,13.503,12.893635965316085,38,2011-09-09
539451.4287412588,0,36,9,2011,0,1,69.14,136.2745806,9.863,13.133120748849247,29,2011-09-09
1356755.3935664336,2,36,9,2011,0,1,68.32,136.2745806,8.358,14.23911428876552,24,2011-09-09
633324.7231468532,0,36,9,2011,0,1,79.29,207.6833894,10.641,13.383387097589859,43,2011-09-09
1323522.241818182,1,36,9,2011,0,1,88.0,129.3686129,13.503,14.085604868493675,28,2011-09-09
1450668.1291608391,2,36,9,2011,0,1,79.15,214.6155376,8.177,14.17272815663929,39,2011-09-09
785981.4085314686,1,36,9,2011,0,1,71.48,186.6737376,8.625,13.522655877277664,45,2011-09-09
893581.3904195804,1,36,9,2011,0,1,61.94,129.3686129,6.745,13.96556816974837,17,2011-09-09
1002911.8446853146,1,36,9,2011,0,1,60.98,136.2745806,7.767,13.8828999832849,26,2011-09-09
1166568.154965035,1,36,9,2011,0,1,61.24,194.6387853,8.622,13.936167947593377,32,2011-09-09
919724.9795804196,1,36,9,2011,0,1,70.93,140.2310173,8.684,13.73477939002301,35,2011-09-09
1564728.1862937063,2,36,9,2011,0,1,80.21,217.3980304,6.925,14.209965529690399,6,2011-09-09
1028501.0389510489,1,36,9,2011,0,1,69.14,140.2310173,8.023,13.819936289948597,22,2011-09-09
1775216.2019580419,2,36,9,2011,0,1,70.93,140.2310173,7.85,14.463384100124136,27,2011-09-09
556403.863146853,0,36,9,2011,0,1,89.06,129.3686129,8.257,13.318574591416272,42,2011-09-09
1389864.4604895106,2,36,9,2011,0,1,66.04,136.2745806,4.584,14.168482283445922,23,2011-09-09
438579.6162237762,0,36,9,2011,0,1,78.87,215.5148295,7.852,12.823684582022096,30,2011-09-09
1084718.421048951,1,36,9,2011,0,1,68.11,136.2745806,8.89,13.765848154004292,18,2011-09-09
2094712.9606993007,2,36,9,2011,0,1,73.34,129.3686129,5.644,14.554175893600743,4,2011-09-09
402704.44104895106,0,36,9,2011,0,1,81.72,219.2135305,7.567,12.840924416114973,3,2011-09-09
570617.3086713287,0,36,9,2011,0,1,45.61,194.6387853,8.622,13.326342425138106,7,2011-09-09
1009001.6094405595,1,36,9,2011,0,1,88.0,129.3686129,13.503,13.735223687985547,12,2011-09-09
1925751.3355244757,2,36,9,2011,0,1,77.97,215.5148295,7.852,14.373983779133098,2,2011-09-09
318011.8104895105,0,36,9,2011,0,1,79.04,216.4226819,6.529,12.679542821852683,5,2011-09-09
1356383.1244755245,2,36,9,2011,0,1,84.91,219.2135305,7.567,14.038206769236846,11,2011-09-09
302748.86601398606,0,36,9,2011,0,1,70.19,129.3686129,6.56,12.597480241518308,44,2011-09-09
908749.5183916084,1,36,9,2011,0,1,69.01,219.2604355,6.425,13.651059280330873,8,2011-09-09
964128.0404895104,1,36,9,2011,0,1,64.83,136.2745806,4.584,13.836677930043091,40,2011-09-09
623312.474965035,0,36,9,2011,0,1,67.59,136.2745806,7.806,13.31726301411323,15,2011-09-09
518900.2819580419,0,36,9,2011,0,1,77.94,214.6155376,8.177,13.134834765344632,37,2011-09-09
756069.0833566433,1,36,9,2011,0,1,78.87,215.5148295,7.852,13.390848333701053,21,2011-09-09
706721.5326573426,1,36,9,2011,0,1,67.51,209.0225562,7.274,13.419871238300729,25,2011-09-09
1564728.1862937063,2,37,9,2011,0,0,84.94,217.5797506,6.925,14.1166581544449,6,2011-09-16
2003620.3062937064,2,37,9,2011,0,0,67.54,129.4306,6.877,14.469513928813793,13,2011-09-16
318011.8104895105,0,37,9,2011,0,0,83.55,216.6033083,6.529,12.537283601570085,5,2011-09-16
1268125.418811189,1,37,9,2011,0,0,54.82,194.7419707,6.901,13.995346018647327,41,2011-09-16
539451.4287412588,0,37,9,2011,0,0,68.08,136.3145,9.863,13.069237562871644,29,2011-09-16
1323522.241818182,1,37,9,2011,0,0,76.36,129.4306,13.503,13.963251970821926,28,2011-09-16
785981.4085314686,1,37,9,2011,0,0,69.17,186.8024,8.625,13.47494594297392,45,2011-09-16
1555264.3975524476,2,37,9,2011,0,0,79.94,216.0410526,7.962,14.23043794385368,1,2011-09-16
1356383.1244755245,2,37,9,2011,0,0,85.11,219.3972867,7.567,14.055170566557038,11,2011-09-16
1009001.6094405595,1,37,9,2011,0,0,76.36,129.4306,13.503,13.698180053650136,12,2011-09-16
1084718.421048951,1,37,9,2011,0,0,66.23,136.3145,8.89,13.647939322328865,18,2011-09-16
1450668.1291608391,2,37,9,2011,0,0,83.11,214.7934111,8.177,14.13214563997896,39,2011-09-16
919724.9795804196,1,37,9,2011,0,0,69.65,140.2735,8.684,13.512773201329788,35,2011-09-16
1028501.0389510489,1,37,9,2011,0,0,68.08,140.2735,8.023,13.750888460000924,22,2011-09-16
570617.3086713287,0,37,9,2011,0,0,43.67,194.7419707,8.622,13.233873356295554,7,2011-09-16
893581.3904195804,1,37,9,2011,0,0,61.48,129.4306,6.745,13.86536487001317,17,2011-09-16
964128.0404895104,1,37,9,2011,0,0,58.28,136.3145,4.584,13.699721172416181,40,2011-09-16
1356755.3935664336,2,37,9,2011,0,0,65.56,136.3145,8.358,14.020520256323543,24,2011-09-16
259861.69202797202,0,37,9,2011,0,0,85.79,129.4306,8.442,12.477657995579719,33,2011-09-16
966781.5594405595,1,37,9,2011,0,0,64.94,129.4306,10.641,13.739979153210882,34,2011-09-16
1389864.4604895106,2,37,9,2011,0,0,60.52,136.3145,4.584,14.041314702758612,23,2011-09-16
519247.7300699301,0,37,9,2011,0,0,53.68,194.7419707,6.338,13.197623138851169,16,2011-09-16
438579.6162237762,0,37,9,2011,0,0,80.62,215.6944378,7.852,12.855570035035964,30,2011-09-16
302748.86601398606,0,37,9,2011,0,0,67.54,129.4306,6.56,12.624701661292578,44,2011-09-16
1444999.0356643356,2,37,9,2011,0,0,62.76,136.3145,7.806,14.127129735731446,19,2011-09-16
1166568.154965035,1,37,9,2011,0,0,60.88,194.7419707,8.622,13.948729620568853,32,2011-09-16
556403.863146853,0,37,9,2011,0,0,77.49,129.4306,8.257,13.265316899527054,42,2011-09-16
373511.9927972028,0,37,9,2011,0,0,82.06,214.7934111,8.177,12.745803809664938,36,2011-09-16
385731.6532867133,0,37,9,2011,0,0,76.36,129.4306,13.503,12.91948773728182,38,2011-09-16
402704.44104895106,0,37,9,2011,0,0,83.63,219.3972867,7.567,12.836361253049214,3,2011-09-16
1002911.8446853146,1,37,9,2011,0,0,55.19,136.3145,7.767,13.765869413814064,26,2011-09-16
756069.0833566433,1,37,9,2011,0,0,80.62,215.6944378,7.852,13.390138882358334,21,2011-09-16
1899424.5726573425,2,37,9,2011,0,0,77.49,129.4306,8.257,14.31682830477993,10,2011-09-16
623312.474965035,0,37,9,2011,0,0,62.1,136.3145,7.806,13.208638940415906,15,2011-09-16
2020978.4009790209,2,37,9,2011,0,0,69.17,186.8024,8.625,14.438577967647499,14,2011-09-16
543980.5523776223,0,37,9,2011,0,0,77.95,219.6297841,6.404,13.12291328617678,9,2011-09-16
2107676.8703496503,2,37,9,2011,0,0,64.02,209.1893892,7.274,14.498107510068461,20,2011-09-16
706721.5326573426,1,37,9,2011,0,0,62.05,209.1893892,7.274,13.351443607715755,25,2011-09-16
908749.5183916084,1,37,9,2011,0,0,69.09,219.4442443,6.425,13.67736604983683,8,2011-09-16
1925751.3355244757,2,37,9,2011,0,0,78.85,215.6944378,7.852,14.341091102529058,2,2011-09-16
633324.7231468532,0,37,9,2011,0,0,77.17,207.8527143,10.641,13.335663650215063,43,2011-09-16
1395901.437062937,2,37,9,2011,0,0,80.62,215.6944378,7.852,14.125537508746007,31,2011-09-16
2094712.9606993007,2,37,9,2011,0,0,72.76,129.4306,5.644,14.545750386066624,4,2011-09-16
1775216.2019580419,2,37,9,2011,0,0,69.65,140.2735,7.85,14.294086650923253,27,2011-09-16
518900.2819580419,0,37,9,2011,0,0,82.06,214.7934111,8.177,13.148699399832307,37,2011-09-16
966781.5594405595,1,38,9,2011,0,0,66.23,129.5183333,10.641,13.71331583699729,34,2011-09-23
623312.474965035,0,38,9,2011,0,0,59.0,136.367,7.806,13.209589807934954,15,2011-09-23
964128.0404895104,1,38,9,2011,0,0,54.09,136.367,4.584,13.683788932437208,40,2011-09-23
1564728.1862937063,2,38,9,2011,0,0,78.49,217.9188471,6.925,14.10522487650439,6,2011-09-23
1268125.418811189,1,38,9,2011,0,0,55.06,194.8099713,6.901,13.975126950674703,41,2011-09-23
385731.6532867133,0,38,9,2011,0,0,82.95,129.5183333,13.503,12.885795826027769,38,2011-09-23
756069.0833566433,1,38,9,2011,0,0,75.68,216.0282356,7.852,13.432659254441095,21,2011-09-23
1356755.3935664336,2,38,9,2011,0,0,60.61,136.367,8.358,14.024455780364194,24,2011-09-23
373511.9927972028,0,38,9,2011,0,0,78.35,215.1233185,8.177,12.683567303081496,36,2011-09-23
543980.5523776223,0,38,9,2011,0,0,74.42,219.9746423,6.404,13.135762763323847,9,2011-09-23
893581.3904195804,1,38,9,2011,0,0,56.96,129.5183333,6.745,13.705178046841235,17,2011-09-23
556403.863146853,0,38,9,2011,0,0,82.51,129.5183333,8.257,13.177774337558255,42,2011-09-23
1356383.1244755245,2,38,9,2011,0,0,82.14,219.7414914,7.567,14.027209792183424,11,2011-09-23
259861.69202797202,0,38,9,2011,0,0,88.93,129.5183333,8.442,12.36646432403307,33,2011-09-23
919724.9795804196,1,38,9,2011,0,0,63.61,140.32725,8.684,13.467092078281635,35,2011-09-23
1166568.154965035,1,38,9,2011,0,0,58.66,194.8099713,8.622,13.925388017852443,32,2011-09-23
1775216.2019580419,2,38,9,2011,0,0,63.61,140.32725,7.85,14.289387725365083,27,2011-09-23
1395901.437062937,2,38,9,2011,0,0,75.68,216.0282356,7.852,14.11384227609754,31,2011-09-23
785981.4085314686,1,38,9,2011,0,0,63.75,187.0295321,8.625,13.4787886781848,45,2011-09-23
908749.5183916084,1,38,9,2011,0,0,68.72,219.788581,6.425,13.600391337916593,8,2011-09-23
1084718.421048951,1,38,9,2011,0,0,60.44,136.367,8.89,13.656601774628065,18,2011-09-23
2094712.9606993007,2,38,9,2011,0,0,69.23,129.5183333,5.644,14.524239416211515,4,2011-09-23
1002911.8446853146,1,38,9,2011,0,0,50.72,136.367,7.767,13.736083727266239,26,2011-09-23
706721.5326573426,1,38,9,2011,0,0,60.28,209.4986126,7.274,13.338904267042848,25,2011-09-23
1009001.6094405595,1,38,9,2011,0,0,82.95,129.5183333,13.503,13.678193425604144,12,2011-09-23
1450668.1291608391,2,38,9,2011,0,0,78.75,215.1233185,8.177,14.107178887226747,39,2011-09-23
402704.44104895106,0,38,9,2011,0,0,80.19,219.7414914,7.567,12.808337165341886,3,2011-09-23
302748.86601398606,0,38,9,2011,0,0,63.6,129.5183333,6.56,12.635938063349784,44,2011-09-23
1323522.241818182,1,38,9,2011,0,0,82.95,129.5183333,13.503,13.91906567286649,28,2011-09-23
1028501.0389510489,1,38,9,2011,0,0,62.36,140.32725,8.023,13.709967525651296,22,2011-09-23
2107676.8703496503,2,38,9,2011,0,0,62.15,209.4986126,7.274,14.451092553728888,20,2011-09-23
438579.6162237762,0,38,9,2011,0,0,75.68,216.0282356,7.852,12.878605197209867,30,2011-09-23
2020978.4009790209,2,38,9,2011,0,0,63.75,187.0295321,8.625,14.442281070362382,14,2011-09-23
1925751.3355244757,2,38,9,2011,0,0,75.58,216.0282356,7.852,14.327915402105097,2,2011-09-23
539451.4287412588,0,38,9,2011,0,0,62.36,136.367,9.863,13.072537153710535,29,2011-09-23
1555264.3975524476,2,38,9,2011,0,0,75.8,216.3758246,7.962,14.137609470058086,1,2011-09-23
1899424.5726573425,2,38,9,2011,0,0,82.51,129.5183333,8.257,14.337816942857557,10,2011-09-23
633324.7231468532,0,38,9,2011,0,0,78.98,208.1642143,10.641,13.281261279889685,43,2011-09-23
518900.2819580419,0,38,9,2011,0,0,78.35,215.1233185,8.177,13.15494273937231,37,2011-09-23
1444999.0356643356,2,38,9,2011,0,0,61.32,136.367,7.806,14.078164595828014,19,2011-09-23
318011.8104895105,0,38,9,2011,0,0,78.01,216.9396605,6.529,12.58116782051907,5,2011-09-23
1389864.4604895106,2,38,9,2011,0,0,57.14,136.367,4.584,14.069442299202535,23,2011-09-23
519247.7300699301,0,38,9,2011,0,0,50.39,194.8099713,6.338,13.132032421175243,16,2011-09-23
2003620.3062937064,2,38,9,2011,0,0,63.6,129.5183333,6.877,14.429307102980177,13,2011-09-23
570617.3086713287,0,38,9,2011,0,0,43.67,194.8099713,8.622,13.192161436640603,7,2011-09-23
919724.9795804196,1,39,9,2011,0,0,70.92,140.381,8.684,13.527398993293913,35,2011-09-30
964128.0404895104,1,39,9,2011,0,0,63.45,136.4195,4.584,13.724335725811157,40,2011-09-30
1028501.0389510489,1,39,9,2011,0,0,69.78,140.381,8.023,13.767700831009163,22,2011-09-30
706721.5326573426,1,39,9,2011,0,0,60.7,209.807836,7.274,13.367912033297754,25,2011-09-30
1356383.1244755245,2,39,9,2011,0,0,84.4,220.085696,7.567,13.989898081726391,11,2011-09-30
1084718.421048951,1,39,9,2011,0,0,69.01,136.4195,8.89,13.64986802568304,18,2011-09-30
556403.863146853,0,39,9,2011,0,0,82.27,129.6060667,8.257,13.142645869938923,42,2011-09-30
893581.3904195804,1,39,9,2011,0,0,61.4,129.6060667,6.745,13.67416822492941,17,2011-09-30
623312.474965035,0,39,9,2011,0,0,64.87,136.4195,7.806,13.16407772885568,15,2011-09-30
1002911.8446853146,1,39,9,2011,0,0,59.42,136.4195,7.767,13.774001358622865,26,2011-09-30
1555264.3975524476,2,39,9,2011,0,0,79.69,216.7105965,7.962,14.148091540610183,1,2011-09-30
2020978.4009790209,2,39,9,2011,0,0,70.66,187.2566641,8.625,14.408832038586734,14,2011-09-30
1323522.241818182,1,39,9,2011,0,0,83.26,129.6060667,13.503,13.929493279343049,28,2011-09-30
1450668.1291608391,2,39,9,2011,0,0,81.51,215.4532259,8.177,14.086893134932316,39,2011-09-30
1009001.6094405595,1,39,9,2011,0,0,83.26,129.6060667,13.503,13.672104802458087,12,2011-09-30
539451.4287412588,0,39,9,2011,0,0,69.78,136.4195,9.863,13.009233334766565,29,2011-09-30
633324.7231468532,0,39,9,2011,0,0,78.97,208.4757143,10.641,13.227056166182173,43,2011-09-30
1395901.437062937,2,39,9,2011,0,0,78.91,216.3620333,7.852,14.066686107713114,31,2011-09-30
1166568.154965035,1,39,9,2011,0,0,65.04,194.8779718,8.622,13.90071987722277,32,2011-09-30
2094712.9606993007,2,39,9,2011,0,0,72.15,129.6060667,5.644,14.472765048951958,4,2011-09-30
1775216.2019580419,2,39,9,2011,0,0,70.92,140.381,7.85,14.285281197570031,27,2011-09-30
402704.44104895106,0,39,9,2011,0,0,82.58,220.085696,7.567,12.817138811229194,3,2011-09-30
259861.69202797202,0,39,9,2011,0,0,89.1,129.6060667,8.442,12.344672956951529,33,2011-09-30
756069.0833566433,1,39,9,2011,0,0,78.91,216.3620333,7.852,13.387756097620779,21,2011-09-30
373511.9927972028,0,39,9,2011,0,0,81.52,215.4532259,8.177,12.660046513137825,36,2011-09-30
1268125.418811189,1,39,9,2011,0,0,61.77,194.8779718,6.901,13.964465428637151,41,2011-09-30
1389864.4604895106,2,39,9,2011,0,0,64.76,136.4195,4.584,14.058926312581102,23,2011-09-30
519247.7300699301,0,39,9,2011,0,0,57.61,194.8779718,6.338,13.017172425147594,16,2011-09-30
1444999.0356643356,2,39,9,2011,0,0,64.99,136.4195,7.806,14.101259427983802,19,2011-09-30
966781.5594405595,1,39,9,2011,0,0,69.44,129.6060667,10.641,13.678371350710533,34,2011-09-30
1899424.5726573425,2,39,9,2011,0,0,82.27,129.6060667,8.257,14.302683638729954,10,2011-09-30
302748.86601398606,0,39,9,2011,0,0,68.28,129.6060667,6.56,12.610733263456206,44,2011-09-30
2107676.8703496503,2,39,9,2011,0,0,63.44,209.807836,7.274,14.481188520480174,20,2011-09-30
1925751.3355244757,2,39,9,2011,0,0,78.14,216.3620333,7.852,14.316525477768808,2,2011-09-30
438579.6162237762,0,39,9,2011,0,0,78.91,216.3620333,7.852,12.866185475872742,30,2011-09-30
518900.2819580419,0,39,9,2011,0,0,81.52,215.4532259,8.177,13.154642941034979,37,2011-09-30
385731.6532867133,0,39,9,2011,0,0,83.26,129.6060667,13.503,12.812628833453877,38,2011-09-30
1564728.1862937063,2,39,9,2011,0,0,82.51,218.2579435,6.925,14.083667948289538,6,2011-09-30
2003620.3062937064,2,39,9,2011,0,0,68.28,129.6060667,6.877,14.42291665800265,13,2011-09-30
1356755.3935664336,2,39,9,2011,0,0,68.0,136.4195,8.358,14.035644472862893,24,2011-09-30
785981.4085314686,1,39,9,2011,0,0,70.66,187.2566641,8.625,13.457387909463948,45,2011-09-30
318011.8104895105,0,39,9,2011,0,0,81.16,217.2760127,6.529,12.585591987846048,5,2011-09-30
570617.3086713287,0,39,9,2011,0,0,47.34,194.8779718,8.622,13.099874916885064,7,2011-09-30
543980.5523776223,0,39,9,2011,0,0,78.45,220.3195004,6.404,13.139354290829354,9,2011-09-30
908749.5183916084,1,39,9,2011,0,0,72.2,220.1329176,6.425,13.603616456154343,8,2011-09-30
1166568.154965035,1,40,10,2011,0,0,62.62,194.9459724,8.513,13.954793272484627,32,2011-10-07
2020978.4009790209,2,40,10,2011,0,0,55.82,187.4837962,8.523,14.547300284571106,14,2011-10-07
1002911.8446853146,1,40,10,2011,0,0,46.84,136.472,7.598,13.937749420551663,26,2011-10-07
518900.2819580419,0,40,10,2011,0,0,71.2,215.7831333,7.716,13.166988403225089,37,2011-10-07
633324.7231468532,0,40,10,2011,0,0,74.17,208.7872143,10.148,13.373634991435384,43,2011-10-07
318011.8104895105,0,40,10,2011,0,0,71.64,217.6123648,6.3,12.641460470237543,5,2011-10-07
1564728.1862937063,2,40,10,2011,0,0,74.1,218.59704,6.551,14.208727765826964,6,2011-10-07
1323522.241818182,1,40,10,2011,0,0,70.44,129.6938,12.89,14.258474114928346,28,2011-10-07
2107676.8703496503,2,40,10,2011,0,0,52.42,210.1170595,7.082,14.574437890082116,20,2011-10-07
1450668.1291608391,2,40,10,2011,0,0,71.68,215.7831333,7.716,14.182848225478864,39,2011-10-07
893581.3904195804,1,40,10,2011,0,0,54.4,129.6938,6.617,13.729961275230087,17,2011-10-07
1009001.6094405595,1,40,10,2011,0,0,70.44,129.6938,12.89,13.765527625729753,12,2011-10-07
539451.4287412588,0,40,10,2011,0,0,56.44,136.472,9.357,13.15191052909257,29,2011-10-07
706721.5326573426,1,40,10,2011,0,0,50.82,210.1170595,7.082,13.417304841595843,25,2011-10-07
438579.6162237762,0,40,10,2011,0,0,71.64,216.6958311,7.441,12.942109904649625,30,2011-10-07
402704.44104895106,0,40,10,2011,0,0,75.54,220.4299007,7.197,12.907543587271038,3,2011-10-07
385731.6532867133,0,40,10,2011,0,0,70.44,129.6938,12.89,13.015929597115122,38,2011-10-07
570617.3086713287,0,40,10,2011,0,0,40.65,194.9459724,8.513,13.172804292619947,7,2011-10-07
1775216.2019580419,2,40,10,2011,0,0,56.91,140.43475,7.906,14.329734562686827,27,2011-10-07
1395901.437062937,2,40,10,2011,0,0,71.64,216.6958311,7.441,14.171354124404488,31,2011-10-07
785981.4085314686,1,40,10,2011,0,0,55.82,187.4837962,8.523,13.532415349748188,45,2011-10-07
2003620.3062937064,2,40,10,2011,0,0,60.62,129.6938,6.392,14.541721826958765,13,2011-10-07
1925751.3355244757,2,40,10,2011,0,0,69.92,216.6958311,7.441,14.42394613139912,2,2011-10-07
302748.86601398606,0,40,10,2011,0,0,60.62,129.6938,6.078,12.652610468725564,44,2011-10-07
1028501.0389510489,1,40,10,2011,0,0,56.44,140.43475,7.706,13.808926601210239,22,2011-10-07
1356755.3935664336,2,40,10,2011,0,0,53.87,136.472,8.454,14.156199171732602,24,2011-10-07
966781.5594405595,1,40,10,2011,0,0,60.42,129.6938,10.148,13.768492794664038,34,2011-10-07
259861.69202797202,0,40,10,2011,0,0,81.16,129.6938,8.01,12.47671077925295,33,2011-10-07
1084718.421048951,1,40,10,2011,0,0,54.65,136.472,8.471,13.835060310152985,18,2011-10-07
964128.0404895104,1,40,10,2011,0,0,50.21,136.472,4.42,13.883534541564243,40,2011-10-07
756069.0833566433,1,40,10,2011,0,0,71.64,216.6958311,7.441,13.405213987114145,21,2011-10-07
556403.863146853,0,40,10,2011,0,0,75.01,129.6938,7.874,13.38336090831687,42,2011-10-07
373511.9927972028,0,40,10,2011,0,0,71.2,215.7831333,7.716,12.754595331898633,36,2011-10-07
1899424.5726573425,2,40,10,2011,0,0,75.01,129.6938,7.874,14.396736078892175,10,2011-10-07
623312.474965035,0,40,10,2011,0,0,51.24,136.472,7.866,13.269178440118864,15,2011-10-07
1268125.418811189,1,40,10,2011,0,0,58.74,194.9459724,6.759,14.060715962991845,41,2011-10-07
908749.5183916084,1,40,10,2011,0,0,67.61,220.4772543,6.123,13.742915725053123,8,2011-10-07
519247.7300699301,0,40,10,2011,0,0,48.91,194.9459724,6.232,13.087622708250787,16,2011-10-07
543980.5523776223,0,40,10,2011,0,0,72.62,220.6643585,6.054,13.224627468082508,9,2011-10-07
1555264.3975524476,2,40,10,2011,0,0,69.31,217.0453684,7.866,14.304698332844653,1,2011-10-07
1444999.0356643356,2,40,10,2011,0,0,53.1,136.472,7.866,14.19512429354568,19,2011-10-07
2094712.9606993007,2,40,10,2011,0,0,65.79,129.6938,5.143,14.588733668722805,4,2011-10-07
1356383.1244755245,2,40,10,2011,0,0,76.97,220.4299007,7.197,14.112849893576607,11,2011-10-07
1389864.4604895106,2,40,10,2011,0,0,49.0,136.472,4.42,14.19634342815948,23,2011-10-07
919724.9795804196,1,40,10,2011,0,0,56.91,140.43475,8.745,13.58186016509854,35,2011-10-07
966781.5594405595,1,41,10,2011,0,0,54.72,129.7706452,10.148,13.723164749067724,34,2011-10-14
402704.44104895106,0,41,10,2011,0,0,73.75,220.7486167,7.197,12.816608491066106,3,2011-10-14
1009001.6094405595,1,41,10,2011,0,0,67.31,129.7706452,12.89,13.740356973194313,12,2011-10-14
543980.5523776223,0,41,10,2011,0,0,67.27,220.9836849,6.054,13.179719907173576,9,2011-10-14
964128.0404895104,1,41,10,2011,0,0,53.9,136.5150968,4.42,13.750174577607272,40,2011-10-14
1002911.8446853146,1,41,10,2011,0,0,53.91,136.5150968,7.598,13.803323678700258,26,2011-10-14
1389864.4604895106,2,41,10,2011,0,0,56.79,136.5150968,4.42,14.04485829545179,23,2011-10-14
893581.3904195804,1,41,10,2011,0,0,47.69,129.7706452,6.617,13.692261695605472,17,2011-10-14
785981.4085314686,1,41,10,2011,0,0,63.82,187.6917481,8.523,13.488322277742835,45,2011-10-14
2107676.8703496503,2,41,10,2011,0,0,62.54,210.4027602,7.082,14.51369934822529,20,2011-10-14
518900.2819580419,0,41,10,2011,0,0,74.16,216.0885258,7.716,13.149272088730541,37,2011-10-14
1084718.421048951,1,41,10,2011,0,0,60.26,136.5150968,8.471,13.767931357781897,18,2011-10-14
1395901.437062937,2,41,10,2011,0,0,69.79,217.0048261,7.441,14.136391290621395,31,2011-10-14
706721.5326573426,1,41,10,2011,0,0,58.95,210.4027602,7.082,13.379972461593587,25,2011-10-14
2094712.9606993007,2,41,10,2011,0,0,63.75,129.7706452,5.143,14.545254748353067,4,2011-10-14
570617.3086713287,0,41,10,2011,0,0,32.65,195.0261012,8.513,13.126276092740389,7,2011-10-14
318011.8104895105,0,41,10,2011,0,0,72.36,217.9237458,6.3,12.564162108564892,5,2011-10-14
908749.5183916084,1,41,10,2011,0,0,61.74,220.7960935,6.123,13.668389250772663,8,2011-10-14
1356755.3935664336,2,41,10,2011,0,0,60.21,136.5150968,8.454,14.103179652831846,24,2011-10-14
259861.69202797202,0,41,10,2011,0,0,76.49,129.7706452,8.01,12.515351066480317,33,2011-10-14
756069.0833566433,1,41,10,2011,0,0,69.79,217.0048261,7.441,13.41709122994909,21,2011-10-14
1028501.0389510489,1,41,10,2011,0,0,62.63,140.4784194,7.706,13.758239770751851,22,2011-10-14
1268125.418811189,1,41,10,2011,0,0,47.43,195.0261012,6.759,14.036356447674555,41,2011-10-14
1444999.0356643356,2,41,10,2011,0,0,61.86,136.5150968,7.866,14.09231356489733,19,2011-10-14
2003620.3062937064,2,41,10,2011,0,0,51.74,129.7706452,6.392,14.472854415834762,13,2011-10-14
302748.86601398606,0,41,10,2011,0,0,51.74,129.7706452,6.078,12.588039758874531,44,2011-10-14
1899424.5726573425,2,41,10,2011,0,0,70.27,129.7706452,7.874,14.348931388497144,10,2011-10-14
1925751.3355244757,2,41,10,2011,0,0,71.67,217.0048261,7.441,14.371624902996912,2,2011-10-14
438579.6162237762,0,41,10,2011,0,0,69.79,217.0048261,7.441,12.925649928370689,30,2011-10-14
385731.6532867133,0,41,10,2011,0,0,67.31,129.7706452,12.89,12.900298693902892,38,2011-10-14
1775216.2019580419,2,41,10,2011,0,0,64.78,140.4784194,7.906,14.335882575566314,27,2011-10-14
519247.7300699301,0,41,10,2011,0,0,39.97,195.0261012,6.232,13.118841302172852,16,2011-10-14
919724.9795804196,1,41,10,2011,0,0,64.78,140.4784194,8.745,13.557853522091987,35,2011-10-14
1564728.1862937063,2,41,10,2011,0,0,71.24,218.9109844,6.551,14.142309003991537,6,2011-10-14
2020978.4009790209,2,41,10,2011,0,0,63.82,187.6917481,8.523,14.452548524082035,14,2011-10-14
373511.9927972028,0,41,10,2011,0,0,74.16,216.0885258,7.716,12.742794030983033,36,2011-10-14
1555264.3975524476,2,41,10,2011,0,0,71.74,217.3552733,7.866,14.216650947945439,1,2011-10-14
1450668.1291608391,2,41,10,2011,0,0,73.79,216.0885258,7.716,14.141010562054328,39,2011-10-14
1356383.1244755245,2,41,10,2011,0,0,75.56,220.7486167,7.197,14.067350372650013,11,2011-10-14
1323522.241818182,1,41,10,2011,0,0,67.31,129.7706452,12.89,14.015169237875027,28,2011-10-14
623312.474965035,0,41,10,2011,0,0,61.3,136.5150968,7.866,13.194315487356215,15,2011-10-14
556403.863146853,0,41,10,2011,0,0,70.27,129.7706452,7.874,13.326987880801768,42,2011-10-14
1166568.154965035,1,41,10,2011,0,0,50.15,195.0261012,8.513,13.9771371604567,32,2011-10-14
539451.4287412588,0,41,10,2011,0,0,62.63,136.5150968,9.357,13.072705481864903,29,2011-10-14
633324.7231468532,0,41,10,2011,0,0,68.09,209.0752166,10.148,13.289546862925611,43,2011-10-14
539451.4287412588,0,42,10,2011,0,0,59.3,136.5017742,9.357,13.132450768171289,29,2011-10-21
1450668.1291608391,2,42,10,2011,0,0,67.65,216.2468287,7.716,14.197559836214653,39,2011-10-21
385731.6532867133,0,42,10,2011,0,0,73.05,129.7821613,12.89,12.905972401052566,38,2011-10-21
1899424.5726573425,2,42,10,2011,0,0,77.91,129.7821613,7.874,14.372797670925246,10,2011-10-21
518900.2819580419,0,42,10,2011,0,0,67.89,216.2468287,7.716,13.166926199894737,37,2011-10-21
2003620.3062937064,2,42,10,2011,0,0,54.66,129.7821613,6.392,14.495342112762913,13,2011-10-21
1009001.6094405595,1,42,10,2011,0,0,73.05,129.7821613,12.89,13.752150627349288,12,2011-10-21
438579.6162237762,0,42,10,2011,0,0,65.16,217.1650042,7.441,12.96911785779593,30,2011-10-21
373511.9927972028,0,42,10,2011,0,0,67.89,216.2468287,7.716,12.702700983081325,36,2011-10-21
519247.7300699301,0,42,10,2011,0,0,46.99,195.1789994,6.232,13.235879830796087,16,2011-10-21
966781.5594405595,1,42,10,2011,0,0,58.93,129.7821613,10.148,13.768098385428118,34,2011-10-21
1356383.1244755245,2,42,10,2011,0,0,70.91,220.9144005,7.197,14.097004923482027,11,2011-10-21
259861.69202797202,0,42,10,2011,0,0,81.74,129.7821613,8.01,12.361126117717747,33,2011-10-21
919724.9795804196,1,42,10,2011,0,0,59.62,140.4616048,8.745,13.606429415862895,35,2011-10-21
908749.5183916084,1,42,10,2011,0,0,59.97,220.9619484,6.123,13.71677856944433,8,2011-10-21
623312.474965035,0,42,10,2011,0,0,51.67,136.5017742,7.866,13.310202832557701,15,2011-10-21
543980.5523776223,0,42,10,2011,0,0,65.46,221.1498206,6.054,13.230457331812227,9,2011-10-21
1395901.437062937,2,42,10,2011,0,0,65.16,217.1650042,7.441,14.158611774269145,31,2011-10-21
1166568.154965035,1,42,10,2011,0,0,48.87,195.1789994,8.513,13.95636732688503,32,2011-10-21
893581.3904195804,1,42,10,2011,0,0,47.27,129.7821613,6.617,13.684696863336558,17,2011-10-21
2020978.4009790209,2,42,10,2011,0,0,59.6,187.7846197,8.523,14.513150426272045,14,2011-10-21
570617.3086713287,0,42,10,2011,0,0,37.49,195.1789994,8.513,13.233354386044548,7,2011-10-21
1564728.1862937063,2,42,10,2011,0,0,68.53,219.0740167,6.551,14.164703943711269,6,2011-10-21
2107676.8703496503,2,42,10,2011,0,0,53.69,210.5473252,7.082,14.559466292944332,20,2011-10-21
706721.5326573426,1,42,10,2011,0,0,50.22,210.5473252,7.082,13.445426831043786,25,2011-10-21
756069.0833566433,1,42,10,2011,0,0,65.16,217.1650042,7.441,13.49947984646134,21,2011-10-21
964128.0404895104,1,42,10,2011,0,0,51.61,136.5017742,4.42,13.756100888419336,40,2011-10-21
1028501.0389510489,1,42,10,2011,0,0,59.3,140.4616048,7.706,13.796906796141613,22,2011-10-21
1268125.418811189,1,42,10,2011,0,0,45.62,195.1789994,6.759,14.010209604936374,41,2011-10-21
1925751.3355244757,2,42,10,2011,0,0,64.53,217.1650042,7.441,14.42238131866015,2,2011-10-21
633324.7231468532,0,42,10,2011,0,0,70.3,209.2222327,10.148,13.295689529924232,43,2011-10-21
402704.44104895106,0,42,10,2011,0,0,69.03,220.9144005,7.197,12.886583725784911,3,2011-10-21
1084718.421048951,1,42,10,2011,0,0,55.83,136.5017742,8.471,13.862597958969276,18,2011-10-21
1323522.241818182,1,42,10,2011,0,0,73.05,129.7821613,12.89,14.000472833323137,28,2011-10-21
318011.8104895105,0,42,10,2011,0,0,66.9,218.0852999,6.3,12.63156970104388,5,2011-10-21
1002911.8446853146,1,42,10,2011,0,0,45.23,136.5017742,7.598,13.790098673760083,26,2011-10-21
785981.4085314686,1,42,10,2011,0,0,59.6,187.7846197,8.523,13.556334824723956,45,2011-10-21
1356755.3935664336,2,42,10,2011,0,0,56.6,136.5017742,8.454,14.065151476708918,24,2011-10-21
302748.86601398606,0,42,10,2011,0,0,54.66,129.7821613,6.078,12.631244984227534,44,2011-10-21
1389864.4604895106,2,42,10,2011,0,0,52.12,136.5017742,4.42,14.18087118491123,23,2011-10-21
2094712.9606993007,2,42,10,2011,0,0,64.79,129.7821613,5.143,14.607481343560835,4,2011-10-21
556403.863146853,0,42,10,2011,0,0,77.91,129.7821613,7.874,13.19426983228197,42,2011-10-21
1444999.0356643356,2,42,10,2011,0,0,52.05,136.5017742,7.866,14.133865447834538,19,2011-10-21
1555264.3975524476,2,42,10,2011,0,0,63.71,217.5159762,7.866,14.222683393741804,1,2011-10-21
1775216.2019580419,2,42,10,2011,0,0,59.62,140.4616048,7.906,14.339997898052252,27,2011-10-21
2003620.3062937064,2,43,10,2011,0,0,47.41,129.7936774,6.392,14.482690904583526,13,2011-10-28
756069.0833566433,1,43,10,2011,0,0,65.46,217.3251824,7.441,13.512800123254198,21,2011-10-28
919724.9795804196,1,43,10,2011,0,0,51.81,140.4447903,8.745,13.603334765292555,35,2011-10-28
539451.4287412588,0,43,10,2011,0,0,49.31,136.4884516,9.357,13.152156404640241,29,2011-10-28
259861.69202797202,0,43,10,2011,0,0,76.73,129.7936774,8.01,12.35156146235865,33,2011-10-28
1899424.5726573425,2,43,10,2011,0,0,72.79,129.7936774,7.874,14.387503133635619,10,2011-10-28
1084718.421048951,1,43,10,2011,0,0,45.61,136.4884516,8.471,13.91684223574284,18,2011-10-28
1356755.3935664336,2,43,10,2011,0,0,48.0,136.4884516,8.454,14.083354971256266,24,2011-10-28
302748.86601398606,0,43,10,2011,0,0,47.41,129.7936774,6.078,12.632441310636668,44,2011-10-28
1323522.241818182,1,43,10,2011,0,0,67.41,129.7936774,12.89,14.032834858232938,28,2011-10-28
1450668.1291608391,2,43,10,2011,0,0,71.05,216.4051315,7.716,14.202583631422494,39,2011-10-28
1925751.3355244757,2,43,10,2011,0,0,65.87,217.3251824,7.441,14.38609299181288,2,2011-10-28
1564728.1862937063,2,43,10,2011,0,0,69.51,219.237049,6.551,14.165777297147654,6,2011-10-28
519247.7300699301,0,43,10,2011,0,0,41.97,195.3318977,6.232,13.134132271490323,16,2011-10-28
570617.3086713287,0,43,10,2011,0,0,28.82,195.3318977,8.513,13.175601766867345,7,2011-10-28
2094712.9606993007,2,43,10,2011,0,0,55.31,129.7936774,5.143,14.58175046942347,4,2011-10-28
908749.5183916084,1,43,10,2011,0,0,56.86,221.1278032,6.123,13.683935319393678,8,2011-10-28
1444999.0356643356,2,43,10,2011,0,0,46.49,136.4884516,7.866,14.149560835437391,19,2011-10-28
1775216.2019580419,2,43,10,2011,0,0,51.81,140.4447903,7.906,14.352222267214305,27,2011-10-28
385731.6532867133,0,43,10,2011,0,0,67.41,129.7936774,12.89,12.844077475686696,38,2011-10-28
623312.474965035,0,43,10,2011,0,0,45.54,136.4884516,7.866,13.287612848577776,15,2011-10-28
556403.863146853,0,43,10,2011,0,0,72.79,129.7936774,7.874,13.15308790768783,42,2011-10-28
1395901.437062937,2,43,10,2011,0,0,65.46,217.3251824,7.441,14.113289277297184,31,2011-10-28
518900.2819580419,0,43,10,2011,0,0,71.31,216.4051315,7.716,13.156487355008196,37,2011-10-28
1002911.8446853146,1,43,10,2011,0,0,35.06,136.4884516,7.598,13.787376459749803,26,2011-10-28
2107676.8703496503,2,43,10,2011,0,0,49.36,210.6918901,7.082,14.540845373616955,20,2011-10-28
438579.6162237762,0,43,10,2011,0,0,65.46,217.3251824,7.441,12.962553434111346,30,2011-10-28
402704.44104895106,0,43,10,2011,0,0,71.04,221.0801842,7.197,12.872725993526592,3,2011-10-28
543980.5523776223,0,43,10,2011,0,0,63.96,221.3159563,6.054,13.21499449900757,9,2011-10-28
2020978.4009790209,2,43,10,2011,0,0,51.78,187.8774913,8.523,14.536684844045185,14,2011-10-28
633324.7231468532,0,43,10,2011,0,0,66.82,209.3692488,10.148,13.257798703895936,43,2011-10-28
1268125.418811189,1,43,10,2011,0,0,37.02,195.3318977,6.759,14.058036271721116,41,2011-10-28
1166568.154965035,1,43,10,2011,0,0,42.76,195.3318977,8.513,13.98558488939467,32,2011-10-28
373511.9927972028,0,43,10,2011,0,0,71.31,216.4051315,7.716,12.631976812355997,36,2011-10-28
318011.8104895105,0,43,10,2011,0,0,69.27,218.2468539,6.3,12.634720641802229,5,2011-10-28
1028501.0389510489,1,43,10,2011,0,0,49.31,140.4447903,7.706,13.910232091823291,22,2011-10-28
706721.5326573426,1,43,10,2011,0,0,46.28,210.6918901,7.082,13.493161082026475,25,2011-10-28
964128.0404895104,1,43,10,2011,0,0,42.09,136.4884516,4.42,13.755417554188924,40,2011-10-28
1389864.4604895106,2,43,10,2011,0,0,42.57,136.4884516,4.42,14.157107469550446,23,2011-10-28
1356383.1244755245,2,43,10,2011,0,0,72.66,221.0801842,7.197,14.086060535571708,11,2011-10-28
1555264.3975524476,2,43,10,2011,0,0,66.57,217.6766791,7.866,14.183792937217683,1,2011-10-28
966781.5594405595,1,43,10,2011,0,0,54.56,129.7936774,10.148,13.772670768647982,34,2011-10-28
893581.3904195804,1,43,10,2011,0,0,41.89,129.7936774,6.617,13.749914870222952,17,2011-10-28
785981.4085314686,1,43,10,2011,0,0,51.78,187.8774913,8.523,13.569220647056634,45,2011-10-28
1009001.6094405595,1,43,10,2011,0,0,67.41,129.7936774,12.89,13.806396531111409,12,2011-10-28
1028501.0389510489,1,44,11,2011,1,0,42.81,140.4279758,7.706,13.91678165433353,22,2011-11-04
318011.8104895105,0,44,11,2011,1,0,56.71,218.408408,6.3,12.776072135746336,5,2011-11-04
966781.5594405595,1,44,11,2011,1,0,48.04,129.8051935,10.148,13.808106142815662,34,2011-11-04
623312.474965035,0,44,11,2011,1,0,43.39,136.475129,7.866,13.32957716913921,15,2011-11-04
570617.3086713287,0,44,11,2011,1,0,23.41,195.4847959,8.513,13.243761222867372,7,2011-11-04
1925751.3355244757,2,44,11,2011,1,0,55.53,217.4853605,7.441,14.488306499768289,2,2011-11-04
1899424.5726573425,2,44,11,2011,1,0,68.57,129.8051935,7.874,14.459698344786272,10,2011-11-04
385731.6532867133,0,44,11,2011,1,0,59.77,129.8051935,12.89,12.98762233916775,38,2011-11-04
1084718.421048951,1,44,11,2011,1,0,38.29,136.475129,8.471,13.911389721321298,18,2011-11-04
1323522.241818182,1,44,11,2011,1,0,59.77,129.8051935,12.89,14.270816497145661,28,2011-11-04
1356383.1244755245,2,44,11,2011,1,0,61.13,221.245968,7.197,14.192773963487781,11,2011-11-04
756069.0833566433,1,44,11,2011,1,0,56.01,217.4853605,7.441,13.550710510384231,21,2011-11-04
556403.863146853,0,44,11,2011,1,0,68.57,129.8051935,7.874,13.300791046180187,42,2011-11-04
373511.9927972028,0,44,11,2011,1,0,58.97,216.5634344,7.716,12.655197669447926,36,2011-11-04
1450668.1291608391,2,44,11,2011,1,0,58.04,216.5634344,7.716,14.25610506607819,39,2011-11-04
438579.6162237762,0,44,11,2011,1,0,56.01,217.4853605,7.441,12.97701394604563,30,2011-11-04
2107676.8703496503,2,44,11,2011,1,0,43.88,210.8364551,7.082,14.64148595898113,20,2011-11-04
1002911.8446853146,1,44,11,2011,1,0,31.7,136.475129,7.598,13.804400822761556,26,2011-11-04
518900.2819580419,0,44,11,2011,1,0,58.97,216.5634344,7.716,13.228391550129563,37,2011-11-04
402704.44104895106,0,44,11,2011,1,0,59.31,221.245968,7.197,13.037772820590893,3,2011-11-04
785981.4085314686,1,44,11,2011,1,0,43.92,187.9703629,8.523,13.633305258412184,45,2011-11-04
543980.5523776223,0,44,11,2011,1,0,54.46,221.4820921,6.054,13.301105318344607,9,2011-11-04
964128.0404895104,1,44,11,2011,1,0,35.4,136.475129,4.42,13.826769121816273,40,2011-11-04
2020978.4009790209,2,44,11,2011,1,0,43.92,187.9703629,8.523,14.592105891849144,14,2011-11-04
1395901.437062937,2,44,11,2011,1,0,56.01,217.4853605,7.441,14.170668874404717,31,2011-11-04
1268125.418811189,1,44,11,2011,1,0,35.04,195.4847959,6.759,14.089868654165373,41,2011-11-04
893581.3904195804,1,44,11,2011,1,0,37.52,129.8051935,6.617,13.74041908848942,17,2011-11-04
519247.7300699301,0,44,11,2011,1,0,33.43,195.4847959,6.232,13.144244138002584,16,2011-11-04
1389864.4604895106,2,44,11,2011,1,0,39.18,136.475129,4.42,14.172091628497036,23,2011-11-04
706721.5326573426,1,44,11,2011,1,0,40.88,210.8364551,7.082,13.484774293158017,25,2011-11-04
1166568.154965035,1,44,11,2011,1,0,37.95,195.4847959,8.513,14.001682426120194,32,2011-11-04
633324.7231468532,0,44,11,2011,1,0,59.08,209.516265,10.148,13.372197730914753,43,2011-11-04
1775216.2019580419,2,44,11,2011,1,0,44.46,140.4279758,7.906,14.298621842819923,27,2011-11-04
1009001.6094405595,1,44,11,2011,1,0,59.77,129.8051935,12.89,13.866152140533803,12,2011-11-04
1555264.3975524476,2,44,11,2011,1,0,54.98,217.837382,7.866,14.344508410059841,1,2011-11-04
919724.9795804196,1,44,11,2011,1,0,44.46,140.4279758,8.745,13.3900515217631,35,2011-11-04
1356755.3935664336,2,44,11,2011,1,0,39.87,136.475129,8.454,14.141832439300195,24,2011-11-04
2094712.9606993007,2,44,11,2011,1,0,49.86,129.8051935,5.143,14.640220204709602,4,2011-11-04
259861.69202797202,0,44,11,2011,1,0,71.91,129.8051935,8.01,12.37225685965795,33,2011-11-04
302748.86601398606,0,44,11,2011,1,0,43.51,129.8051935,6.078,12.635017728842074,44,2011-11-04
539451.4287412588,0,44,11,2011,1,0,42.81,136.475129,9.357,13.338662309665935,29,2011-11-04
2003620.3062937064,2,44,11,2011,1,0,43.51,129.8051935,6.392,14.526654098245967,13,2011-11-04
1564728.1862937063,2,44,11,2011,1,0,58.54,219.4000812,6.551,14.236469271219088,6,2011-11-04
908749.5183916084,1,44,11,2011,1,0,49.68,221.2936581,6.123,13.761915722324558,8,2011-11-04
1444999.0356643356,2,44,11,2011,1,0,44.97,136.475129,7.866,14.207749004838966,19,2011-11-04
706721.5326573426,1,45,11,2011,1,0,44.81,210.9810201,7.082,13.48594491382965,25,2011-11-11
543980.5523776223,0,45,11,2011,1,0,58.28,221.6482278,6.054,13.29560234541471,9,2011-11-11
318011.8104895105,0,45,11,2011,1,0,60.71,218.5699621,6.3,12.650462589690973,5,2011-11-11
518900.2819580419,0,45,11,2011,1,0,63.5,216.7217373,7.716,13.12489971817097,37,2011-11-11
1356755.3935664336,2,45,11,2011,1,0,46.78,136.4618065,8.454,14.169738222756767,24,2011-11-11
964128.0404895104,1,45,11,2011,1,0,40.75,136.4618065,4.42,13.852505786948312,40,2011-11-11
908749.5183916084,1,45,11,2011,1,0,50.56,221.4595129,6.123,13.728960325540234,8,2011-11-11
570617.3086713287,0,45,11,2011,1,0,19.53,195.6376941,8.513,13.228553410917067,7,2011-11-11
1555264.3975524476,2,45,11,2011,1,0,59.11,217.9980849,7.866,14.28234660697055,1,2011-11-11
519247.7300699301,0,45,11,2011,1,0,29.56,195.6376941,6.232,13.148386441137308,16,2011-11-11
2020978.4009790209,2,45,11,2011,1,0,47.65,188.0632345,8.523,14.548616472542324,14,2011-11-11
1268125.418811189,1,45,11,2011,1,0,32.87,195.6376941,6.759,14.079796229193137,41,2011-11-11
373511.9927972028,0,45,11,2011,1,0,63.5,216.7217373,7.716,12.70229187337557,36,2011-11-11
1028501.0389510489,1,45,11,2011,1,0,47.8,140.4111613,7.706,13.865957719982774,22,2011-11-11
919724.9795804196,1,45,11,2011,1,0,49.69,140.4111613,8.745,13.688333028161376,35,2011-11-11
556403.863146853,0,45,11,2011,1,0,55.28,129.8167097,7.874,13.374096391399343,42,2011-11-11
539451.4287412588,0,45,11,2011,1,0,47.8,136.4618065,9.357,13.183649653220646,29,2011-11-11
1002911.8446853146,1,45,11,2011,1,0,40.08,136.4618065,7.598,13.890285071501353,26,2011-11-11
1166568.154965035,1,45,11,2011,1,0,38.1,195.6376941,8.513,13.983339265606501,32,2011-11-11
259861.69202797202,0,45,11,2011,1,0,58.75,129.8167097,8.01,12.513417776715366,33,2011-11-11
633324.7231468532,0,45,11,2011,1,0,51.26,209.6632811,10.148,13.330964092437302,43,2011-11-11
1395901.437062937,2,45,11,2011,1,0,59.8,217.6455387,7.441,14.18347083035911,31,2011-11-11
1564728.1862937063,2,45,11,2011,1,0,61.33,219.5631135,6.551,14.244807771947714,6,2011-11-11
893581.3904195804,1,45,11,2011,1,0,27.61,129.8167097,6.617,13.726417233406877,17,2011-11-11
1009001.6094405595,1,45,11,2011,1,0,48.76,129.8167097,12.89,13.906349419945727,12,2011-11-11
1450668.1291608391,2,45,11,2011,1,0,63.11,216.7217373,7.716,14.191861519223696,39,2011-11-11
1323522.241818182,1,45,11,2011,1,0,48.76,129.8167097,12.89,14.153878104493261,28,2011-11-11
2003620.3062937064,2,45,11,2011,1,0,33.8,129.8167097,6.392,14.562953239526168,13,2011-11-11
1356383.1244755245,2,45,11,2011,1,0,64.2,221.4117517,7.197,14.12743735491465,11,2011-11-11
2107676.8703496503,2,45,11,2011,1,0,47.27,210.9810201,7.082,14.635280191167698,20,2011-11-11
1775216.2019580419,2,45,11,2011,1,0,49.69,140.4111613,7.906,14.403702179749175,27,2011-11-11
966781.5594405595,1,45,11,2011,1,0,41.04,129.8167097,10.148,13.807045853221949,34,2011-11-11
438579.6162237762,0,45,11,2011,1,0,59.8,217.6455387,7.441,12.923150270255132,30,2011-11-11
2094712.9606993007,2,45,11,2011,1,0,47.12,129.8167097,5.143,14.605344225328865,4,2011-11-11
1899424.5726573425,2,45,11,2011,1,0,55.28,129.8167097,7.874,14.546228938131595,10,2011-11-11
385731.6532867133,0,45,11,2011,1,0,48.76,129.8167097,12.89,12.926635435275006,38,2011-11-11
1389864.4604895106,2,45,11,2011,1,0,44.04,136.4618065,4.42,14.178027649278683,23,2011-11-11
1084718.421048951,1,45,11,2011,1,0,45.69,136.4618065,8.471,13.892409217525083,18,2011-11-11
1925751.3355244757,2,45,11,2011,1,0,59.33,217.6455387,7.441,14.468213875628189,2,2011-11-11
402704.44104895106,0,45,11,2011,1,0,61.7,221.4117517,7.197,12.918446920151757,3,2011-11-11
1444999.0356643356,2,45,11,2011,1,0,48.22,136.4618065,7.866,14.222361325602694,19,2011-11-11
623312.474965035,0,45,11,2011,1,0,47.13,136.4618065,7.866,13.335781097783379,15,2011-11-11
756069.0833566433,1,45,11,2011,1,0,59.8,217.6455387,7.441,13.537608333187364,21,2011-11-11
302748.86601398606,0,45,11,2011,1,0,33.8,129.8167097,6.078,12.651509979207207,44,2011-11-11
785981.4085314686,1,45,11,2011,1,0,47.65,188.0632345,8.523,13.60309156741286,45,2011-11-11
2020978.4009790209,2,46,11,2011,1,0,51.34,188.1983654,8.523,14.49322004821483,14,2011-11-18
1028501.0389510489,1,46,11,2011,1,0,50.62,140.4127857,7.706,13.823062410806903,22,2011-11-18
1775216.2019580419,2,46,11,2011,1,0,51.42,140.4127857,7.906,14.360007162026408,27,2011-11-18
1389864.4604895106,2,46,11,2011,1,0,45.48,136.4666667,4.42,14.11237506255006,23,2011-11-18
2094712.9606993007,2,46,11,2011,1,0,50.44,129.8268333,5.143,14.623747189737005,4,2011-11-18
1268125.418811189,1,46,11,2011,1,0,36.64,195.7184713,6.759,14.022621486894886,41,2011-11-18
1564728.1862937063,2,46,11,2011,1,0,63.89,219.7897137,6.551,14.237105589922175,6,2011-11-18
633324.7231468532,0,46,11,2011,1,0,57.75,209.8651071,10.148,13.350481112926438,43,2011-11-18
785981.4085314686,1,46,11,2011,1,0,51.34,188.1983654,8.523,13.558816389079462,45,2011-11-18
518900.2819580419,0,46,11,2011,1,0,66.28,216.9395861,7.716,13.175896731982613,37,2011-11-18
539451.4287412588,0,46,11,2011,1,0,50.62,136.4666667,9.357,13.131525853426913,29,2011-11-18
893581.3904195804,1,46,11,2011,1,0,32.93,129.8268333,6.617,13.685088964896806,17,2011-11-18
1395901.437062937,2,46,11,2011,1,0,61.9,217.8670218,7.441,14.183741526108664,31,2011-11-18
2107676.8703496503,2,46,11,2011,1,0,49.3,211.1847207,7.082,14.590207688199166,20,2011-11-18
402704.44104895106,0,46,11,2011,1,0,63.91,221.6432852,7.197,12.896315537724593,3,2011-11-18
543980.5523776223,0,46,11,2011,1,0,58.8,221.8803923,6.054,13.203787167866912,9,2011-11-18
966781.5594405595,1,46,11,2011,1,0,46.0,129.8268333,10.148,13.761638615403648,34,2011-11-18
438579.6162237762,0,46,11,2011,1,0,61.9,217.8670218,7.441,12.986460328911754,30,2011-11-18
519247.7300699301,0,46,11,2011,1,0,31.73,195.7184713,6.232,13.082279943414422,16,2011-11-18
1009001.6094405595,1,46,11,2011,1,0,54.2,129.8268333,12.89,13.785713337503365,12,2011-11-18
1925751.3355244757,2,46,11,2011,1,0,62.01,217.8670218,7.441,14.458817861098556,2,2011-11-18
1084718.421048951,1,46,11,2011,1,0,47.88,136.4666667,8.471,13.870938812608285,18,2011-11-18
623312.474965035,0,46,11,2011,1,0,46.53,136.4666667,7.866,13.30110772694818,15,2011-11-18
302748.86601398606,0,46,11,2011,1,0,40.65,129.8268333,6.078,12.64604236343791,44,2011-11-18
756069.0833566433,1,46,11,2011,1,0,61.9,217.8670218,7.441,13.510363645860101,21,2011-11-18
1444999.0356643356,2,46,11,2011,1,0,48.21,136.4666667,7.866,14.160401946710452,19,2011-11-18
1356383.1244755245,2,46,11,2011,1,0,66.17,221.6432852,7.197,14.089417662177786,11,2011-11-18
919724.9795804196,1,46,11,2011,1,0,51.42,140.4127857,8.745,13.618235878395826,35,2011-11-18
318011.8104895105,0,46,11,2011,1,0,64.33,218.793912,6.3,12.6376776760939,5,2011-11-18
1356755.3935664336,2,46,11,2011,1,0,48.17,136.4666667,8.454,14.075978171079027,24,2011-11-18
964128.0404895104,1,46,11,2011,1,0,41.85,136.4666667,4.42,13.71613320742276,40,2011-11-18
385731.6532867133,0,46,11,2011,1,0,54.2,129.8268333,12.89,12.879027654431384,38,2011-11-18
1323522.241818182,1,46,11,2011,1,0,54.2,129.8268333,12.89,14.0427116423463,28,2011-11-18
570617.3086713287,0,46,11,2011,1,0,29.53,195.7184713,8.513,13.199005034209378,7,2011-11-18
1555264.3975524476,2,46,11,2011,1,0,62.25,218.2205088,7.866,14.246958308005654,1,2011-11-18
373511.9927972028,0,46,11,2011,1,0,66.28,216.9395861,7.716,12.715606255005044,36,2011-11-18
556403.863146853,0,46,11,2011,1,0,58.97,129.8268333,7.874,13.24930412184118,42,2011-11-18
1450668.1291608391,2,46,11,2011,1,0,66.09,216.9395861,7.716,14.227883928980768,39,2011-11-18
1166568.154965035,1,46,11,2011,1,0,42.61,195.7184713,8.513,13.982424482805511,32,2011-11-18
259861.69202797202,0,46,11,2011,1,0,63.35,129.8268333,8.01,12.434384816487151,33,2011-11-18
706721.5326573426,1,46,11,2011,1,0,46.41,211.1847207,7.082,13.498779417334465,25,2011-11-18
1002911.8446853146,1,46,11,2011,1,0,37.78,136.4666667,7.598,13.760095929904592,26,2011-11-18
908749.5183916084,1,46,11,2011,1,0,51.72,221.6911738,6.123,13.706848141471236,8,2011-11-18
2003620.3062937064,2,46,11,2011,1,0,40.65,129.8268333,6.392,14.516786862481462,13,2011-11-18
1899424.5726573425,2,46,11,2011,1,0,58.97,129.8268333,7.874,14.440961624098565,10,2011-11-18
1389864.4604895106,2,47,11,2011,1,1,35.23,136.4788,4.42,14.536788594551199,23,2011-11-25
1564728.1862937063,2,47,11,2011,1,1,62.78,220.0417412,6.551,14.626357459598928,6,2011-11-25
623312.474965035,0,47,11,2011,1,1,41.1,136.4788,7.866,13.87987321988952,15,2011-11-25
1444999.0356643356,2,47,11,2011,1,1,42.75,136.4788,7.866,14.49590060117252,19,2011-11-25
518900.2819580419,0,47,11,2011,1,1,66.41,217.1812533,7.716,13.166485596986183,37,2011-11-25
1395901.437062937,2,47,11,2011,1,1,56.43,218.1130269,7.441,14.475152996040391,31,2011-11-25
556403.863146853,0,47,11,2011,1,1,60.68,129.8364,7.874,13.266808891237345,42,2011-11-25
966781.5594405595,1,47,11,2011,1,1,45.99,129.8364,10.148,14.112348204940002,34,2011-11-25
908749.5183916084,1,47,11,2011,1,1,49.61,221.9491571,6.123,14.026715009013776,8,2011-11-25
385731.6532867133,0,47,11,2011,1,1,53.25,129.8364,12.89,12.883386919516017,38,2011-11-25
1002911.8446853146,1,47,11,2011,1,1,31.07,136.4788,7.598,14.064182314127802,26,2011-11-25
519247.7300699301,0,47,11,2011,1,1,31.39,195.7704,6.232,13.47642767657353,16,2011-11-25
2003620.3062937064,2,47,11,2011,1,1,38.89,129.8364,6.392,14.867789724960298,13,2011-11-25
1356755.3935664336,2,47,11,2011,1,1,41.83,136.4788,8.454,14.381526773678097,24,2011-11-25
438579.6162237762,0,47,11,2011,1,1,56.43,218.1130269,7.441,13.021802281638958,30,2011-11-25
756069.0833566433,1,47,11,2011,1,1,56.43,218.1130269,7.441,14.01375828404182,21,2011-11-25
2094712.9606993007,2,47,11,2011,1,1,47.96,129.8364,5.143,14.915689395620195,4,2011-11-25
318011.8104895105,0,47,11,2011,1,1,61.93,219.0428204,6.3,13.138041963501037,5,2011-11-25
964128.0404895104,1,47,11,2011,1,1,32.76,136.4788,4.42,14.02253525574846,40,2011-11-25
570617.3086713287,0,47,11,2011,1,1,27.6,195.7704,8.513,13.763245075365397,7,2011-11-25
373511.9927972028,0,47,11,2011,1,1,66.41,217.1812533,7.716,12.715334697554713,36,2011-11-25
1084718.421048951,1,47,11,2011,1,1,41.97,136.4788,8.471,14.300508699268617,18,2011-11-25
259861.69202797202,0,47,11,2011,1,1,62.35,129.8364,8.01,12.452922840600364,33,2011-11-25
302748.86601398606,0,47,11,2011,1,1,38.89,129.8364,6.078,12.641517211728374,44,2011-11-25
1166568.154965035,1,47,11,2011,1,1,40.22,195.7704,8.513,14.336961330387227,32,2011-11-25
706721.5326573426,1,47,11,2011,1,1,43.49,211.4120757,7.082,13.925451717436125,25,2011-11-25
1356383.1244755245,2,47,11,2011,1,1,70.03,221.9011185,7.197,14.430130891353398,11,2011-11-25
1925751.3355244757,2,47,11,2011,1,1,56.36,218.1130269,7.441,14.776469943669262,2,2011-11-25
919724.9795804196,1,47,11,2011,1,1,47.88,140.4217857,8.745,14.365839585691965,35,2011-11-25
633324.7231468532,0,47,11,2011,1,1,55.7,210.0888571,10.148,13.414982572185675,43,2011-11-25
1028501.0389510489,1,47,11,2011,1,1,46.28,140.4217857,7.706,14.244600059539376,22,2011-11-25
785981.4085314686,1,47,11,2011,1,1,48.71,188.3504,8.523,13.97309015803379,45,2011-11-25
1775216.2019580419,2,47,11,2011,1,1,47.88,140.4217857,7.906,14.733560425651334,27,2011-11-25
2107676.8703496503,2,47,11,2011,1,1,46.38,211.4120757,7.082,14.882368728948281,20,2011-11-25
1899424.5726573425,2,47,11,2011,1,1,60.68,129.8364,7.874,14.897383400602452,10,2011-11-25
402704.44104895106,0,47,11,2011,1,1,68.0,221.9011185,7.197,13.230187996663744,3,2011-11-25
1268125.418811189,1,47,11,2011,1,1,36.37,195.7704,6.759,14.460892083116416,41,2011-11-25
543980.5523776223,0,47,11,2011,1,1,54.32,222.1389683,6.054,13.610642119851171,9,2011-11-25
1323522.241818182,1,47,11,2011,1,1,53.25,129.8364,12.89,14.472895458490903,28,2011-11-25
1555264.3975524476,2,47,11,2011,1,1,60.14,218.4676211,7.866,14.525181299475344,1,2011-11-25
539451.4287412588,0,47,11,2011,1,1,46.28,136.4788,9.357,13.724673169299297,29,2011-11-25
2020978.4009790209,2,47,11,2011,1,1,48.71,188.3504,8.523,14.80332267766527,14,2011-11-25
893581.3904195804,1,47,11,2011,1,1,32.81,129.8364,6.617,14.019023711629927,17,2011-11-25
1450668.1291608391,2,47,11,2011,1,1,66.36,217.1812533,7.716,14.665162816009458,39,2011-11-25
1009001.6094405595,1,47,11,2011,1,1,53.25,129.8364,12.89,14.280452284871773,12,2011-11-25
302748.86601398606,0,48,12,2011,1,0,33.94,129.8459667,6.078,12.557821667009375,44,2011-12-02
785981.4085314686,1,48,12,2011,1,0,50.19,188.5024346,8.523,13.682779770484194,45,2011-12-02
623312.474965035,0,48,12,2011,1,0,45.67,136.4909333,7.866,13.457448452361513,15,2011-12-02
908749.5183916084,1,48,12,2011,1,0,40.82,222.2071405,6.123,13.802022461190383,8,2011-12-02
919724.9795804196,1,48,12,2011,1,0,50.55,140.4307857,8.745,13.714149843536868,35,2011-12-02
1555264.3975524476,2,48,12,2011,1,0,48.91,218.7147333,7.866,14.275517479968974,1,2011-12-02
1028501.0389510489,1,48,12,2011,1,0,49.11,140.4307857,7.706,13.9704798797556,22,2011-12-02
1356755.3935664336,2,48,12,2011,1,0,47.21,136.4909333,8.454,14.104927200179736,24,2011-12-02
259861.69202797202,0,48,12,2011,1,0,59.12,129.8459667,8.01,12.301661650095625,33,2011-12-02
756069.0833566433,1,48,12,2011,1,0,48.72,218.3590319,7.441,13.5838120798926,21,2011-12-02
966781.5594405595,1,48,12,2011,1,0,39.75,129.8459667,10.148,13.804189799303732,34,2011-12-02
1389864.4604895106,2,48,12,2011,1,0,43.6,136.4909333,4.42,14.255626717025574,23,2011-12-02
402704.44104895106,0,48,12,2011,1,0,54.97,222.1589519,7.197,13.065819099650087,3,2011-12-02
543980.5523776223,0,48,12,2011,1,0,46.84,222.3975443,6.054,13.32630977280756,9,2011-12-02
2020978.4009790209,2,48,12,2011,1,0,50.19,188.5024346,8.523,14.577755337193755,14,2011-12-02
518900.2819580419,0,48,12,2011,1,0,53.57,217.4229206,7.716,13.17518124803469,37,2011-12-02
1395901.437062937,2,48,12,2011,1,0,48.72,218.3590319,7.441,14.143958132940668,31,2011-12-02
633324.7231468532,0,48,12,2011,1,0,47.49,210.3126071,10.148,13.279417142057197,43,2011-12-02
2003620.3062937064,2,48,12,2011,1,0,33.94,129.8459667,6.392,14.533992418116183,13,2011-12-02
706721.5326573426,1,48,12,2011,1,0,42.85,211.6394306,7.082,13.685761227176066,25,2011-12-02
556403.863146853,0,48,12,2011,1,0,57.29,129.8459667,7.874,13.145854019136575,42,2011-12-02
1166568.154965035,1,48,12,2011,1,0,33.8,195.8223287,8.513,13.980834198580077,32,2011-12-02
373511.9927972028,0,48,12,2011,1,0,53.57,217.4229206,7.716,12.589126861775563,36,2011-12-02
1925751.3355244757,2,48,12,2011,1,0,48.74,218.3590319,7.441,14.4858767101919,2,2011-12-02
1009001.6094405595,1,48,12,2011,1,0,52.5,129.8459667,12.89,13.884461921923133,12,2011-12-02
1356383.1244755245,2,48,12,2011,1,0,56.89,222.1589519,7.197,14.151499420636263,11,2011-12-02
1899424.5726573425,2,48,12,2011,1,0,57.29,129.8459667,7.874,14.542139989305566,10,2011-12-02
1002911.8446853146,1,48,12,2011,1,0,36.74,136.4909333,7.598,13.827932574259,26,2011-12-02
2094712.9606993007,2,48,12,2011,1,0,38.71,129.8459667,5.143,14.59529416439513,4,2011-12-02
2107676.8703496503,2,48,12,2011,1,0,46.32,211.6394306,7.082,14.647888161407046,20,2011-12-02
318011.8104895105,0,48,12,2011,1,0,51.14,219.2917287,6.3,12.837946926999873,5,2011-12-02
1450668.1291608391,2,48,12,2011,1,0,53.14,217.4229206,7.716,14.305865426246147,39,2011-12-02
964128.0404895104,1,48,12,2011,1,0,38.51,136.4909333,4.42,13.87347528775524,40,2011-12-02
893581.3904195804,1,48,12,2011,1,0,26.47,129.8459667,6.617,13.759224483525648,17,2011-12-02
1564728.1862937063,2,48,12,2011,1,0,51.18,220.2937686,6.551,14.339370271718805,6,2011-12-02
1775216.2019580419,2,48,12,2011,1,0,50.55,140.4307857,7.906,14.407137472991119,27,2011-12-02
1084718.421048951,1,48,12,2011,1,0,46.25,136.4909333,8.471,13.987822695576046,18,2011-12-02
570617.3086713287,0,48,12,2011,1,0,20.38,195.8223287,8.513,13.291107983100492,7,2011-12-02
438579.6162237762,0,48,12,2011,1,0,48.72,218.3590319,7.441,12.929716901607824,30,2011-12-02
1268125.418811189,1,48,12,2011,1,0,34.53,195.8223287,6.759,14.072040319388508,41,2011-12-02
1444999.0356643356,2,48,12,2011,1,0,45.67,136.4909333,7.866,14.210729607362765,19,2011-12-02
385731.6532867133,0,48,12,2011,1,0,52.5,129.8459667,12.89,12.926963924499802,38,2011-12-02
1323522.241818182,1,48,12,2011,1,0,52.5,129.8459667,12.89,14.128956388637254,28,2011-12-02
539451.4287412588,0,48,12,2011,1,0,49.11,136.4909333,9.357,13.270568221446084,29,2011-12-02
519247.7300699301,0,48,12,2011,1,0,27.83,195.8223287,6.232,13.18156362528167,16,2011-12-02
893581.3904195804,1,49,12,2011,1,0,17.56,129.8555333,6.617,13.791754534886984,17,2011-12-09
964128.0404895104,1,49,12,2011,1,0,34.48,136.5030667,4.42,13.96281785804895,40,2011-12-09
556403.863146853,0,49,12,2011,1,0,42.58,129.8555333,7.874,13.336077781705475,42,2011-12-09
2107676.8703496503,2,49,12,2011,1,0,41.64,211.8667856,7.082,14.750083067110625,20,2011-12-09
259861.69202797202,0,49,12,2011,1,0,47.7,129.8555333,8.01,12.507561649610722,33,2011-12-09
1166568.154965035,1,49,12,2011,1,0,17.94,195.8742575,8.513,14.163168507725624,32,2011-12-09
1356755.3935664336,2,49,12,2011,1,0,42.3,136.5030667,8.454,14.24052763450533,24,2011-12-09
318011.8104895105,0,49,12,2011,1,0,44.12,219.540637,6.3,12.814301085282004,5,2011-12-09
756069.0833566433,1,49,12,2011,1,0,41.44,218.605037,7.441,13.70764482910092,21,2011-12-09
1356383.1244755245,2,49,12,2011,1,0,50.63,222.4167852,7.197,14.314257693595959,11,2011-12-09
1555264.3975524476,2,49,12,2011,1,0,43.93,218.9618456,7.866,14.403121307394173,1,2011-12-09
519247.7300699301,0,49,12,2011,1,0,14.44,195.8742575,6.232,13.261777189623999,16,2011-12-09
1925751.3355244757,2,49,12,2011,1,0,41.76,218.605037,7.441,14.64430266107002,2,2011-12-09
373511.9927972028,0,49,12,2011,1,0,50.64,217.6645878,7.716,12.65171752597807,36,2011-12-09
402704.44104895106,0,49,12,2011,1,0,49.26,222.4167852,7.197,13.05787562831117,3,2011-12-09
1028501.0389510489,1,49,12,2011,1,0,45.35,140.4397857,7.706,14.084749934593747,22,2011-12-09
1395901.437062937,2,49,12,2011,1,0,41.44,218.605037,7.441,14.25814295187328,31,2011-12-09
1323522.241818182,1,49,12,2011,1,0,42.17,129.8555333,12.89,14.198747303056843,28,2011-12-09
570617.3086713287,0,49,12,2011,1,0,11.17,195.8742575,8.513,13.390627816940082,7,2011-12-09
1002911.8446853146,1,49,12,2011,1,0,34.24,136.5030667,7.598,13.954392513264356,26,2011-12-09
1009001.6094405595,1,49,12,2011,1,0,42.17,129.8555333,12.89,13.989167560689697,12,2011-12-09
543980.5523776223,0,49,12,2011,1,0,37.65,222.6561203,6.054,13.353996042018085,9,2011-12-09
302748.86601398606,0,49,12,2011,1,0,24.82,129.8555333,6.078,12.625775612565988,44,2011-12-09
633324.7231468532,0,49,12,2011,1,0,34.23,210.5363571,10.148,13.334080405950026,43,2011-12-09
2094712.9606993007,2,49,12,2011,1,0,31.64,129.8555333,5.143,14.735377383984822,4,2011-12-09
1268125.418811189,1,49,12,2011,1,0,17.05,195.8742575,6.759,14.252902180868398,41,2011-12-09
1084718.421048951,1,49,12,2011,1,0,42.36,136.5030667,8.471,14.12920551496615,18,2011-12-09
2020978.4009790209,2,49,12,2011,1,0,46.57,188.6544692,8.523,14.71996442575996,14,2011-12-09
966781.5594405595,1,49,12,2011,1,0,24.69,129.8555333,10.148,13.896394367197315,34,2011-12-09
1564728.1862937063,2,49,12,2011,1,0,43.64,220.5457961,6.551,14.459145036887449,6,2011-12-09
518900.2819580419,0,49,12,2011,1,0,50.64,217.6645878,7.716,13.194173248087377,37,2011-12-09
438579.6162237762,0,49,12,2011,1,0,41.44,218.605037,7.441,12.987097956507114,30,2011-12-09
908749.5183916084,1,49,12,2011,1,0,30.51,222.4651238,6.123,13.866131378792156,8,2011-12-09
1450668.1291608391,2,49,12,2011,1,0,49.36,217.6645878,7.716,14.392982974525511,39,2011-12-09
539451.4287412588,0,49,12,2011,1,0,45.35,136.5030667,9.357,13.358607192330332,29,2011-12-09
1899424.5726573425,2,49,12,2011,1,0,42.58,129.8555333,7.874,14.703118606492618,10,2011-12-09
1389864.4604895106,2,49,12,2011,1,0,36.4,136.5030667,4.42,14.425914295479208,23,2011-12-09
919724.9795804196,1,49,12,2011,1,0,46.28,140.4397857,8.745,13.763128239225958,35,2011-12-09
785981.4085314686,1,49,12,2011,1,0,46.57,188.6544692,8.523,13.771721990430988,45,2011-12-09
706721.5326573426,1,49,12,2011,1,0,38.69,211.8667856,7.082,13.728259537717038,25,2011-12-09
385731.6532867133,0,49,12,2011,1,0,42.17,129.8555333,12.89,12.984026491154188,38,2011-12-09
2003620.3062937064,2,49,12,2011,1,0,24.82,129.8555333,6.392,14.71680137551086,13,2011-12-09
1444999.0356643356,2,49,12,2011,1,0,40.18,136.5030667,7.866,14.354206215114734,19,2011-12-09
623312.474965035,0,49,12,2011,1,0,38.53,136.5030667,7.866,13.547064350922303,15,2011-12-09
1775216.2019580419,2,49,12,2011,1,0,46.28,140.4397857,7.906,14.515964469232786,27,2011-12-09
438579.6162237762,0,50,12,2011,1,0,50.56,218.8217928,7.441,12.997403328491998,30,2011-12-16
1084718.421048951,1,50,12,2011,1,0,35.52,136.5335161,8.471,14.232195969047416,18,2011-12-16
919724.9795804196,1,50,12,2011,1,0,40.68,140.4700795,8.745,13.924595115761345,35,2011-12-16
302748.86601398606,0,50,12,2011,1,0,27.85,129.8980645,6.078,12.648014834677923,44,2011-12-16
756069.0833566433,1,50,12,2011,1,0,50.56,218.8217928,7.441,13.842722443301009,21,2011-12-16
259861.69202797202,0,50,12,2011,1,0,53.18,129.8980645,8.01,12.467048831677934,33,2011-12-16
1395901.437062937,2,50,12,2011,1,0,50.56,218.8217928,7.441,14.2924883175789,31,2011-12-16
518900.2819580419,0,50,12,2011,1,0,58.31,217.8781339,7.716,13.187976327386455,37,2011-12-16
2107676.8703496503,2,50,12,2011,1,0,37.16,212.0685039,7.082,14.831761604623052,20,2011-12-16
1356755.3935664336,2,50,12,2011,1,0,36.0,136.5335161,8.454,14.301015561434328,24,2011-12-16
318011.8104895105,0,50,12,2011,1,0,54.42,219.7596266,6.3,12.846692349360133,5,2011-12-16
2003620.3062937064,2,50,12,2011,1,0,27.85,129.8980645,6.392,14.830867211642339,13,2011-12-16
1899424.5726573425,2,50,12,2011,1,0,50.53,129.8980645,7.874,14.753575376452565,10,2011-12-16
1450668.1291608391,2,50,12,2011,1,0,58.58,217.8781339,7.716,14.504561886964504,39,2011-12-16
1775216.2019580419,2,50,12,2011,1,0,40.68,140.4700795,7.906,14.606655603265393,27,2011-12-16
373511.9927972028,0,50,12,2011,1,0,58.31,217.8781339,7.716,12.74111736491702,36,2011-12-16
539451.4287412588,0,50,12,2011,1,0,39.11,136.5335161,9.357,13.51008080297033,29,2011-12-16
385731.6532867133,0,50,12,2011,1,0,43.29,129.8980645,12.89,12.9098749580176,38,2011-12-16
623312.474965035,0,50,12,2011,1,0,35.49,136.5335161,7.866,13.676727100216855,15,2011-12-16
785981.4085314686,1,50,12,2011,1,0,39.93,188.7979349,8.523,13.891458753011598,45,2011-12-16
706721.5326573426,1,50,12,2011,1,0,33.09,212.0685039,7.082,13.813010906436848,25,2011-12-16
1389864.4604895106,2,50,12,2011,1,0,32.99,136.5335161,4.42,14.591905550512857,23,2011-12-16
633324.7231468532,0,50,12,2011,1,0,43.78,210.7365392,10.148,13.407554469940116,43,2011-12-16
570617.3086713287,0,50,12,2011,1,0,15.2,195.9841685,8.513,13.487344197851746,7,2011-12-16
908749.5183916084,1,50,12,2011,1,0,39.79,222.6910959,6.123,13.927199453121412,8,2011-12-16
2020978.4009790209,2,50,12,2011,1,0,39.93,188.7979349,8.523,14.768851992528852,14,2011-12-16
1564728.1862937063,2,50,12,2011,1,0,53.27,220.7671856,6.551,14.525857255175636,6,2011-12-16
966781.5594405595,1,50,12,2011,1,0,32.31,129.8980645,10.148,13.956188480701304,34,2011-12-16
1356383.1244755245,2,50,12,2011,1,0,59.69,222.6426418,7.197,14.394318736619237,11,2011-12-16
2094712.9606993007,2,50,12,2011,1,0,36.44,129.8980645,5.143,14.834862505330449,4,2011-12-16
1268125.418811189,1,50,12,2011,1,0,25.01,195.9841685,6.759,14.33571366735081,41,2011-12-16
1444999.0356643356,2,50,12,2011,1,0,37.07,136.5335161,7.866,14.431873962675672,19,2011-12-16
893581.3904195804,1,50,12,2011,1,0,21.07,129.8980645,6.617,13.881068927629501,17,2011-12-16
543980.5523776223,0,50,12,2011,1,0,47.31,222.8825484,6.054,13.466745632891024,9,2011-12-16
1925751.3355244757,2,50,12,2011,1,0,50.13,218.8217928,7.441,14.70452773267416,2,2011-12-16
519247.7300699301,0,50,12,2011,1,0,22.5,195.9841685,6.232,13.429087346693764,16,2011-12-16
964128.0404895104,1,50,12,2011,1,0,29.53,136.5335161,4.42,13.996724159535793,40,2011-12-16
1002911.8446853146,1,50,12,2011,1,0,28.24,136.5335161,7.598,14.001831465018173,26,2011-12-16
1323522.241818182,1,50,12,2011,1,0,43.29,129.8980645,12.89,14.173153994762357,28,2011-12-16
1009001.6094405595,1,50,12,2011,1,0,43.29,129.8980645,12.89,14.072788972934807,12,2011-12-16
402704.44104895106,0,50,12,2011,1,0,57.95,222.6426418,7.197,13.143632810767262,3,2011-12-16
1028501.0389510489,1,50,12,2011,1,0,39.11,140.4700795,7.706,14.189247151640183,22,2011-12-16
1166568.154965035,1,50,12,2011,1,0,26.23,195.9841685,8.513,14.257641136602926,32,2011-12-16
556403.863146853,0,50,12,2011,1,0,50.53,129.8980645,7.874,13.302079843895195,42,2011-12-16
1555264.3975524476,2,50,12,2011,1,0,51.63,219.1794533,7.866,14.447408558899655,1,2011-12-16
438579.6162237762,0,51,12,2011,1,0,46.54,218.9995495,7.441,13.10628212439753,30,2011-12-23
570617.3086713287,0,51,12,2011,1,0,12.19,196.1713893,8.513,13.873511760446972,7,2011-12-23
402704.44104895106,0,51,12,2011,1,0,53.41,222.8258628,7.197,13.219893291774017,3,2011-12-23
2020978.4009790209,2,51,12,2011,1,0,42.27,188.9299752,8.523,15.030147296883495,14,2011-12-23
1925751.3355244757,2,51,12,2011,1,0,46.66,218.9995495,7.441,14.986248388402185,2,2011-12-23
633324.7231468532,0,51,12,2011,1,0,42.63,210.9052972,10.148,13.424379415951144,43,2011-12-23
706721.5326573426,1,51,12,2011,1,0,36.56,212.2360401,7.082,14.070566620924927,25,2011-12-23
519247.7300699301,0,51,12,2011,1,0,20.79,196.1713893,6.232,13.764946429249756,16,2011-12-23
543980.5523776223,0,51,12,2011,1,0,44.43,223.0661125,6.054,13.716050025348634,9,2011-12-23
756069.0833566433,1,51,12,2011,1,0,46.54,218.9995495,7.441,14.140888024611616,21,2011-12-23
2107676.8703496503,2,51,12,2011,1,0,40.19,212.2360401,7.082,15.0839702655331,20,2011-12-23
1775216.2019580419,2,51,12,2011,1,0,41.59,140.528765,7.906,14.823111023974095,27,2011-12-23
373511.9927972028,0,51,12,2011,1,0,55.41,218.0541851,7.716,12.69239077906959,36,2011-12-23
1166568.154965035,1,51,12,2011,1,0,25.97,196.1713893,8.513,14.488214165466182,32,2011-12-23
318011.8104895105,0,51,12,2011,1,0,50.33,219.9387246,6.3,13.035853489193633,5,2011-12-23
1084718.421048951,1,51,12,2011,1,0,35.78,136.5883871,8.471,14.448055141465238,18,2011-12-23
1002911.8446853146,1,51,12,2011,1,0,22.53,136.5883871,7.598,14.231042168395263,26,2011-12-23
1323522.241818182,1,51,12,2011,1,0,45.4,129.9845484,12.89,14.401186391072086,28,2011-12-23
1028501.0389510489,1,51,12,2011,1,0,39.83,140.528765,7.706,14.437804215670045,22,2011-12-23
1009001.6094405595,1,51,12,2011,1,0,45.4,129.9845484,12.89,14.296462182359324,12,2011-12-23
964128.0404895104,1,51,12,2011,1,0,24.46,136.5883871,4.42,14.286505383312809,40,2011-12-23
556403.863146853,0,51,12,2011,1,0,48.36,129.9845484,7.874,13.263302244323318,42,2011-12-23
893581.3904195804,1,51,12,2011,1,0,18.76,129.9845484,6.617,14.069499772479562,17,2011-12-23
385731.6532867133,0,51,12,2011,1,0,45.4,129.9845484,12.89,12.947339313024893,38,2011-12-23
623312.474965035,0,51,12,2011,1,0,34.93,136.5883871,7.866,13.98330448964236,15,2011-12-23
785981.4085314686,1,51,12,2011,1,0,42.27,188.9299752,8.523,14.23550887223129,45,2011-12-23
1389864.4604895106,2,51,12,2011,1,0,27.8,136.5883871,4.42,14.766378283751635,23,2011-12-23
908749.5183916084,1,51,12,2011,1,0,38.16,222.8743862,6.123,14.195490356881118,8,2011-12-23
1444999.0356643356,2,51,12,2011,1,0,36.09,136.5883871,7.866,14.723833821693006,19,2011-12-23
1564728.1862937063,2,51,12,2011,1,0,49.45,220.9477245,6.551,14.788043246971299,6,2011-12-23
966781.5594405595,1,51,12,2011,1,0,32.45,129.9845484,10.148,14.281541908145593,34,2011-12-23
1356383.1244755245,2,51,12,2011,1,0,54.29,222.8258628,7.197,14.61009434069312,11,2011-12-23
2094712.9606993007,2,51,12,2011,1,0,35.92,129.9845484,5.143,15.117441844970047,4,2011-12-23
539451.4287412588,0,51,12,2011,1,0,39.83,136.5883871,9.357,13.832012046413938,29,2011-12-23
919724.9795804196,1,51,12,2011,1,0,41.59,140.528765,8.745,14.253904201854986,35,2011-12-23
1555264.3975524476,2,51,12,2011,1,0,47.96,219.3577216,7.866,14.635374081990511,1,2011-12-23
302748.86601398606,0,51,12,2011,1,0,24.76,129.9845484,6.078,12.837968934770371,44,2011-12-23
259861.69202797202,0,51,12,2011,1,0,53.39,129.9845484,8.01,12.453854915299566,33,2011-12-23
1356755.3935664336,2,51,12,2011,1,0,36.93,136.5883871,8.454,14.58947486779439,24,2011-12-23
1450668.1291608391,2,51,12,2011,1,0,54.62,218.0541851,7.716,14.75336074164177,39,2011-12-23
2003620.3062937064,2,51,12,2011,1,0,24.76,129.9845484,6.392,15.084362552580956,13,2011-12-23
1268125.418811189,1,51,12,2011,1,0,25.59,196.1713893,6.759,14.632521661386603,41,2011-12-23
518900.2819580419,0,51,12,2011,1,0,55.41,218.0541851,7.716,13.314292731145887,37,2011-12-23
1899424.5726573425,2,51,12,2011,1,0,48.36,129.9845484,7.874,15.06483559210131,10,2011-12-23
1395901.437062937,2,51,12,2011,1,0,46.54,218.9995495,7.441,14.52166139333493,31,2011-12-23
966781.5594405595,1,52,12,2011,1,1,28.84,130.0710323,10.148,13.780415218144924,34,2011-12-30
1356383.1244755245,2,52,12,2011,1,1,48.86,223.0090839,7.197,14.117158558746974,11,2011-12-30
1450668.1291608391,2,52,12,2011,1,1,47.6,218.2302364,7.716,14.24543446921769,39,2011-12-30
1564728.1862937063,2,52,12,2011,1,1,46.8,221.1282634,6.551,14.284314417774407,6,2011-12-30
302748.86601398606,0,52,12,2011,1,1,31.53,130.0710323,6.078,12.483396948511945,44,2011-12-30
633324.7231468532,0,52,12,2011,1,1,41.83,211.0740553,10.148,13.133119027465275,43,2011-12-30
706721.5326573426,1,52,12,2011,1,1,32.42,212.4035763,7.082,13.435225314451648,25,2011-12-30
1389864.4604895106,2,52,12,2011,1,1,22.3,136.6432581,4.42,14.009009374144814,23,2011-12-30
785981.4085314686,1,52,12,2011,1,1,37.79,189.0620155,8.523,13.675563923034495,45,2011-12-30
1356755.3935664336,2,52,12,2011,1,1,33.45,136.6432581,8.454,14.125913172924575,24,2011-12-30
2003620.3062937064,2,52,12,2011,1,1,31.53,130.0710323,6.392,14.493065768057233,13,2011-12-30
1899424.5726573425,2,52,12,2011,1,1,48.92,130.0710323,7.874,14.473388719532528,10,2011-12-30
1925751.3355244757,2,52,12,2011,1,1,44.57,219.1773063,7.441,14.443707143162392,2,2011-12-30
919724.9795804196,1,52,12,2011,1,1,37.85,140.5874505,8.745,13.715305120915586,35,2011-12-30
570617.3086713287,0,52,12,2011,1,1,15.56,196.3586101,8.513,13.612067324791273,7,2011-12-30
318011.8104895105,0,52,12,2011,1,1,45.62,220.1178226,6.3,12.764618947483575,5,2011-12-30
1323522.241818182,1,52,12,2011,1,1,44.64,130.0710323,12.89,14.054557009179248,28,2011-12-30
259861.69202797202,0,52,12,2011,1,1,51.6,130.0710323,8.01,12.280067300549465,33,2011-12-30
1028501.0389510489,1,52,12,2011,1,1,36.28,140.5874505,7.706,13.798020637099755,22,2011-12-30
1555264.3975524476,2,52,12,2011,1,1,44.55,219.5359898,7.866,14.219283381633186,1,2011-12-30
1084718.421048951,1,52,12,2011,1,1,32.36,136.6432581,8.471,13.826018644134113,18,2011-12-30
373511.9927972028,0,52,12,2011,1,1,48.26,218.2302364,7.716,12.568721480198477,36,2011-12-30
543980.5523776223,0,52,12,2011,1,1,43.41,223.2496766,6.054,13.217290502034205,9,2011-12-30
1166568.154965035,1,52,12,2011,1,1,32.99,196.3586101,8.513,13.91297174088361,32,2011-12-30
1009001.6094405595,1,52,12,2011,1,1,44.64,130.0710323,12.89,13.92134612376791,12,2011-12-30
964128.0404895104,1,52,12,2011,1,1,18.75,136.6432581,4.42,13.719939909240866,40,2011-12-30
519247.7300699301,0,52,12,2011,1,1,23.91,196.3586101,6.232,13.408837810953697,16,2011-12-30
539451.4287412588,0,52,12,2011,1,1,36.28,136.6432581,9.357,13.22083954019133,29,2011-12-30
756069.0833566433,1,52,12,2011,1,1,45.16,219.1773063,7.441,13.597806386365354,21,2011-12-30
893581.3904195804,1,52,12,2011,1,1,26.73,130.0710323,6.617,13.56346367579021,17,2011-12-30
1268125.418811189,1,52,12,2011,1,1,34.12,196.3586101,6.759,14.049803847287903,41,2011-12-30
2094712.9606993007,2,52,12,2011,1,1,36.89,130.0710323,5.143,14.512204870008317,4,2011-12-30
908749.5183916084,1,52,12,2011,1,1,36.33,223.0576765,6.123,13.663027243976362,8,2011-12-30
438579.6162237762,0,52,12,2011,1,1,45.16,219.1773063,7.441,12.839412627904439,30,2011-12-30
2107676.8703496503,2,52,12,2011,1,1,36.35,212.4035763,7.082,14.530050277710975,20,2011-12-30
385731.6532867133,0,52,12,2011,1,1,44.64,130.0710323,12.89,12.744518348768434,38,2011-12-30
518900.2819580419,0,52,12,2011,1,1,48.26,218.2302364,7.716,13.01995097844345,37,2011-12-30
1775216.2019580419,2,52,12,2011,1,1,37.85,140.5874505,7.906,14.316652808840649,27,2011-12-30
1395901.437062937,2,52,12,2011,1,1,45.16,219.1773063,7.441,14.119612299308601,31,2011-12-30
1002911.8446853146,1,52,12,2011,1,1,18.8,136.6432581,7.598,13.78797019989304,26,2011-12-30
556403.863146853,0,52,12,2011,1,1,48.92,130.0710323,7.874,13.026762371314138,42,2011-12-30
2020978.4009790209,2,52,12,2011,1,1,37.79,189.0620155,8.523,14.46478416036347,14,2011-12-30
402704.44104895106,0,52,12,2011,1,1,48.29,223.0090839,7.197,12.925264889560019,3,2011-12-30
623312.474965035,0,52,12,2011,1,1,31.44,136.6432581,7.866,13.310438003513651,15,2011-12-30
1444999.0356643356,2,52,12,2011,1,1,31.65,136.6432581,7.866,14.155668180913358,19,2011-12-30
1084718.421048951,1,1,1,2012,0,0,31.27,136.698129,8.075,13.79253571591095,18,2012-01-06
964128.0404895104,1,1,1,2012,0,0,23.29,136.698129,4.261,13.76902449032457,40,2012-01-06
518900.2819580419,0,1,1,2012,0,0,57.18,218.4062876,7.244,13.232731559743815,37,2012-01-06
1009001.6094405595,1,1,1,2012,0,0,50.43,130.1575161,12.187,13.759812471444803,12,2012-01-06
1389864.4604895106,2,1,1,2012,0,0,24.29,136.698129,4.261,13.95584933393894,23,2012-01-06
543980.5523776223,0,1,1,2012,0,0,47.54,223.4332408,5.667,13.160788909100003,9,2012-01-06
556403.863146853,0,1,1,2012,0,0,59.85,130.1575161,7.545,13.363540729818524,42,2012-01-06
623312.474965035,0,1,1,2012,0,0,30.24,136.698129,7.943,13.154033832032951,15,2012-01-06
2003620.3062937064,2,1,1,2012,0,0,33.8,130.1575161,6.104,14.439175700986489,13,2012-01-06
1166568.154965035,1,1,1,2012,0,0,36.75,196.5458309,8.256,13.910764599829259,32,2012-01-06
1450668.1291608391,2,1,1,2012,0,0,55.83,218.4062876,7.244,14.206564948668637,39,2012-01-06
1564728.1862937063,2,1,1,2012,0,0,50.82,221.3088023,6.132,14.14864917997585,6,2012-01-06
385731.6532867133,0,1,1,2012,0,0,50.43,130.1575161,12.187,13.078378469476268,38,2012-01-06
893581.3904195804,1,1,1,2012,0,0,27.64,130.1575161,6.403,13.996251883516921,17,2012-01-06
373511.9927972028,0,1,1,2012,0,0,57.18,218.4062876,7.244,12.705237000222583,36,2012-01-06
756069.0833566433,1,1,1,2012,0,0,48.1,219.355063,7.057,13.369509133276026,21,2012-01-06
2107676.8703496503,2,1,1,2012,0,0,33.42,212.5711125,6.961,14.4908516162848,20,2012-01-06
1775216.2019580419,2,1,1,2012,0,0,35.8,140.6461359,8.009,14.24422880409184,27,2012-01-06
570617.3086713287,0,1,1,2012,0,0,18.67,196.5458309,8.256,13.47740310911198,7,2012-01-06
402704.44104895106,0,1,1,2012,0,0,52.42,223.1923049,6.833,12.894657459304495,3,2012-01-06
785981.4085314686,1,1,1,2012,0,0,35.88,189.1940558,8.424,13.478753150685774,45,2012-01-06
318011.8104895105,0,1,1,2012,0,0,50.21,220.2969205,5.943,12.651013914931196,5,2012-01-06
438579.6162237762,0,1,1,2012,0,0,48.1,219.355063,7.057,13.032508382982432,30,2012-01-06
1925751.3355244757,2,1,1,2012,0,0,46.75,219.355063,7.057,14.403031154139915,2,2012-01-06
2094712.9606993007,2,1,1,2012,0,0,38.64,130.1575161,4.607,14.532260523321618,4,2012-01-06
706721.5326573426,1,1,1,2012,0,0,30.23,212.5711125,6.961,13.36361419028228,25,2012-01-06
1323522.241818182,1,1,1,2012,0,0,50.43,130.1575161,12.187,14.198080268689552,28,2012-01-06
539451.4287412588,0,1,1,2012,0,0,34.61,136.698129,8.988,13.06000881635551,29,2012-01-06
259861.69202797202,0,1,1,2012,0,0,60.92,130.1575161,7.603,12.495225186313277,33,2012-01-06
1555264.3975524476,2,1,1,2012,0,0,49.01,219.7142581,7.348,14.254004763492786,1,2012-01-06
1268125.418811189,1,1,1,2012,0,0,37.21,196.5458309,6.589,14.004636090131076,41,2012-01-06
908749.5183916084,1,1,1,2012,0,0,43.47,223.2409668,5.825,13.67867569201809,8,2012-01-06
1002911.8446853146,1,1,1,2012,0,0,22.94,136.698129,7.467,13.786656885660172,26,2012-01-06
1356755.3935664336,2,1,1,2012,0,0,32.86,136.698129,8.659,14.039919620181664,24,2012-01-06
633324.7231468532,0,1,1,2012,0,0,47.59,211.2428134,9.653,13.416515488939309,43,2012-01-06
1356383.1244755245,2,1,1,2012,0,0,54.44,223.1923049,6.833,14.065402402630541,11,2012-01-06
2020978.4009790209,2,1,1,2012,0,0,35.88,189.1940558,8.424,14.435627778952236,14,2012-01-06
1395901.437062937,2,1,1,2012,0,0,48.1,219.355063,7.057,14.152863492371603,31,2012-01-06
1899424.5726573425,2,1,1,2012,0,0,59.85,130.1575161,7.545,14.336327767177995,10,2012-01-06
1028501.0389510489,1,1,1,2012,0,0,34.61,140.6461359,7.503,13.704980257523445,22,2012-01-06
302748.86601398606,0,1,1,2012,0,0,33.8,130.1575161,5.774,12.692592041799458,44,2012-01-06
919724.9795804196,1,1,1,2012,0,0,35.8,140.6461359,8.744,13.417580623990544,35,2012-01-06
1444999.0356643356,2,1,1,2012,0,0,31.84,136.698129,7.943,14.051824122673736,19,2012-01-06
519247.7300699301,0,1,1,2012,0,0,26.49,196.5458309,6.162,13.243764871868597,16,2012-01-06
966781.5594405595,1,1,1,2012,0,0,36.39,130.1575161,9.653,13.768257354565291,34,2012-01-06
1899424.5726573425,2,2,1,2012,0,0,51.0,130.244,7.545,14.352917972601512,10,2012-01-13
2107676.8703496503,2,2,1,2012,0,0,37.79,212.7386486,6.961,14.463404921558604,20,2012-01-13
570617.3086713287,0,2,1,2012,0,0,7.46,196.7330517,8.256,13.294426596916004,7,2012-01-13
1002911.8446853146,1,2,1,2012,0,0,25.55,136.753,7.467,13.63675063102998,26,2012-01-13
318011.8104895105,0,2,1,2012,0,0,48.86,220.4760185,5.943,12.58264268307818,5,2012-01-13
259861.69202797202,0,2,1,2012,0,0,54.61,130.244,7.603,12.540572295022878,33,2012-01-13
919724.9795804196,1,2,1,2012,0,0,41.3,140.7048214,8.744,13.345724681008788,35,2012-01-13
756069.0833566433,1,2,1,2012,0,0,45.0,219.5328198,7.057,13.355349927079107,21,2012-01-13
1450668.1291608391,2,2,1,2012,0,0,54.66,218.5823389,7.244,14.129683408264642,39,2012-01-13
1323522.241818182,1,2,1,2012,0,0,48.07,130.244,12.187,13.964957010243301,28,2012-01-13
385731.6532867133,0,2,1,2012,0,0,48.07,130.244,12.187,12.955746226362672,38,2012-01-13
539451.4287412588,0,2,1,2012,0,0,39.0,136.753,8.988,13.005284176498145,29,2012-01-13
1084718.421048951,1,2,1,2012,0,0,35.25,136.753,8.075,13.699124202745521,18,2012-01-13
438579.6162237762,0,2,1,2012,0,0,45.0,219.5328198,7.057,13.010369599112362,30,2012-01-13
908749.5183916084,1,2,1,2012,0,0,36.46,223.4242571,5.825,13.614205256738028,8,2012-01-13
556403.863146853,0,2,1,2012,0,0,51.0,130.244,7.545,13.406563193834188,42,2012-01-13
1356755.3935664336,2,2,1,2012,0,0,36.5,136.753,8.659,13.960126093879193,24,2012-01-13
518900.2819580419,0,2,1,2012,0,0,56.28,218.5823389,7.244,13.21078149779965,37,2012-01-13
964128.0404895104,1,2,1,2012,0,0,25.9,136.753,4.261,13.567829048350102,40,2012-01-13
1028501.0389510489,1,2,1,2012,0,0,39.0,140.7048214,7.503,13.659369563774789,22,2012-01-13
2003620.3062937064,2,2,1,2012,0,0,25.61,130.244,6.104,14.400495323431945,13,2012-01-13
302748.86601398606,0,2,1,2012,0,0,25.61,130.244,5.774,12.651920867864725,44,2012-01-13
1009001.6094405595,1,2,1,2012,0,0,48.07,130.244,12.187,13.671026673748361,12,2012-01-13
1555264.3975524476,2,2,1,2012,0,0,48.53,219.8925263,7.348,14.193674470252011,1,2012-01-13
1395901.437062937,2,2,1,2012,0,0,45.0,219.5328198,7.057,14.135770743733396,31,2012-01-13
1268125.418811189,1,2,1,2012,0,0,27.49,196.7330517,6.589,13.94193902946413,41,2012-01-13
1925751.3355244757,2,2,1,2012,0,0,45.99,219.5328198,7.057,14.372108356347212,2,2012-01-13
2094712.9606993007,2,2,1,2012,0,0,34.41,130.244,4.607,14.479062904783548,4,2012-01-13
1564728.1862937063,2,2,1,2012,0,0,48.33,221.4893412,6.132,14.111342457671633,6,2012-01-13
1356383.1244755245,2,2,1,2012,0,0,53.1,223.3755259,6.833,14.05037521989019,11,2012-01-13
1389864.4604895106,2,2,1,2012,0,0,28.49,136.753,4.261,13.846478415564576,23,2012-01-13
623312.474965035,0,2,1,2012,0,0,36.26,136.753,7.943,13.026258605995693,15,2012-01-13
966781.5594405595,1,2,1,2012,0,0,33.99,130.244,9.653,13.725318987698115,34,2012-01-13
785981.4085314686,1,2,1,2012,0,0,41.18,189.3260962,8.424,13.424859966008736,45,2012-01-13
893581.3904195804,1,2,1,2012,0,0,20.28,130.244,6.403,13.680352654716794,17,2012-01-13
2020978.4009790209,2,2,1,2012,0,0,41.18,189.3260962,8.424,14.343930059770033,14,2012-01-13
1444999.0356643356,2,2,1,2012,0,0,37.08,136.753,7.943,13.982887413608205,19,2012-01-13
519247.7300699301,0,2,1,2012,0,0,19.55,196.7330517,6.162,13.139261968536944,16,2012-01-13
1775216.2019580419,2,2,1,2012,0,0,41.3,140.7048214,8.009,14.215896207437149,27,2012-01-13
402704.44104895106,0,2,1,2012,0,0,51.86,223.3755259,6.833,12.814314284816689,3,2012-01-13
543980.5523776223,0,2,1,2012,0,0,42.44,223.6168049,5.667,13.070997659341616,9,2012-01-13
1166568.154965035,1,2,1,2012,0,0,28.99,196.7330517,8.256,13.884662819414638,32,2012-01-13
706721.5326573426,1,2,1,2012,0,0,34.6,212.7386486,6.961,13.328995864201024,25,2012-01-13
373511.9927972028,0,2,1,2012,0,0,56.28,218.5823389,7.244,12.694583148730514,36,2012-01-13
633324.7231468532,0,2,1,2012,0,0,43.68,211.4115714,9.653,13.405330311040087,43,2012-01-13
2003620.3062937064,2,3,1,2012,0,0,32.71,130.2792258,6.104,14.40972497056354,13,2012-01-20
2094712.9606993007,2,3,1,2012,0,0,42.09,130.2792258,4.607,14.511203874367583,4,2012-01-20
556403.863146853,0,3,1,2012,0,0,54.51,130.2792258,7.545,13.269922546592408,42,2012-01-20
893581.3904195804,1,3,1,2012,0,0,27.26,130.2792258,6.403,13.603892395952132,17,2012-01-20
1395901.437062937,2,3,1,2012,0,0,52.21,219.6258417,7.057,14.132148751081537,31,2012-01-20
539451.4287412588,0,3,1,2012,0,0,29.16,136.8564194,8.988,13.01001027046596,29,2012-01-20
1166568.154965035,1,3,1,2012,0,0,36.86,196.7796652,8.256,13.892483673101585,32,2012-01-20
623312.474965035,0,3,1,2012,0,0,21.39,136.8564194,7.943,13.107702124562413,15,2012-01-20
966781.5594405595,1,3,1,2012,0,0,39.28,130.2792258,9.653,13.722188455623668,34,2012-01-20
1450668.1291608391,2,3,1,2012,0,0,58.04,218.6755292,7.244,14.148291726682086,39,2012-01-20
964128.0404895104,1,3,1,2012,0,0,14.02,136.8564194,4.261,13.606475043638046,40,2012-01-20
1564728.1862937063,2,3,1,2012,0,0,55.37,221.5831306,6.132,14.097871020735457,6,2012-01-20
519247.7300699301,0,3,1,2012,0,0,29.3,196.7796652,6.162,13.069786628161898,16,2012-01-20
908749.5183916084,1,3,1,2012,0,0,46.81,223.5188055,5.825,13.609661368327451,8,2012-01-20
1444999.0356643356,2,3,1,2012,0,0,23.44,136.8564194,7.943,14.028285120640374,19,2012-01-20
302748.86601398606,0,3,1,2012,0,0,32.71,130.2792258,5.774,12.666497387116676,44,2012-01-20
1555264.3975524476,2,3,1,2012,0,0,54.11,219.9856893,7.348,14.14797107266475,1,2012-01-20
706721.5326573426,1,3,1,2012,0,0,23.87,212.8336399,6.961,13.295889517674745,25,2012-01-20
1356755.3935664336,2,3,1,2012,0,0,25.73,136.8564194,8.659,13.95700564974187,24,2012-01-20
1009001.6094405595,1,3,1,2012,0,0,46.2,130.2792258,12.187,13.659936445537346,12,2012-01-20
1323522.241818182,1,3,1,2012,0,0,46.2,130.2792258,12.187,13.937322338430132,28,2012-01-20
518900.2819580419,0,3,1,2012,0,0,58.9,218.6755292,7.244,13.206511621203765,37,2012-01-20
1925751.3355244757,2,3,1,2012,0,0,51.7,219.6258417,7.057,14.353038545125195,2,2012-01-20
785981.4085314686,1,3,1,2012,0,0,31.85,189.4214733,8.424,13.459397184886534,45,2012-01-20
385731.6532867133,0,3,1,2012,0,0,46.2,130.2792258,12.187,12.912177782963678,38,2012-01-20
756069.0833566433,1,3,1,2012,0,0,52.21,219.6258417,7.057,13.3865401521284,21,2012-01-20
1775216.2019580419,2,3,1,2012,0,0,30.35,140.8086118,8.009,14.24867646497716,27,2012-01-20
1028501.0389510489,1,3,1,2012,0,0,29.16,140.8086118,7.503,13.706842846223937,22,2012-01-20
2107676.8703496503,2,3,1,2012,0,0,27.65,212.8336399,6.961,14.453555589122747,20,2012-01-20
919724.9795804196,1,3,1,2012,0,0,30.35,140.8086118,8.744,13.414810638290326,35,2012-01-20
1899424.5726573425,2,3,1,2012,0,0,54.51,130.2792258,7.545,14.331660347174125,10,2012-01-20
1356383.1244755245,2,3,1,2012,0,0,56.43,223.4700552,6.833,14.003900572697749,11,2012-01-20
570617.3086713287,0,3,1,2012,0,0,27.41,196.7796652,8.256,13.267335808531985,7,2012-01-20
2020978.4009790209,2,3,1,2012,0,0,31.85,189.4214733,8.424,14.397231262070251,14,2012-01-20
402704.44104895106,0,3,1,2012,0,0,56.2,223.4700552,6.833,12.809895622031268,3,2012-01-20
318011.8104895105,0,3,1,2012,0,0,54.65,220.5694104,5.943,12.569065022401611,5,2012-01-20
633324.7231468532,0,3,1,2012,0,0,52.72,211.4997811,9.653,13.33622663973717,43,2012-01-20
1084718.421048951,1,3,1,2012,0,0,24.2,136.8564194,8.075,13.750997391171946,18,2012-01-20
1002911.8446853146,1,3,1,2012,0,0,15.22,136.8564194,7.467,13.639670947889519,26,2012-01-20
543980.5523776223,0,3,1,2012,0,0,51.56,223.7114288,5.667,13.081814345626354,9,2012-01-20
438579.6162237762,0,3,1,2012,0,0,52.21,219.6258417,7.057,12.991711537741994,30,2012-01-20
1268125.418811189,1,3,1,2012,0,0,31.56,196.7796652,6.589,13.925526834726973,41,2012-01-20
259861.69202797202,0,3,1,2012,0,0,55.99,130.2792258,7.603,12.408606059599787,33,2012-01-20
1389864.4604895106,2,3,1,2012,0,0,15.33,136.8564194,4.261,13.952654406555645,23,2012-01-20
373511.9927972028,0,3,1,2012,0,0,58.9,218.6755292,7.244,12.709656742618026,36,2012-01-20
1268125.418811189,1,4,1,2012,0,0,33.15,196.8262786,6.589,13.891915713142946,41,2012-01-27
706721.5326573426,1,4,1,2012,0,0,32.24,212.9286312,6.961,13.28712378591003,25,2012-01-27
2020978.4009790209,2,4,1,2012,0,0,37.93,189.5168505,8.424,14.282612023754632,14,2012-01-27
633324.7231468532,0,4,1,2012,0,0,52.1,211.5879908,9.653,13.283948717242865,43,2012-01-27
570617.3086713287,0,4,1,2012,0,0,26.9,196.8262786,8.256,13.201246606989022,7,2012-01-27
1564728.1862937063,2,4,1,2012,0,0,53.95,221.6769199,6.132,14.089812256134017,6,2012-01-27
1899424.5726573425,2,4,1,2012,0,0,53.59,130.3144516,7.545,14.305566170669259,10,2012-01-27
1323522.241818182,1,4,1,2012,0,0,50.43,130.3144516,12.187,13.940334949430826,28,2012-01-27
1356383.1244755245,2,4,1,2012,0,0,58.36,223.5645845,6.833,13.96623553390546,11,2012-01-27
539451.4287412588,0,4,1,2012,0,0,35.68,136.9598387,8.988,12.889139792825956,29,2012-01-27
966781.5594405595,1,4,1,2012,0,0,39.81,130.3144516,9.653,13.679062195115705,34,2012-01-27
2094712.9606993007,2,4,1,2012,0,0,40.31,130.3144516,4.607,14.472367911325525,4,2012-01-27
1395901.437062937,2,4,1,2012,0,0,50.79,219.7188636,7.057,14.04657662709198,31,2012-01-27
259861.69202797202,0,4,1,2012,0,0,56.33,130.3144516,7.603,12.37548409941384,33,2012-01-27
1002911.8446853146,1,4,1,2012,0,0,24.16,136.9598387,7.467,13.61713387258115,26,2012-01-27
1356755.3935664336,2,4,1,2012,0,0,31.92,136.9598387,8.659,13.87122092221963,24,2012-01-27
919724.9795804196,1,4,1,2012,0,0,36.96,140.9124021,8.744,13.285712744992924,35,2012-01-27
1444999.0356643356,2,4,1,2012,0,0,32.41,136.9598387,7.943,14.062077045927483,19,2012-01-27
1166568.154965035,1,4,1,2012,0,0,36.67,196.8262786,8.256,13.866075907464223,32,2012-01-27
623312.474965035,0,4,1,2012,0,0,30.87,136.9598387,7.943,13.05204097247936,15,2012-01-27
1775216.2019580419,2,4,1,2012,0,0,36.96,140.9124021,8.009,14.049424586887655,27,2012-01-27
438579.6162237762,0,4,1,2012,0,0,50.79,219.7188636,7.057,12.978582287063707,30,2012-01-27
543980.5523776223,0,4,1,2012,0,0,49.38,223.8060527,5.667,13.086637148223613,9,2012-01-27
1084718.421048951,1,4,1,2012,0,0,30.44,136.9598387,8.075,13.623847771417408,18,2012-01-27
518900.2819580419,0,4,1,2012,0,0,62.73,218.7687195,7.244,13.150207273140712,37,2012-01-27
1389864.4604895106,2,4,1,2012,0,0,25.71,136.9598387,4.261,13.852302728439676,23,2012-01-27
785981.4085314686,1,4,1,2012,0,0,37.93,189.5168505,8.424,13.34403807448014,45,2012-01-27
1925751.3355244757,2,4,1,2012,0,0,50.5,219.7188636,7.057,14.322874480951954,2,2012-01-27
373511.9927972028,0,4,1,2012,0,0,62.73,218.7687195,7.244,12.616345975589999,36,2012-01-27
756069.0833566433,1,4,1,2012,0,0,50.79,219.7188636,7.057,13.323277205125619,21,2012-01-27
2107676.8703496503,2,4,1,2012,0,0,37.19,212.9286312,6.961,14.381402330642993,20,2012-01-27
402704.44104895106,0,4,1,2012,0,0,58.06,223.5645845,6.833,12.764313488662058,3,2012-01-27
385731.6532867133,0,4,1,2012,0,0,50.43,130.3144516,12.187,12.930920289647672,38,2012-01-27
556403.863146853,0,4,1,2012,0,0,53.59,130.3144516,7.545,13.197433131183503,42,2012-01-27
2003620.3062937064,2,4,1,2012,0,0,34.32,130.3144516,6.104,14.365932260963346,13,2012-01-27
1028501.0389510489,1,4,1,2012,0,0,35.68,140.9124021,7.503,13.575297434404138,22,2012-01-27
1009001.6094405595,1,4,1,2012,0,0,50.43,130.3144516,12.187,13.696957502168463,12,2012-01-27
519247.7300699301,0,4,1,2012,0,0,28.17,196.8262786,6.162,13.025808841710246,16,2012-01-27
1450668.1291608391,2,4,1,2012,0,0,60.65,218.7687195,7.244,14.093371518288787,39,2012-01-27
1555264.3975524476,2,4,1,2012,0,0,54.26,220.0788523,7.348,14.09263200529622,1,2012-01-27
964128.0404895104,1,4,1,2012,0,0,22.91,136.9598387,4.261,13.554351344131527,40,2012-01-27
318011.8104895105,0,4,1,2012,0,0,54.63,220.6628023,5.943,12.598031013585583,5,2012-01-27
302748.86601398606,0,4,1,2012,0,0,34.32,130.3144516,5.774,12.638816871995381,44,2012-01-27
893581.3904195804,1,4,1,2012,0,0,29.99,130.3144516,6.403,13.553526550190043,17,2012-01-27
908749.5183916084,1,4,1,2012,0,0,45.52,223.6133539,5.825,13.56471253489467,8,2012-01-27
966781.5594405595,1,5,2,2012,0,0,38.64,130.3496774,9.653,13.752962736734833,34,2012-02-03
1028501.0389510489,1,5,2,2012,0,0,40.58,141.0161924,7.503,13.773113104309754,22,2012-02-03
1356383.1244755245,2,5,2,2012,0,0,60.24,223.6591137,6.833,14.13522398987196,11,2012-02-03
1555264.3975524476,2,5,2,2012,0,0,56.55,220.1720153,7.348,14.307972995741183,1,2012-02-03
570617.3086713287,0,5,2,2012,0,0,22.2,196.8728921,8.256,13.271566386239995,7,2012-02-03
1002911.8446853146,1,5,2,2012,0,0,25.24,137.0632581,7.467,13.752740339124905,26,2012-02-03
1323522.241818182,1,5,2,2012,0,0,50.58,130.3496774,12.187,14.24182378586651,28,2012-02-03
1389864.4604895106,2,5,2,2012,0,0,29.71,137.0632581,4.261,14.04810821406156,23,2012-02-03
385731.6532867133,0,5,2,2012,0,0,50.58,130.3496774,12.187,13.033996929994064,38,2012-02-03
964128.0404895104,1,5,2,2012,0,0,27.86,137.0632581,4.261,13.794851971239323,40,2012-02-03
1009001.6094405595,1,5,2,2012,0,0,50.58,130.3496774,12.187,13.872617423253397,12,2012-02-03
623312.474965035,0,5,2,2012,0,0,35.3,137.0632581,7.943,13.168927522974572,15,2012-02-03
1444999.0356643356,2,5,2,2012,0,0,36.22,137.0632581,7.943,14.112136997536538,19,2012-02-03
893581.3904195804,1,5,2,2012,0,0,26.26,130.3496774,6.403,13.670315812101174,17,2012-02-03
556403.863146853,0,5,2,2012,0,0,56.85,130.3496774,7.545,13.285245897794923,42,2012-02-03
785981.4085314686,1,5,2,2012,0,0,42.96,189.6122277,8.424,13.537556943568894,45,2012-02-03
318011.8104895105,0,5,2,2012,0,0,57.35,220.7561941,5.943,12.71874356568905,5,2012-02-03
1564728.1862937063,2,5,2,2012,0,0,57.45,221.7707093,6.132,14.218510483338148,6,2012-02-03
2003620.3062937064,2,5,2,2012,0,0,31.39,130.3496774,6.104,14.471880542350222,13,2012-02-03
1166568.154965035,1,5,2,2012,0,0,35.89,196.8728921,8.256,13.961191738337567,32,2012-02-03
2020978.4009790209,2,5,2,2012,0,0,42.96,189.6122277,8.424,14.445404449788208,14,2012-02-03
518900.2819580419,0,5,2,2012,0,0,61.33,218.8619099,7.244,13.227489297546779,37,2012-02-03
1356755.3935664336,2,5,2,2012,0,0,38.61,137.0632581,8.659,14.038412456082701,24,2012-02-03
706721.5326573426,1,5,2,2012,0,0,34.98,213.0236225,6.961,13.373553753546641,25,2012-02-03
2094712.9606993007,2,5,2,2012,0,0,41.81,130.3496774,4.607,14.591791775419841,4,2012-02-03
302748.86601398606,0,5,2,2012,0,0,31.39,130.3496774,5.774,12.694612935633447,44,2012-02-03
919724.9795804196,1,5,2,2012,0,0,42.52,141.0161924,8.744,13.52368930424212,35,2012-02-03
908749.5183916084,1,5,2,2012,0,0,45.56,223.7079023,5.825,13.740368486698937,8,2012-02-03
438579.6162237762,0,5,2,2012,0,0,55.83,219.8118854,7.057,12.980988136362425,30,2012-02-03
1084718.421048951,1,5,2,2012,0,0,37.62,137.0632581,8.075,13.864084546388462,18,2012-02-03
539451.4287412588,0,5,2,2012,0,0,40.58,137.0632581,8.988,13.108589653691054,29,2012-02-03
543980.5523776223,0,5,2,2012,0,0,54.43,223.9006766,5.667,13.217616991972507,9,2012-02-03
259861.69202797202,0,5,2,2012,0,0,59.53,130.3496774,7.603,12.453293283452133,33,2012-02-03
1395901.437062937,2,5,2,2012,0,0,55.83,219.8118854,7.057,14.145879140845711,31,2012-02-03
2107676.8703496503,2,5,2,2012,0,0,39.93,213.0236225,6.961,14.605568545731668,20,2012-02-03
402704.44104895106,0,5,2,2012,0,0,59.33,223.6591137,6.833,12.959754232072521,3,2012-02-03
1268125.418811189,1,5,2,2012,0,0,31.65,196.8728921,6.589,14.00516069499306,41,2012-02-03
373511.9927972028,0,5,2,2012,0,0,61.33,218.8619099,7.244,12.64749632486457,36,2012-02-03
1899424.5726573425,2,5,2,2012,0,0,56.85,130.3496774,7.545,14.440059794400332,10,2012-02-03
756069.0833566433,1,5,2,2012,0,0,55.83,219.8118854,7.057,13.430915786359659,21,2012-02-03
1450668.1291608391,2,5,2,2012,0,0,60.69,218.8619099,7.244,14.149229830082255,39,2012-02-03
1775216.2019580419,2,5,2,2012,0,0,42.52,141.0161924,8.009,14.26291512879247,27,2012-02-03
519247.7300699301,0,5,2,2012,0,0,25.53,196.8728921,6.162,13.072975844845924,16,2012-02-03
1925751.3355244757,2,5,2,2012,0,0,55.21,219.8118854,7.057,14.475773396901134,2,2012-02-03
633324.7231468532,0,5,2,2012,0,0,51.92,211.6762005,9.653,13.352169023601048,43,2012-02-03
1450668.1291608391,2,6,2,2012,0,1,52.89,218.9551002,7.244,14.182227519641913,39,2012-02-10
1775216.2019580419,2,6,2,2012,0,1,37.86,141.1199827,8.009,14.317258917743281,27,2012-02-10
964128.0404895104,1,6,2,2012,0,1,23.92,137.1666774,4.261,13.815297015165633,40,2012-02-10
1166568.154965035,1,6,2,2012,0,1,23.34,196.9195056,8.256,13.93721820225945,32,2012-02-10
1009001.6094405595,1,6,2,2012,0,1,52.27,130.3849032,12.187,13.997275168025519,12,2012-02-10
623312.474965035,0,6,2,2012,0,1,31.91,137.1666774,7.943,13.350644460970454,15,2012-02-10
919724.9795804196,1,6,2,2012,0,1,37.86,141.1199827,8.744,13.652732936185007,35,2012-02-10
556403.863146853,0,6,2,2012,0,1,55.73,130.3849032,7.545,13.42235011105774,42,2012-02-10
518900.2819580419,0,6,2,2012,0,1,54.49,218.9551002,7.244,13.175036393537933,37,2012-02-10
2003620.3062937064,2,6,2,2012,0,1,33.73,130.3849032,6.104,14.542713970402968,13,2012-02-10
438579.6162237762,0,6,2,2012,0,1,46.52,219.9049073,7.057,13.020036012645507,30,2012-02-10
385731.6532867133,0,6,2,2012,0,1,52.27,130.3849032,12.187,13.06003761697173,38,2012-02-10
1084718.421048951,1,6,2,2012,0,1,32.83,137.1666774,8.075,13.965323136105933,18,2012-02-10
1389864.4604895106,2,6,2,2012,0,1,26.6,137.1666774,4.261,14.121851272728511,23,2012-02-10
1925751.3355244757,2,6,2,2012,0,1,46.98,219.9049073,7.057,14.559029356298343,2,2012-02-10
756069.0833566433,1,6,2,2012,0,1,46.52,219.9049073,7.057,13.554994511489198,21,2012-02-10
2107676.8703496503,2,6,2,2012,0,1,33.47,213.1186138,6.961,14.716882264562214,20,2012-02-10
785981.4085314686,1,6,2,2012,0,1,37.0,189.7076048,8.424,13.596929233847195,45,2012-02-10
543980.5523776223,0,6,2,2012,0,1,44.03,223.9953006,5.667,13.32078319244383,9,2012-02-10
318011.8104895105,0,6,2,2012,0,1,48.57,220.849586,5.943,12.763517163678756,5,2012-02-10
1323522.241818182,1,6,2,2012,0,1,52.27,130.3849032,12.187,14.268474298160555,28,2012-02-10
1002911.8446853146,1,6,2,2012,0,1,23.89,137.1666774,7.467,13.893403239063165,26,2012-02-10
1356383.1244755245,2,6,2,2012,0,1,52.23,223.753643,6.833,14.269314147296104,11,2012-02-10
1268125.418811189,1,6,2,2012,0,1,22.0,196.9195056,6.589,14.029690503931548,41,2012-02-10
1899424.5726573425,2,6,2,2012,0,1,55.73,130.3849032,7.545,14.612385481934623,10,2012-02-10
570617.3086713287,0,6,2,2012,0,1,18.79,196.9195056,8.256,13.241854766327286,7,2012-02-10
633324.7231468532,0,6,2,2012,0,1,46.54,211.7644101,9.653,13.403322375553918,43,2012-02-10
966781.5594405595,1,6,2,2012,0,1,36.7,130.3849032,9.653,13.862068795141441,34,2012-02-10
259861.69202797202,0,6,2,2012,0,1,59.94,130.3849032,7.603,12.551623475301557,33,2012-02-10
539451.4287412588,0,6,2,2012,0,1,35.68,137.1666774,8.988,13.210083095128082,29,2012-02-10
1564728.1862937063,2,6,2,2012,0,1,48.58,221.8644987,6.132,14.298310044916779,6,2012-02-10
1395901.437062937,2,6,2,2012,0,1,46.52,219.9049073,7.057,14.239267073619681,31,2012-02-10
706721.5326573426,1,6,2,2012,0,1,32.47,213.1186138,6.961,13.398456628109567,25,2012-02-10
893581.3904195804,1,6,2,2012,0,1,23.63,130.3849032,6.403,13.68786660033263,17,2012-02-10
1356755.3935664336,2,6,2,2012,0,1,33.82,137.1666774,8.659,14.154452506620224,24,2012-02-10
1444999.0356643356,2,6,2,2012,0,1,32.61,137.1666774,7.943,14.22064072331871,19,2012-02-10
373511.9927972028,0,6,2,2012,0,1,54.49,218.9551002,7.244,12.724100967475367,36,2012-02-10
1028501.0389510489,1,6,2,2012,0,1,35.68,141.1199827,7.503,13.849379543443016,22,2012-02-10
519247.7300699301,0,6,2,2012,0,1,23.69,196.9195056,6.162,13.068472966057813,16,2012-02-10
2094712.9606993007,2,6,2,2012,0,1,33.0,130.3849032,4.607,14.680365517933017,4,2012-02-10
908749.5183916084,1,6,2,2012,0,1,35.71,223.8024507,5.825,13.836686183443392,8,2012-02-10
302748.86601398606,0,6,2,2012,0,1,33.73,130.3849032,5.774,12.692745843528616,44,2012-02-10
402704.44104895106,0,6,2,2012,0,1,51.65,223.753643,6.833,13.067470919052914,3,2012-02-10
2020978.4009790209,2,6,2,2012,0,1,37.0,189.7076048,8.424,14.546558946898456,14,2012-02-10
1555264.3975524476,2,6,2,2012,0,1,48.02,220.2651783,7.348,14.40467318135674,1,2012-02-10
2094712.9606993007,2,7,2,2012,0,0,34.19,130.4546207,4.607,14.702430631936629,4,2012-02-17
1775216.2019580419,2,7,2,2012,0,0,37.24,141.2140357,8.009,14.289395744211264,27,2012-02-17
519247.7300699301,0,7,2,2012,0,0,31.19,196.9432711,6.162,13.110433478298173,16,2012-02-17
1268125.418811189,1,7,2,2012,0,0,22.52,196.9432711,6.589,14.101029637833294,41,2012-02-17
1444999.0356643356,2,7,2,2012,0,0,30.95,137.2583103,7.943,14.169486752552713,19,2012-02-17
785981.4085314686,1,7,2,2012,0,0,36.85,189.8424834,8.424,13.66335509470133,45,2012-02-17
623312.474965035,0,7,2,2012,0,0,30.26,137.2583103,7.943,13.302188203291351,15,2012-02-17
1389864.4604895106,2,7,2,2012,0,0,27.01,137.2583103,4.261,14.127066144221956,23,2012-02-17
966781.5594405595,1,7,2,2012,0,0,37.25,130.4546207,9.653,13.931912649444898,34,2012-02-17
543980.5523776223,0,7,2,2012,0,0,43.81,224.1588663,5.667,13.398427294706892,9,2012-02-17
1925751.3355244757,2,7,2,2012,0,0,43.82,220.0651993,7.057,14.602461994084516,2,2012-02-17
1166568.154965035,1,7,2,2012,0,0,24.26,196.9432711,8.256,14.033692693786158,32,2012-02-17
2020978.4009790209,2,7,2,2012,0,0,36.85,189.8424834,8.424,14.518881294424263,14,2012-02-17
706721.5326573426,1,7,2,2012,0,0,32.23,213.2732106,6.961,13.390998737384317,25,2012-02-17
633324.7231468532,0,7,2,2012,0,0,49.38,211.916835,9.653,13.400953820962862,43,2012-02-17
893581.3904195804,1,7,2,2012,0,0,30.76,130.4546207,6.403,13.73980123510186,17,2012-02-17
2003620.3062937064,2,7,2,2012,0,0,36.57,130.4546207,6.104,14.610527294867998,13,2012-02-17
402704.44104895106,0,7,2,2012,0,0,52.39,223.9170153,6.833,13.072315791010821,3,2012-02-17
1395901.437062937,2,7,2,2012,0,0,45.03,220.0651993,7.057,14.267104845340748,31,2012-02-17
539451.4287412588,0,7,2,2012,0,0,36.25,137.2583103,8.988,13.234991656770061,29,2012-02-17
1028501.0389510489,1,7,2,2012,0,0,36.25,141.2140357,7.503,13.820249720373072,22,2012-02-17
1555264.3975524476,2,7,2,2012,0,0,45.32,220.4257586,7.348,14.414276177420055,1,2012-02-17
259861.69202797202,0,7,2,2012,0,0,57.8,130.4546207,7.603,12.492386206997814,33,2012-02-17
438579.6162237762,0,7,2,2012,0,0,45.03,220.0651993,7.057,12.983354404476511,30,2012-02-17
302748.86601398606,0,7,2,2012,0,0,36.57,130.4546207,5.774,12.678237094771942,44,2012-02-17
373511.9927972028,0,7,2,2012,0,0,54.38,219.1148297,7.244,12.69562681760539,36,2012-02-17
385731.6532867133,0,7,2,2012,0,0,51.8,130.4546207,12.187,12.937273921509481,38,2012-02-17
1323522.241818182,1,7,2,2012,0,0,51.8,130.4546207,12.187,14.221978283283782,28,2012-02-17
1564728.1862937063,2,7,2,2012,0,0,49.03,222.026359,6.132,14.305694861909814,6,2012-02-17
318011.8104895105,0,7,2,2012,0,0,48.25,221.0106341,5.943,12.783890284404372,5,2012-02-17
1356755.3935664336,2,7,2,2012,0,0,33.92,137.2583103,8.659,14.097957259747908,24,2012-02-17
964128.0404895104,1,7,2,2012,0,0,25.56,137.2583103,4.261,13.790707356009124,40,2012-02-17
1002911.8446853146,1,7,2,2012,0,0,23.9,137.2583103,7.467,13.780701449756135,26,2012-02-17
1450668.1291608391,2,7,2,2012,0,0,52.75,219.1148297,7.244,14.22831049366848,39,2012-02-17
2107676.8703496503,2,7,2,2012,0,0,31.11,213.2732106,6.961,14.652336417852357,20,2012-02-17
556403.863146853,0,7,2,2012,0,0,54.12,130.4546207,7.545,13.315744385723256,42,2012-02-17
1084718.421048951,1,7,2,2012,0,0,32.87,137.2583103,8.075,13.925249602857132,18,2012-02-17
1009001.6094405595,1,7,2,2012,0,0,51.8,130.4546207,12.187,14.03066213838606,12,2012-02-17
908749.5183916084,1,7,2,2012,0,0,37.51,223.9658621,5.825,13.907391127007527,8,2012-02-17
919724.9795804196,1,7,2,2012,0,0,37.24,141.2140357,8.744,13.622616577537556,35,2012-02-17
1899424.5726573425,2,7,2,2012,0,0,54.12,130.4546207,7.545,14.589643429141862,10,2012-02-17
570617.3086713287,0,7,2,2012,0,0,27.03,196.9432711,8.256,13.338940102233218,7,2012-02-17
518900.2819580419,0,7,2,2012,0,0,54.38,219.1148297,7.244,13.201308171822388,37,2012-02-17
756069.0833566433,1,7,2,2012,0,0,45.03,220.0651993,7.057,13.634785150645726,21,2012-02-17
1356383.1244755245,2,7,2,2012,0,0,52.77,223.9170153,6.833,14.26633706349567,11,2012-02-17
1899424.5726573425,2,8,2,2012,0,0,56.02,130.5502069,7.545,14.528174413175133,10,2012-02-24
1925751.3355244757,2,8,2,2012,0,0,54.63,220.275944,7.057,14.437056306986646,2,2012-02-24
633324.7231468532,0,8,2,2012,0,0,53.53,212.1174212,9.653,13.326191941546584,43,2012-02-24
385731.6532867133,0,8,2,2012,0,0,53.13,130.5502069,12.187,12.922478752907427,38,2012-02-24
919724.9795804196,1,8,2,2012,0,0,41.74,141.3007857,8.744,13.598634499817663,35,2012-02-24
570617.3086713287,0,8,2,2012,0,0,24.41,196.9499007,8.256,13.309742357181321,7,2012-02-24
373511.9927972028,0,8,2,2012,0,0,62.21,219.3244636,7.244,12.654825346072384,36,2012-02-24
302748.86601398606,0,8,2,2012,0,0,35.38,130.5502069,5.774,12.662366473461168,44,2012-02-24
1268125.418811189,1,8,2,2012,0,0,27.89,196.9499007,6.589,14.018383366993577,41,2012-02-24
2094712.9606993007,2,8,2,2012,0,0,41.31,130.5502069,4.607,14.616014686484204,4,2012-02-24
402704.44104895106,0,8,2,2012,0,0,60.12,224.1320199,6.833,12.945450694244089,3,2012-02-24
556403.863146853,0,8,2,2012,0,0,56.02,130.5502069,7.545,13.243350430266819,42,2012-02-24
1564728.1862937063,2,8,2,2012,0,0,59.17,222.2392726,6.132,14.197494604424405,6,2012-02-24
318011.8104895105,0,8,2,2012,0,0,57.75,221.2224243,5.943,12.651468054718137,5,2012-02-24
964128.0404895104,1,8,2,2012,0,0,29.88,137.3411034,4.261,13.731370846520731,40,2012-02-24
1450668.1291608391,2,8,2,2012,0,0,61.1,219.3244636,7.244,14.16056446647986,39,2012-02-24
908749.5183916084,1,8,2,2012,0,0,46.33,224.1809207,5.825,13.741367166721766,8,2012-02-24
518900.2819580419,0,8,2,2012,0,0,62.21,219.3244636,7.244,13.159076892469255,37,2012-02-24
543980.5523776223,0,8,2,2012,0,0,53.67,224.3741384,5.667,13.242064199598639,9,2012-02-24
785981.4085314686,1,8,2,2012,0,0,42.86,190.0069881,8.424,13.531902548569233,45,2012-02-24
1555264.3975524476,2,8,2,2012,0,0,57.25,220.636902,7.348,14.246896031982233,1,2012-02-24
1356383.1244755245,2,8,2,2012,0,0,61.11,224.1320199,6.833,14.137212846800802,11,2012-02-24
966781.5594405595,1,8,2,2012,0,0,39.89,130.5502069,9.653,13.764380660752993,34,2012-02-24
1084718.421048951,1,8,2,2012,0,0,36.34,137.3411034,8.075,13.852673491879838,18,2012-02-24
893581.3904195804,1,8,2,2012,0,0,30.01,130.5502069,6.403,13.645748317737725,17,2012-02-24
539451.4287412588,0,8,2,2012,0,0,39.0,137.3411034,8.988,13.099675196098682,29,2012-02-24
1323522.241818182,1,8,2,2012,0,0,53.13,130.5502069,12.187,14.095781921316869,28,2012-02-24
706721.5326573426,1,8,2,2012,0,0,35.51,213.4725116,6.961,13.326938884610813,25,2012-02-24
756069.0833566433,1,8,2,2012,0,0,54.81,220.275944,7.057,13.52395441765951,21,2012-02-24
1389864.4604895106,2,8,2,2012,0,0,31.12,137.3411034,4.261,14.056847025999213,23,2012-02-24
623312.474965035,0,8,2,2012,0,0,33.18,137.3411034,7.943,13.2377222504848,15,2012-02-24
259861.69202797202,0,8,2,2012,0,0,59.41,130.5502069,7.603,12.398871209640413,33,2012-02-24
2003620.3062937064,2,8,2,2012,0,0,35.38,130.5502069,6.104,14.472910880144486,13,2012-02-24
1009001.6094405595,1,8,2,2012,0,0,53.13,130.5502069,12.187,13.921702875578912,12,2012-02-24
1028501.0389510489,1,8,2,2012,0,0,39.0,141.3007857,7.503,13.72444729224036,22,2012-02-24
1356755.3935664336,2,8,2,2012,0,0,37.35,137.3411034,8.659,14.080359540653461,24,2012-02-24
438579.6162237762,0,8,2,2012,0,0,54.81,220.275944,7.057,12.960354223831079,30,2012-02-24
1395901.437062937,2,8,2,2012,0,0,54.81,220.275944,7.057,14.146643113830702,31,2012-02-24
1002911.8446853146,1,8,2,2012,0,0,28.06,137.3411034,7.467,13.72987147894292,26,2012-02-24
1775216.2019580419,2,8,2,2012,0,0,41.74,141.3007857,8.009,14.315439057149336,27,2012-02-24
1444999.0356643356,2,8,2,2012,0,0,33.91,137.3411034,7.943,14.117443914243266,19,2012-02-24
519247.7300699301,0,8,2,2012,0,0,26.21,196.9499007,6.162,13.113769152623528,16,2012-02-24
1166568.154965035,1,8,2,2012,0,0,33.41,196.9499007,8.256,13.903359993684564,32,2012-02-24
2107676.8703496503,2,8,2,2012,0,0,39.79,213.4725116,6.961,14.53131831231172,20,2012-02-24
2020978.4009790209,2,8,2,2012,0,0,42.86,190.0069881,8.424,14.444141169145707,14,2012-02-24
1356383.1244755245,2,9,3,2012,0,0,62.61,224.3470245,6.833,14.1790311250659,11,2012-03-02
893581.3904195804,1,9,3,2012,0,0,26.28,130.6457931,6.403,13.660235294362991,17,2012-03-02
2020978.4009790209,2,9,3,2012,0,0,41.55,190.1714927,8.424,14.470958981408062,14,2012-03-02
539451.4287412588,0,9,3,2012,0,0,37.47,137.4238966,8.988,13.123967530063181,29,2012-03-02
1564728.1862937063,2,9,3,2012,0,0,60.32,222.4521862,6.132,14.254014909400452,6,2012-03-02
1925751.3355244757,2,9,3,2012,0,0,58.79,220.4866886,7.057,14.484650179481076,2,2012-03-02
756069.0833566433,1,9,3,2012,0,0,59.3,220.4866886,7.057,13.546828699457903,21,2012-03-02
1002911.8446853146,1,9,3,2012,0,0,22.49,137.4238966,7.467,13.770139419260328,26,2012-03-02
259861.69202797202,0,9,3,2012,0,0,60.91,130.6457931,7.603,12.421395817233721,33,2012-03-02
623312.474965035,0,9,3,2012,0,0,33.24,137.4238966,7.943,13.20171718322408,15,2012-03-02
966781.5594405595,1,9,3,2012,0,0,42.74,130.6457931,9.653,13.805727560110158,34,2012-03-02
1395901.437062937,2,9,3,2012,0,0,59.3,220.4866886,7.057,14.17170293948849,31,2012-03-02
2003620.3062937064,2,9,3,2012,0,0,32.36,130.6457931,6.104,14.493414021188206,13,2012-03-02
1166568.154965035,1,9,3,2012,0,0,33.4,196.9565303,8.256,13.958167341024641,32,2012-03-02
706721.5326573426,1,9,3,2012,0,0,36.01,213.6718127,6.961,13.374143970346937,25,2012-03-02
385731.6532867133,0,9,3,2012,0,0,52.27,130.6457931,12.187,13.062860433771645,38,2012-03-02
908749.5183916084,1,9,3,2012,0,0,50.95,224.3959793,5.825,13.766599591998599,8,2012-03-02
1009001.6094405595,1,9,3,2012,0,0,52.27,130.6457931,12.187,13.953216440269722,12,2012-03-02
919724.9795804196,1,9,3,2012,0,0,40.07,141.3875357,8.744,13.549684036797213,35,2012-03-02
519247.7300699301,0,9,3,2012,0,0,23.4,196.9565303,6.162,13.048049424037934,16,2012-03-02
1444999.0356643356,2,9,3,2012,0,0,34.83,137.4238966,7.943,14.08475727622585,19,2012-03-02
1775216.2019580419,2,9,3,2012,0,0,40.07,141.3875357,8.009,14.227172486061686,27,2012-03-02
2107676.8703496503,2,9,3,2012,0,0,39.98,213.6718127,6.961,14.580431162024304,20,2012-03-02
318011.8104895105,0,9,3,2012,0,0,60.66,221.4342146,5.943,12.791654687591807,5,2012-03-02
1555264.3975524476,2,9,3,2012,0,0,60.96,220.8480454,7.348,14.339304780748678,1,2012-03-02
2094712.9606993007,2,9,3,2012,0,0,50.38,130.6457931,4.607,14.606836935124731,4,2012-03-02
633324.7231468532,0,9,3,2012,0,0,56.43,212.3180074,9.653,13.44914737710847,43,2012-03-02
518900.2819580419,0,9,3,2012,0,0,64.54,219.5340975,7.244,13.1722199632202,37,2012-03-02
438579.6162237762,0,9,3,2012,0,0,59.3,220.4866886,7.057,12.991437980507087,30,2012-03-02
1028501.0389510489,1,9,3,2012,0,0,37.47,141.3875357,7.503,13.790056997176245,22,2012-03-02
964128.0404895104,1,9,3,2012,0,0,23.79,137.4238966,4.261,13.740499276410972,40,2012-03-02
302748.86601398606,0,9,3,2012,0,0,32.36,130.6457931,5.774,12.665673035750316,44,2012-03-02
785981.4085314686,1,9,3,2012,0,0,41.55,190.1714927,8.424,13.570628694874893,45,2012-03-02
1389864.4604895106,2,9,3,2012,0,0,25.91,137.4238966,4.261,14.095301477001051,23,2012-03-02
556403.863146853,0,9,3,2012,0,0,57.62,130.6457931,7.545,13.280898158713573,42,2012-03-02
570617.3086713287,0,9,3,2012,0,0,21.64,196.9565303,8.256,13.21959739635191,7,2012-03-02
1323522.241818182,1,9,3,2012,0,0,52.27,130.6457931,12.187,14.188274476432522,28,2012-03-02
1268125.418811189,1,9,3,2012,0,0,27.39,196.9565303,6.589,14.030472136038949,41,2012-03-02
373511.9927972028,0,9,3,2012,0,0,64.54,219.5340975,7.244,12.661589724569284,36,2012-03-02
1450668.1291608391,2,9,3,2012,0,0,64.05,219.5340975,7.244,14.189173990870737,39,2012-03-02
1084718.421048951,1,9,3,2012,0,0,33.59,137.4238966,8.075,13.861611308901823,18,2012-03-02
543980.5523776223,0,9,3,2012,0,0,57.2,224.5894104,5.667,13.336666817823057,9,2012-03-02
1899424.5726573425,2,9,3,2012,0,0,57.62,130.6457931,7.545,14.503832123952305,10,2012-03-02
402704.44104895106,0,9,3,2012,0,0,61.65,224.3470245,6.833,13.059963495746198,3,2012-03-02
1356755.3935664336,2,9,3,2012,0,0,35.36,137.4238966,8.659,14.009427453230284,24,2012-03-02
966781.5594405595,1,10,3,2012,0,0,42.7,130.7413793,9.653,13.79162191285542,34,2012-03-09
908749.5183916084,1,10,3,2012,0,0,49.59,224.6110379,5.825,13.774809972740279,8,2012-03-09
259861.69202797202,0,10,3,2012,0,0,62.2,130.7413793,7.603,12.568446832883932,33,2012-03-09
1564728.1862937063,2,10,3,2012,0,0,57.89,222.6650998,6.132,14.266143659045552,6,2012-03-09
385731.6532867133,0,10,3,2012,0,0,54.54,130.7413793,12.187,13.023191516899766,38,2012-03-09
1899424.5726573425,2,10,3,2012,0,0,57.65,130.7413793,7.545,14.466524520142233,10,2012-03-09
1450668.1291608391,2,10,3,2012,0,0,61.64,219.7437314,7.244,14.201293469524185,39,2012-03-09
556403.863146853,0,10,3,2012,0,0,57.65,130.7413793,7.545,13.399718030163882,42,2012-03-09
2107676.8703496503,2,10,3,2012,0,0,41.14,213.8711137,6.961,14.575973524489083,20,2012-03-09
1028501.0389510489,1,10,3,2012,0,0,41.72,141.4742857,7.503,13.806598977523047,22,2012-03-09
1555264.3975524476,2,10,3,2012,0,0,58.76,221.0591887,7.348,14.331581695933636,1,2012-03-09
2003620.3062937064,2,10,3,2012,0,0,38.24,130.7413793,6.104,14.501857997596264,13,2012-03-09
1356755.3935664336,2,10,3,2012,0,0,41.5,137.5066897,8.659,14.097554289806215,24,2012-03-09
1356383.1244755245,2,10,3,2012,0,0,61.44,224.5620291,6.833,14.161497217148824,11,2012-03-09
964128.0404895104,1,10,3,2012,0,0,30.58,137.5066897,4.261,13.768665115097969,40,2012-03-09
633324.7231468532,0,10,3,2012,0,0,54.52,212.5185936,9.653,13.36402036458012,43,2012-03-09
1444999.0356643356,2,10,3,2012,0,0,38.15,137.5066897,7.943,14.122125364759164,19,2012-03-09
1775216.2019580419,2,10,3,2012,0,0,44.32,141.4742857,8.009,14.290093940362796,27,2012-03-09
519247.7300699301,0,10,3,2012,0,0,28.16,196.9631599,6.162,13.114235757603652,16,2012-03-09
518900.2819580419,0,10,3,2012,0,0,63.19,219.7437314,7.244,13.191774228192427,37,2012-03-09
2094712.9606993007,2,10,3,2012,0,0,53.63,130.7413793,4.607,14.605081756870929,4,2012-03-09
706721.5326573426,1,10,3,2012,0,0,37.44,213.8711137,6.961,13.375007523440816,25,2012-03-09
438579.6162237762,0,10,3,2012,0,0,57.16,220.6974332,7.057,13.009460914851502,30,2012-03-09
1268125.418811189,1,10,3,2012,0,0,35.3,196.9631599,6.589,14.033694446458831,41,2012-03-09
785981.4085314686,1,10,3,2012,0,0,45.52,190.3359973,8.424,13.563156851249147,45,2012-03-09
1389864.4604895106,2,10,3,2012,0,0,33.11,137.5066897,4.261,14.072263647655765,23,2012-03-09
570617.3086713287,0,10,3,2012,0,0,30.1,196.9631599,8.256,13.26934700660086,7,2012-03-09
373511.9927972028,0,10,3,2012,0,0,63.19,219.7437314,7.244,12.671929971980589,36,2012-03-09
2020978.4009790209,2,10,3,2012,0,0,45.52,190.3359973,8.424,14.51902397792494,14,2012-03-09
543980.5523776223,0,10,3,2012,0,0,54.03,224.8046825,5.667,13.262050447411404,9,2012-03-09
402704.44104895106,0,10,3,2012,0,0,60.71,224.5620291,6.833,13.006195898533026,3,2012-03-09
318011.8104895105,0,10,3,2012,0,0,57.69,221.6460048,5.943,12.757934448877162,5,2012-03-09
302748.86601398606,0,10,3,2012,0,0,38.24,130.7413793,5.774,12.622936671745881,44,2012-03-09
1323522.241818182,1,10,3,2012,0,0,54.54,130.7413793,12.187,14.334759640576728,28,2012-03-09
1009001.6094405595,1,10,3,2012,0,0,54.54,130.7413793,12.187,13.922757905434866,12,2012-03-09
919724.9795804196,1,10,3,2012,0,0,44.32,141.4742857,8.744,13.587797017639346,35,2012-03-09
1395901.437062937,2,10,3,2012,0,0,57.16,220.6974332,7.057,14.179483905642396,31,2012-03-09
1166568.154965035,1,10,3,2012,0,0,39.9,196.9631599,8.256,13.932883705183423,32,2012-03-09
1002911.8446853146,1,10,3,2012,0,0,29.03,137.5066897,7.467,13.843680055763352,26,2012-03-09
756069.0833566433,1,10,3,2012,0,0,57.16,220.6974332,7.057,13.534586134417198,21,2012-03-09
623312.474965035,0,10,3,2012,0,0,36.97,137.5066897,7.943,13.208764296435742,15,2012-03-09
539451.4287412588,0,10,3,2012,0,0,41.72,137.5066897,8.988,13.131821210762888,29,2012-03-09
893581.3904195804,1,10,3,2012,0,0,32.02,130.7413793,6.403,13.664950401154233,17,2012-03-09
1925751.3355244757,2,10,3,2012,0,0,57.11,220.6974332,7.057,14.476975752823012,2,2012-03-09
1084718.421048951,1,10,3,2012,0,0,38.1,137.5066897,8.075,13.896994199301778,18,2012-03-09
402704.44104895106,0,11,3,2012,0,0,64.0,224.7166953,6.833,12.928236733960611,3,2012-03-16
1356755.3935664336,2,11,3,2012,0,0,48.68,137.5843871,8.659,14.030057358881816,24,2012-03-16
302748.86601398606,0,11,3,2012,0,0,52.5,130.8261935,5.774,12.712790694750604,44,2012-03-16
1084718.421048951,1,11,3,2012,0,0,45.84,137.5843871,8.075,13.837291061306749,18,2012-03-16
1450668.1291608391,2,11,3,2012,0,0,65.81,219.8956335,7.244,14.235813091706081,39,2012-03-16
633324.7231468532,0,11,3,2012,0,0,57.88,212.6651567,9.653,13.402579680222907,43,2012-03-16
519247.7300699301,0,11,3,2012,0,0,38.02,197.0457208,6.162,13.163220654502146,16,2012-03-16
706721.5326573426,1,11,3,2012,0,0,50.64,214.0167132,6.961,13.366415250391684,25,2012-03-16
438579.6162237762,0,11,3,2012,0,0,63.39,220.8498468,7.057,12.932699209498649,30,2012-03-16
373511.9927972028,0,11,3,2012,0,0,67.48,219.8956335,7.244,12.722920558852834,36,2012-03-16
543980.5523776223,0,11,3,2012,0,0,59.94,224.9594902,5.667,13.218354361772262,9,2012-03-16
1166568.154965035,1,11,3,2012,0,0,51.51,197.0457208,8.256,13.944872678741303,32,2012-03-16
2107676.8703496503,2,11,3,2012,0,0,53.73,214.0167132,6.961,14.540637254104695,20,2012-03-16
1925751.3355244757,2,11,3,2012,0,0,63.68,220.8498468,7.057,14.496627226243096,2,2012-03-16
1323522.241818182,1,11,3,2012,0,0,64.44,130.8261935,12.187,14.106594205992494,28,2012-03-16
318011.8104895105,0,11,3,2012,0,0,63.55,221.7989713,5.943,12.734915598012435,5,2012-03-16
2020978.4009790209,2,11,3,2012,0,0,50.56,190.4618964,8.424,14.478735242654164,14,2012-03-16
570617.3086713287,0,11,3,2012,0,0,37.29,197.0457208,8.256,13.413848304828457,7,2012-03-16
2003620.3062937064,2,11,3,2012,0,0,52.5,130.8261935,6.104,14.521368424406408,13,2012-03-16
259861.69202797202,0,11,3,2012,0,0,65.99,130.8261935,7.603,12.535623592332248,33,2012-03-16
1899424.5726573425,2,11,3,2012,0,0,62.11,130.8261935,7.545,14.473453093363302,10,2012-03-16
756069.0833566433,1,11,3,2012,0,0,63.39,220.8498468,7.057,13.550684381476803,21,2012-03-16
518900.2819580419,0,11,3,2012,0,0,67.48,219.8956335,7.244,13.091057089598882,37,2012-03-16
1268125.418811189,1,11,3,2012,0,0,47.76,197.0457208,6.589,13.999091837640744,41,2012-03-16
1002911.8446853146,1,11,3,2012,0,0,35.06,137.5843871,7.467,13.731590108224417,26,2012-03-16
966781.5594405595,1,11,3,2012,0,0,48.09,130.8261935,9.653,13.81480974245044,34,2012-03-16
1009001.6094405595,1,11,3,2012,0,0,64.44,130.8261935,12.187,13.900310718682825,12,2012-03-16
556403.863146853,0,11,3,2012,0,0,62.11,130.8261935,7.545,13.335486103540704,42,2012-03-16
1395901.437062937,2,11,3,2012,0,0,63.39,220.8498468,7.057,14.208720294853746,31,2012-03-16
964128.0404895104,1,11,3,2012,0,0,37.13,137.5843871,4.261,13.700273855149012,40,2012-03-16
1356383.1244755245,2,11,3,2012,0,0,64.21,224.7166953,6.833,14.181462037490288,11,2012-03-16
785981.4085314686,1,11,3,2012,0,0,50.56,190.4618964,8.424,13.57768630810321,45,2012-03-16
1028501.0389510489,1,11,3,2012,0,0,46.06,141.55478,7.503,13.781727285500228,22,2012-03-16
623312.474965035,0,11,3,2012,0,0,47.42,137.5843871,7.943,13.25446515111053,15,2012-03-16
1389864.4604895106,2,11,3,2012,0,0,41.19,137.5843871,4.261,14.045324063594805,23,2012-03-16
1564728.1862937063,2,11,3,2012,0,0,62.8,222.8186603,6.132,14.373989293986828,6,2012-03-16
539451.4287412588,0,11,3,2012,0,0,46.06,137.5843871,8.988,13.10072028629318,29,2012-03-16
2094712.9606993007,2,11,3,2012,0,0,59.81,130.8261935,4.607,14.610748713052867,4,2012-03-16
1444999.0356643356,2,11,3,2012,0,0,48.2,137.5843871,7.943,14.087710980735508,19,2012-03-16
908749.5183916084,1,11,3,2012,0,0,56.63,224.7657327,5.825,13.733410073686638,8,2012-03-16
1775216.2019580419,2,11,3,2012,0,0,49.6,141.55478,8.009,14.307755670186317,27,2012-03-16
893581.3904195804,1,11,3,2012,0,0,43.69,130.8261935,6.403,13.656675962377014,17,2012-03-16
919724.9795804196,1,11,3,2012,0,0,49.6,141.55478,8.744,13.58363754048822,35,2012-03-16
1555264.3975524476,2,11,3,2012,0,0,64.74,221.2118132,7.348,14.332799517303433,1,2012-03-16
385731.6532867133,0,11,3,2012,0,0,64.44,130.8261935,12.187,12.967966924043896,38,2012-03-16
1899424.5726573425,2,12,3,2012,0,0,56.54,130.8966452,7.545,14.42389402818376,10,2012-03-23
2020978.4009790209,2,12,3,2012,0,0,59.45,190.5363213,8.424,14.453910438552839,14,2012-03-23
1028501.0389510489,1,12,3,2012,0,0,54.68,141.6269332,7.503,13.808259734161032,22,2012-03-23
908749.5183916084,1,12,3,2012,0,0,52.9,224.8399424,5.825,13.681092200674293,8,2012-03-23
1009001.6094405595,1,12,3,2012,0,0,56.26,130.8966452,12.187,13.859930108711964,12,2012-03-23
1450668.1291608391,2,12,3,2012,0,0,67.91,219.9705599,7.244,14.2004969819013,39,2012-03-23
1323522.241818182,1,12,3,2012,0,0,56.26,130.8966452,12.187,14.01112701955059,28,2012-03-23
543980.5523776223,0,12,3,2012,0,0,58.79,225.0336786,5.667,13.219113102384307,9,2012-03-23
1002911.8446853146,1,12,3,2012,0,0,49.97,137.6552903,7.467,13.681741056994209,26,2012-03-23
785981.4085314686,1,12,3,2012,0,0,59.45,190.5363213,8.424,13.582110045915758,45,2012-03-23
570617.3086713287,0,12,3,2012,0,0,35.06,197.2295234,8.256,13.330999466537778,7,2012-03-23
1564728.1862937063,2,12,3,2012,0,0,63.71,222.8930835,6.132,14.217733495914272,6,2012-03-23
2107676.8703496503,2,12,3,2012,0,0,66.11,214.0907105,6.961,14.504869552398887,20,2012-03-23
1395901.437062937,2,12,3,2012,0,0,62.96,220.9244858,7.057,14.127269909825351,31,2012-03-23
1389864.4604895106,2,12,3,2012,0,0,57.82,137.6552903,4.261,14.068721597651278,23,2012-03-23
438579.6162237762,0,12,3,2012,0,0,62.96,220.9244858,7.057,12.972061212534133,30,2012-03-23
1775216.2019580419,2,12,3,2012,0,0,57.3,141.6269332,8.009,14.298455301110563,27,2012-03-23
1084718.421048951,1,12,3,2012,0,0,58.06,137.6552903,8.075,13.84617583521515,18,2012-03-23
318011.8104895105,0,12,3,2012,0,0,64.44,221.8735063,5.943,12.680133626331695,5,2012-03-23
1166568.154965035,1,12,3,2012,0,0,47.64,197.2295234,8.256,13.952340780959817,32,2012-03-23
259861.69202797202,0,12,3,2012,0,0,60.82,130.8966452,7.603,12.417030127389193,33,2012-03-23
919724.9795804196,1,12,3,2012,0,0,57.3,141.6269332,8.744,13.54195766356768,35,2012-03-23
373511.9927972028,0,12,3,2012,0,0,69.18,219.9705599,7.244,12.669408815336322,36,2012-03-23
2003620.3062937064,2,12,3,2012,0,0,47.83,130.8966452,6.104,14.459689496999957,13,2012-03-23
966781.5594405595,1,12,3,2012,0,0,47.93,130.8966452,9.653,13.759092924972547,34,2012-03-23
519247.7300699301,0,12,3,2012,0,0,38.7,197.2295234,6.162,13.10928804662117,16,2012-03-23
623312.474965035,0,12,3,2012,0,0,58.92,137.6552903,7.943,13.24543529998632,15,2012-03-23
385731.6532867133,0,12,3,2012,0,0,56.26,130.8966452,12.187,12.92988840065601,38,2012-03-23
1555264.3975524476,2,12,3,2012,0,0,65.93,221.2864126,7.348,14.228327951659512,1,2012-03-23
518900.2819580419,0,12,3,2012,0,0,69.18,219.9705599,7.244,13.163290767970226,37,2012-03-23
402704.44104895106,0,12,3,2012,0,0,66.53,224.7909104,6.833,12.933399609888987,3,2012-03-23
756069.0833566433,1,12,3,2012,0,0,62.96,220.9244858,7.057,13.500472321148766,21,2012-03-23
1444999.0356643356,2,12,3,2012,0,0,56.72,137.6552903,7.943,14.109862003124471,19,2012-03-23
2094712.9606993007,2,12,3,2012,0,0,59.07,130.8966452,4.607,14.553436792746687,4,2012-03-23
1268125.418811189,1,12,3,2012,0,0,44.04,197.2295234,6.589,14.010547085815967,41,2012-03-23
893581.3904195804,1,12,3,2012,0,0,40.69,130.8966452,6.403,13.655063926831078,17,2012-03-23
302748.86601398606,0,12,3,2012,0,0,47.83,130.8966452,5.774,12.601312520336288,44,2012-03-23
964128.0404895104,1,12,3,2012,0,0,52.27,137.6552903,4.261,13.646490376343987,40,2012-03-23
706721.5326573426,1,12,3,2012,0,0,62.7,214.0907105,6.961,13.419252108213819,25,2012-03-23
556403.863146853,0,12,3,2012,0,0,56.54,130.8966452,7.545,13.237881414331095,42,2012-03-23
1356755.3935664336,2,12,3,2012,0,0,59.51,137.6552903,8.659,14.015774303360752,24,2012-03-23
1925751.3355244757,2,12,3,2012,0,0,64.01,220.9244858,7.057,14.397972047029967,2,2012-03-23
633324.7231468532,0,12,3,2012,0,0,56.28,212.7396889,9.653,13.322757209088696,43,2012-03-23
1356383.1244755245,2,12,3,2012,0,0,67.16,224.7909104,6.833,14.078332110167482,11,2012-03-23
539451.4287412588,0,12,3,2012,0,0,54.68,137.6552903,8.988,13.15658987094735,29,2012-03-23
570617.3086713287,0,13,3,2012,0,0,44.99,197.4133259,8.256,13.27649668565213,7,2012-03-30
1925751.3355244757,2,13,3,2012,0,0,66.83,220.9991248,7.057,14.434732278944834,2,2012-03-30
2020978.4009790209,2,13,3,2012,0,0,50.04,190.6107463,8.424,14.460010419401948,14,2012-03-30
1166568.154965035,1,13,3,2012,0,0,56.09,197.4133259,8.256,13.918687774959183,32,2012-03-30
1084718.421048951,1,13,3,2012,0,0,45.35,137.7261935,8.075,13.824591402012432,18,2012-03-30
1356383.1244755245,2,13,3,2012,0,0,70.23,224.8651254,6.833,14.077955611475934,11,2012-03-30
1395901.437062937,2,13,3,2012,0,0,67.87,220.9991248,7.057,14.09227466070137,31,2012-03-30
756069.0833566433,1,13,3,2012,0,0,67.87,220.9991248,7.057,13.493650702585024,21,2012-03-30
1009001.6094405595,1,13,3,2012,0,0,64.36,130.9670968,12.187,13.840576973852219,12,2012-03-30
623312.474965035,0,13,3,2012,0,0,42.65,137.7261935,7.943,13.23130432565663,15,2012-03-30
966781.5594405595,1,13,3,2012,0,0,59.29,130.9670968,9.653,13.752424602675273,34,2012-03-30
2003620.3062937064,2,13,3,2012,0,0,53.2,130.9670968,6.104,14.482818615191514,13,2012-03-30
539451.4287412588,0,13,3,2012,0,0,46.4,137.7261935,8.988,13.131456469646318,29,2012-03-30
919724.9795804196,1,13,3,2012,0,0,49.4,141.6990864,8.744,13.520503980027085,35,2012-03-30
1899424.5726573425,2,13,3,2012,0,0,67.92,130.9670968,7.545,14.412015452860725,10,2012-03-30
543980.5523776223,0,13,3,2012,0,0,67.87,225.107867,5.667,13.262101615150709,9,2012-03-30
706721.5326573426,1,13,3,2012,0,0,47.92,214.1647079,6.961,13.436224644740157,25,2012-03-30
1356755.3935664336,2,13,3,2012,0,0,47.28,137.7261935,8.659,14.022611821116804,24,2012-03-30
1323522.241818182,1,13,3,2012,0,0,64.36,130.9670968,12.187,14.005738369461614,28,2012-03-30
302748.86601398606,0,13,3,2012,0,0,53.2,130.9670968,5.774,12.644418830362081,44,2012-03-30
2094712.9606993007,2,13,3,2012,0,0,72.63,130.9670968,4.607,14.55237925496502,4,2012-03-30
964128.0404895104,1,13,3,2012,0,0,36.25,137.7261935,4.261,13.67848350835822,40,2012-03-30
556403.863146853,0,13,3,2012,0,0,67.92,130.9670968,7.545,13.207456338744155,42,2012-03-30
402704.44104895106,0,13,3,2012,0,0,69.36,224.8651254,6.833,12.917771278836897,3,2012-03-30
519247.7300699301,0,13,3,2012,0,0,48.29,197.4133259,6.162,13.092102933669953,16,2012-03-30
633324.7231468532,0,13,3,2012,0,0,69.88,212.8142212,9.653,13.342718083502314,43,2012-03-30
318011.8104895105,0,13,3,2012,0,0,67.76,221.9480412,5.943,12.710839139789739,5,2012-03-30
1268125.418811189,1,13,3,2012,0,0,51.56,197.4133259,6.589,14.030157466828152,41,2012-03-30
518900.2819580419,0,13,3,2012,0,0,70.48,220.0454862,7.244,13.187656501257642,37,2012-03-30
1444999.0356643356,2,13,3,2012,0,0,43.47,137.7261935,7.943,14.09853707260483,19,2012-03-30
385731.6532867133,0,13,3,2012,0,0,64.36,130.9670968,12.187,12.920688613589771,38,2012-03-30
1564728.1862937063,2,13,3,2012,0,0,67.91,222.9675066,6.132,14.226914171525975,6,2012-03-30
1555264.3975524476,2,13,3,2012,0,0,67.61,221.3610119,7.348,14.316046805187602,1,2012-03-30
893581.3904195804,1,13,3,2012,0,0,45.29,130.9670968,6.403,13.679083582898558,17,2012-03-30
373511.9927972028,0,13,3,2012,0,0,70.48,220.0454862,7.244,12.625262799467297,36,2012-03-30
1028501.0389510489,1,13,3,2012,0,0,46.4,141.6990864,7.503,13.780681952569122,22,2012-03-30
908749.5183916084,1,13,3,2012,0,0,66.69,224.9141521,5.825,13.716724262464243,8,2012-03-30
785981.4085314686,1,13,3,2012,0,0,50.04,190.6107463,8.424,13.563523838031685,45,2012-03-30
2107676.8703496503,2,13,3,2012,0,0,51.52,214.1647079,6.961,14.545338083441976,20,2012-03-30
1775216.2019580419,2,13,3,2012,0,0,49.4,141.6990864,8.009,14.29515205588562,27,2012-03-30
438579.6162237762,0,13,3,2012,0,0,67.87,220.9991248,7.057,13.016124498320492,30,2012-03-30
1002911.8446853146,1,13,3,2012,0,0,33.33,137.7261935,7.467,13.734321576069394,26,2012-03-30
1450668.1291608391,2,13,3,2012,0,0,69.11,220.0454862,7.244,14.22079432963198,39,2012-03-30
1389864.4604895106,2,13,3,2012,0,0,36.71,137.7261935,4.261,14.04818134866088,23,2012-03-30
259861.69202797202,0,13,3,2012,0,0,71.34,130.9670968,7.603,12.43451680377319,33,2012-03-30
1444999.0356643356,2,14,4,2012,0,0,40.23,137.7970968,8.15,14.305156679136186,19,2012-04-06
543980.5523776223,0,14,4,2012,0,0,68.83,225.1820555,5.539,13.426735871613712,9,2012-04-06
2094712.9606993007,2,14,4,2012,0,0,67.69,131.0375484,4.308,14.719812563387844,4,2012-04-06
893581.3904195804,1,14,4,2012,0,0,43.92,131.0375484,6.235,13.802347929402929,17,2012-04-06
1389864.4604895106,2,14,4,2012,0,0,37.43,137.7970968,4.125,14.28838923155637,23,2012-04-06
785981.4085314686,1,14,4,2012,0,0,49.73,190.6851712,8.567,13.709572575604641,45,2012-04-06
519247.7300699301,0,14,4,2012,0,0,48.93,197.5971285,6.169,13.127675383683917,16,2012-04-06
373511.9927972028,0,14,4,2012,0,0,73.95,220.1204125,6.989,12.709955554328568,36,2012-04-06
1166568.154965035,1,14,4,2012,0,0,51.49,197.5971285,8.09,14.054982480880609,32,2012-04-06
438579.6162237762,0,14,4,2012,0,0,69.02,221.0737638,6.891,13.042265328199479,30,2012-04-06
623312.474965035,0,14,4,2012,0,0,40.01,137.7970968,8.15,13.399921414317156,15,2012-04-06
1084718.421048951,1,14,4,2012,0,0,43.8,137.7970968,8.304,13.99851213349307,18,2012-04-06
706721.5326573426,1,14,4,2012,0,0,44.73,214.2387053,7.139,13.581505609652144,25,2012-04-06
633324.7231468532,0,14,4,2012,0,0,64.7,212.8887535,9.575,13.397673132409883,43,2012-04-06
1356383.1244755245,2,14,4,2012,0,0,74.19,224.9393405,6.664,14.283215303049538,11,2012-04-06
1925751.3355244757,2,14,4,2012,0,0,68.43,221.0737638,6.891,14.571180280503166,2,2012-04-06
2107676.8703496503,2,14,4,2012,0,0,50.06,214.2387053,7.139,14.757570754610434,20,2012-04-06
539451.4287412588,0,14,4,2012,0,0,46.38,137.7970968,9.14,13.359532193265222,29,2012-04-06
1028501.0389510489,1,14,4,2012,0,0,46.38,141.7712396,7.671,13.995738808654327,22,2012-04-06
1450668.1291608391,2,14,4,2012,0,0,73.49,220.1204125,6.989,14.383575658284542,39,2012-04-06
1555264.3975524476,2,14,4,2012,0,0,70.43,221.4356112,7.143,14.457194892921569,1,2012-04-06
1356755.3935664336,2,14,4,2012,0,0,45.25,137.7970968,8.983,14.237331372628972,24,2012-04-06
1323522.241818182,1,14,4,2012,0,0,64.05,131.0375484,11.627,14.25993595429245,28,2012-04-06
302748.86601398606,0,14,4,2012,0,0,48.85,131.0375484,5.621,12.676145334891205,44,2012-04-06
964128.0404895104,1,14,4,2012,0,0,36.54,137.7970968,4.125,13.939554159759997,40,2012-04-06
402704.44104895106,0,14,4,2012,0,0,73.01,224.9393405,6.664,13.12880882083385,3,2012-04-06
556403.863146853,0,14,4,2012,0,0,65.99,131.0375484,7.382,13.388279955696587,42,2012-04-06
318011.8104895105,0,14,4,2012,0,0,70.4,222.0225762,5.801,12.906658837902837,5,2012-04-06
1268125.418811189,1,14,4,2012,0,0,48.48,197.5971285,6.547,14.194108151930708,41,2012-04-06
518900.2819580419,0,14,4,2012,0,0,73.95,220.1204125,6.989,13.244315098671064,37,2012-04-06
385731.6532867133,0,14,4,2012,0,0,64.05,131.0375484,11.627,13.12089962664369,38,2012-04-06
919724.9795804196,1,14,4,2012,0,0,48.73,141.7712396,8.876,13.665030004974616,35,2012-04-06
1899424.5726573425,2,14,4,2012,0,0,65.99,131.0375484,7.382,14.58718476120429,10,2012-04-06
1002911.8446853146,1,14,4,2012,0,0,33.35,137.7970968,7.489,13.926005079033644,26,2012-04-06
1775216.2019580419,2,14,4,2012,0,0,48.73,141.7712396,8.253,14.456845541108724,27,2012-04-06
756069.0833566433,1,14,4,2012,0,0,69.02,221.0737638,6.891,13.543646163827852,21,2012-04-06
570617.3086713287,0,14,4,2012,0,0,44.29,197.5971285,8.09,13.339773693086734,7,2012-04-06
259861.69202797202,0,14,4,2012,0,0,70.75,131.0375484,7.396,12.527840768886607,33,2012-04-06
966781.5594405595,1,14,4,2012,0,0,54.42,131.0375484,9.575,13.902624852157746,34,2012-04-06
908749.5183916084,1,14,4,2012,0,0,62.18,224.9883618,5.679,13.861265253088849,8,2012-04-06
1564728.1862937063,2,14,4,2012,0,0,71.6,223.0419298,5.964,14.425347969395931,6,2012-04-06
2003620.3062937064,2,14,4,2012,0,0,48.85,131.0375484,5.965,14.636001924802517,13,2012-04-06
1009001.6094405595,1,14,4,2012,0,0,64.05,131.0375484,11.627,13.936636187590466,12,2012-04-06
1395901.437062937,2,14,4,2012,0,0,69.02,221.0737638,6.891,14.218419608806256,31,2012-04-06
2020978.4009790209,2,14,4,2012,0,0,49.73,190.6851712,8.567,14.680938748979045,14,2012-04-06
1775216.2019580419,2,15,4,2012,0,0,52.22,141.8433929,8.253,14.316532003456288,27,2012-04-13
1166568.154965035,1,15,4,2012,0,0,52.1,197.780931,8.09,13.9740818553053,32,2012-04-13
385731.6532867133,0,15,4,2012,0,0,64.28,131.108,11.627,12.984919747664572,38,2012-04-13
518900.2819580419,0,15,4,2012,0,0,72.54,220.1953389,6.989,13.136215334529929,37,2012-04-13
1268125.418811189,1,15,4,2012,0,0,46.84,197.780931,6.547,14.095416774153474,41,2012-04-13
556403.863146853,0,15,4,2012,0,0,70.28,131.108,7.382,13.367854471830395,42,2012-04-13
623312.474965035,0,15,4,2012,0,0,43.52,137.868,8.15,13.233164102252973,15,2012-04-13
1002911.8446853146,1,15,4,2012,0,0,36.9,137.868,7.489,13.698607336407933,26,2012-04-13
2094712.9606993007,2,15,4,2012,0,0,68.69,131.108,4.308,14.559969667988137,4,2012-04-13
706721.5326573426,1,15,4,2012,0,0,42.46,214.3127027,7.139,13.398012179590046,25,2012-04-13
543980.5523776223,0,15,4,2012,0,0,69.19,225.2562439,5.539,13.268264454063713,9,2012-04-13
908749.5183916084,1,15,4,2012,0,0,65.19,225.0625714,5.679,13.72118938393247,8,2012-04-13
438579.6162237762,0,15,4,2012,0,0,69.03,221.1484028,6.891,12.968712539302047,30,2012-04-13
2107676.8703496503,2,15,4,2012,0,0,45.68,214.3127027,7.139,14.531102489981354,20,2012-04-13
570617.3086713287,0,15,4,2012,0,0,41.43,197.780931,8.09,13.156612579975768,7,2012-04-13
1395901.437062937,2,15,4,2012,0,0,69.03,221.1484028,6.891,14.15756995017977,31,2012-04-13
2020978.4009790209,2,15,4,2012,0,0,51.83,190.7595962,8.567,14.464136561498803,14,2012-04-13
402704.44104895106,0,15,4,2012,0,0,72.83,225.0135556,6.664,12.949890934460086,3,2012-04-13
1444999.0356643356,2,15,4,2012,0,0,44.42,137.868,8.15,14.126737848415575,19,2012-04-13
1028501.0389510489,1,15,4,2012,0,0,49.89,141.8433929,7.671,13.752697736283825,22,2012-04-13
1555264.3975524476,2,15,4,2012,0,0,69.07,221.5102105,7.143,14.298573973247228,1,2012-04-13
964128.0404895104,1,15,4,2012,0,0,40.65,137.868,4.125,13.66214043842056,40,2012-04-13
2003620.3062937064,2,15,4,2012,0,0,51.7,131.108,5.965,14.537069698927969,13,2012-04-13
919724.9795804196,1,15,4,2012,0,0,52.22,141.8433929,8.876,13.578058146442475,35,2012-04-13
1084718.421048951,1,15,4,2012,0,0,47.75,137.868,8.304,13.813953846918132,18,2012-04-13
633324.7231468532,0,15,4,2012,0,0,70.18,212.9632857,9.575,13.408577753316285,43,2012-04-13
1925751.3355244757,2,15,4,2012,0,0,68.08,221.1484028,6.891,14.47606744746011,2,2012-04-13
756069.0833566433,1,15,4,2012,0,0,69.03,221.1484028,6.891,13.55326233876327,21,2012-04-13
318011.8104895105,0,15,4,2012,0,0,70.56,222.0971111,5.801,12.770911995451392,5,2012-04-13
302748.86601398606,0,15,4,2012,0,0,51.7,131.108,5.621,12.64880534273727,44,2012-04-13
1356755.3935664336,2,15,4,2012,0,0,48.65,137.868,8.983,14.06687988362718,24,2012-04-13
1450668.1291608391,2,15,4,2012,0,0,71.59,220.1953389,6.989,14.273399683285255,39,2012-04-13
539451.4287412588,0,15,4,2012,0,0,49.89,137.868,9.14,13.162535234230866,29,2012-04-13
1899424.5726573425,2,15,4,2012,0,0,70.28,131.108,7.382,14.495921227423114,10,2012-04-13
373511.9927972028,0,15,4,2012,0,0,72.54,220.1953389,6.989,12.734960972036417,36,2012-04-13
1323522.241818182,1,15,4,2012,0,0,64.28,131.108,11.627,14.07068437919806,28,2012-04-13
259861.69202797202,0,15,4,2012,0,0,73.17,131.108,7.396,12.652998488120783,33,2012-04-13
966781.5594405595,1,15,4,2012,0,0,59.12,131.108,9.575,13.802784575050504,34,2012-04-13
785981.4085314686,1,15,4,2012,0,0,51.83,190.7595962,8.567,13.569573701732415,45,2012-04-13
519247.7300699301,0,15,4,2012,0,0,45.83,197.780931,6.169,13.01868524574457,16,2012-04-13
1564728.1862937063,2,15,4,2012,0,0,71.29,223.1163529,5.964,14.295709197285191,6,2012-04-13
1356383.1244755245,2,15,4,2012,0,0,72.74,225.0135556,6.664,14.202644003177465,11,2012-04-13
1009001.6094405595,1,15,4,2012,0,0,64.28,131.108,11.627,13.89599518951353,12,2012-04-13
1389864.4604895106,2,15,4,2012,0,0,41.81,137.868,4.125,14.023949354361893,23,2012-04-13
893581.3904195804,1,15,4,2012,0,0,46.94,131.108,6.235,13.684326488220536,17,2012-04-13
402704.44104895106,0,16,4,2012,0,0,72.05,225.0689541,6.664,12.982694629686414,3,2012-04-20
302748.86601398606,0,16,4,2012,0,0,50.24,131.1173333,5.621,12.686134273100054,44,2012-04-20
1356755.3935664336,2,16,4,2012,0,0,61.05,137.9230667,8.983,14.005019060018913,24,2012-04-20
1450668.1291608391,2,16,4,2012,0,0,70.04,220.2483937,6.989,14.175554249296454,39,2012-04-20
1323522.241818182,1,16,4,2012,0,0,66.73,131.1173333,11.627,13.98170120843694,28,2012-04-20
539451.4287412588,0,16,4,2012,0,0,58.81,137.9230667,9.14,13.171537448824322,29,2012-04-20
2107676.8703496503,2,16,4,2012,0,0,60.11,214.3675045,7.139,14.44913533029715,20,2012-04-20
1899424.5726573425,2,16,4,2012,0,0,67.75,131.1173333,7.382,14.390531379564134,10,2012-04-20
893581.3904195804,1,16,4,2012,0,0,47.69,131.1173333,6.235,13.928822260984221,17,2012-04-20
1775216.2019580419,2,16,4,2012,0,0,62.62,141.9015262,8.253,14.310207086385706,27,2012-04-20
570617.3086713287,0,16,4,2012,0,0,39.3,197.7227385,8.09,13.03318469350087,7,2012-04-20
259861.69202797202,0,16,4,2012,0,0,72.94,131.1173333,7.396,12.475482034724303,33,2012-04-20
785981.4085314686,1,16,4,2012,0,0,63.13,190.8138013,8.567,13.562761481067001,45,2012-04-20
1389864.4604895106,2,16,4,2012,0,0,56.55,137.9230667,4.125,14.068523861228408,23,2012-04-20
318011.8104895105,0,16,4,2012,0,0,67.33,222.1512315,5.801,12.7070420358157,5,2012-04-20
438579.6162237762,0,16,4,2012,0,0,66.97,221.2021074,6.891,13.045288815424954,30,2012-04-20
908749.5183916084,1,16,4,2012,0,0,63.59,225.1179914,5.679,13.678876597349342,8,2012-04-20
1002911.8446853146,1,16,4,2012,0,0,50.81,137.9230667,7.489,13.736035460836055,26,2012-04-20
1028501.0389510489,1,16,4,2012,0,0,58.81,141.9015262,7.671,13.815854368854536,22,2012-04-20
1564728.1862937063,2,16,4,2012,0,0,68.64,223.17092,5.964,14.191254495449861,6,2012-04-20
1009001.6094405595,1,16,4,2012,0,0,66.73,131.1173333,11.627,13.82197756174503,12,2012-04-20
1555264.3975524476,2,16,4,2012,0,0,66.76,221.5640737,7.143,14.23525908397863,1,2012-04-20
964128.0404895104,1,16,4,2012,0,0,55.3,137.9230667,4.125,13.706789881060203,40,2012-04-20
966781.5594405595,1,16,4,2012,0,0,55.34,131.1173333,9.575,13.792886329292292,34,2012-04-20
919724.9795804196,1,16,4,2012,0,0,62.62,141.9015262,8.876,13.58567118961689,35,2012-04-20
385731.6532867133,0,16,4,2012,0,0,66.73,131.1173333,11.627,12.903253679154018,38,2012-04-20
2094712.9606993007,2,16,4,2012,0,0,68.6,131.1173333,4.308,14.57834138670334,4,2012-04-20
1268125.418811189,1,16,4,2012,0,0,43.57,197.7227385,6.547,14.015030315897308,41,2012-04-20
518900.2819580419,0,16,4,2012,0,0,70.87,220.2483937,6.989,13.168262108263617,37,2012-04-20
1356383.1244755245,2,16,4,2012,0,0,71.97,225.0689541,6.664,14.089619422286022,11,2012-04-20
1395901.437062937,2,16,4,2012,0,0,66.97,221.2021074,6.891,14.156997052157559,31,2012-04-20
623312.474965035,0,16,4,2012,0,0,54.47,137.9230667,8.15,13.189613662135187,15,2012-04-20
556403.863146853,0,16,4,2012,0,0,67.75,131.1173333,7.382,13.222263425809365,42,2012-04-20
633324.7231468532,0,16,4,2012,0,0,67.28,213.0130524,9.575,13.36632234493162,43,2012-04-20
2003620.3062937064,2,16,4,2012,0,0,50.24,131.1173333,5.965,14.486253691668404,13,2012-04-20
756069.0833566433,1,16,4,2012,0,0,66.97,221.2021074,6.891,13.507435161389289,21,2012-04-20
1925751.3355244757,2,16,4,2012,0,0,65.69,221.2021074,6.891,14.429260274719411,2,2012-04-20
519247.7300699301,0,16,4,2012,0,0,43.61,197.7227385,6.169,12.98590716308446,16,2012-04-20
2020978.4009790209,2,16,4,2012,0,0,63.13,190.8138013,8.567,14.444485784859248,14,2012-04-20
373511.9927972028,0,16,4,2012,0,0,70.87,220.2483937,6.989,12.688240489811674,36,2012-04-20
543980.5523776223,0,16,4,2012,0,0,68.04,225.3117488,5.539,13.20453310751478,9,2012-04-20
1166568.154965035,1,16,4,2012,0,0,49.15,197.7227385,8.09,13.930094624593156,32,2012-04-20
706721.5326573426,1,16,4,2012,0,0,57.1,214.3675045,7.139,13.402367267916432,25,2012-04-20
1084718.421048951,1,16,4,2012,0,0,60.88,137.9230667,8.304,13.840997781596922,18,2012-04-20
1444999.0356643356,2,16,4,2012,0,0,55.2,137.9230667,8.15,14.042716454768442,19,2012-04-20
402704.44104895106,0,17,4,2012,0,0,73.39,225.1243526,6.664,12.885671231995545,3,2012-04-27
706721.5326573426,1,17,4,2012,0,0,44.2,214.4223063,7.139,13.392632195333915,25,2012-04-27
556403.863146853,0,17,4,2012,0,0,80.11,131.1266667,7.382,13.174246828615079,42,2012-04-27
1084718.421048951,1,17,4,2012,0,0,50.43,137.9781333,8.304,13.77592449727971,18,2012-04-27
919724.9795804196,1,17,4,2012,0,0,52.33,141.9596595,8.876,13.488690419610501,35,2012-04-27
318011.8104895105,0,17,4,2012,0,0,68.96,222.2053519,5.801,12.691090310438328,5,2012-04-27
1564728.1862937063,2,17,4,2012,0,0,71.5,223.2254871,5.964,14.191356037314332,6,2012-04-27
1395901.437062937,2,17,4,2012,0,0,69.21,221.255812,6.891,14.086570177251405,31,2012-04-27
1925751.3355244757,2,17,4,2012,0,0,67.2,221.255812,6.891,14.383170527399129,2,2012-04-27
908749.5183916084,1,17,4,2012,0,0,70.34,225.1734114,5.679,13.687051138254377,8,2012-04-27
2094712.9606993007,2,17,4,2012,0,0,76.47,131.1266667,4.308,14.540188701573697,4,2012-04-27
518900.2819580419,0,17,4,2012,0,0,70.06,220.3014485,6.989,13.17838154696834,37,2012-04-27
373511.9927972028,0,17,4,2012,0,0,70.06,220.3014485,6.989,12.639123153691314,36,2012-04-27
756069.0833566433,1,17,4,2012,0,0,69.21,221.255812,6.891,13.422216945758162,21,2012-04-27
385731.6532867133,0,17,4,2012,0,0,77.99,131.1266667,11.627,12.947928486938245,38,2012-04-27
1268125.418811189,1,17,4,2012,0,0,57.66,197.664546,6.547,14.03781507738965,41,2012-04-27
1028501.0389510489,1,17,4,2012,0,0,51.42,141.9596595,7.671,13.734887033315877,22,2012-04-27
964128.0404895104,1,17,4,2012,0,0,47.51,137.9781333,4.125,13.682406399776406,40,2012-04-27
543980.5523776223,0,17,4,2012,0,0,73.07,225.3672537,5.539,13.218429616778119,9,2012-04-27
1555264.3975524476,2,17,4,2012,0,0,67.23,221.6179368,7.143,14.200044373673366,1,2012-04-27
1166568.154965035,1,17,4,2012,0,0,61.76,197.664546,8.09,13.935037352389244,32,2012-04-27
438579.6162237762,0,17,4,2012,0,0,69.21,221.255812,6.891,12.98021399636414,30,2012-04-27
1002911.8446853146,1,17,4,2012,0,0,43.6,137.9781333,7.489,13.723362373778583,26,2012-04-27
2003620.3062937064,2,17,4,2012,0,0,64.8,131.1266667,5.965,14.493606357659417,13,2012-04-27
966781.5594405595,1,17,4,2012,0,0,66.49,131.1266667,9.575,13.753955177501366,34,2012-04-27
570617.3086713287,0,17,4,2012,0,0,51.49,197.664546,8.09,13.055857589131744,7,2012-04-27
1444999.0356643356,2,17,4,2012,0,0,42.45,137.9781333,8.15,14.066968051566404,19,2012-04-27
1323522.241818182,1,17,4,2012,0,0,77.99,131.1266667,11.627,13.972904965499616,28,2012-04-27
1775216.2019580419,2,17,4,2012,0,0,52.33,141.9596595,8.253,14.263715717544823,27,2012-04-27
259861.69202797202,0,17,4,2012,0,0,83.07,131.1266667,7.396,12.428414875872473,33,2012-04-27
893581.3904195804,1,17,4,2012,0,0,59.11,131.1266667,6.235,13.738540578788202,17,2012-04-27
2020978.4009790209,2,17,4,2012,0,0,53.2,190.8680064,8.567,14.394385940626314,14,2012-04-27
1899424.5726573425,2,17,4,2012,0,0,80.11,131.1266667,7.382,14.353750098941866,10,2012-04-27
633324.7231468532,0,17,4,2012,0,0,78.27,213.062819,9.575,13.293185046568553,43,2012-04-27
2107676.8703496503,2,17,4,2012,0,0,47.64,214.4223063,7.139,14.45023643168815,20,2012-04-27
1450668.1291608391,2,17,4,2012,0,0,69.11,220.3014485,6.989,14.191888849761343,39,2012-04-27
519247.7300699301,0,17,4,2012,0,0,59.69,197.664546,6.169,12.89532763633725,16,2012-04-27
539451.4287412588,0,17,4,2012,0,0,51.42,137.9781333,9.14,13.116850650207427,29,2012-04-27
785981.4085314686,1,17,4,2012,0,0,53.2,190.8680064,8.567,13.475233122749081,45,2012-04-27
1389864.4604895106,2,17,4,2012,0,0,44.62,137.9781333,4.125,14.060618915028275,23,2012-04-27
302748.86601398606,0,17,4,2012,0,0,64.8,131.1266667,5.621,12.707875768675372,44,2012-04-27
1356383.1244755245,2,17,4,2012,0,0,73.4,225.1243526,6.664,14.027584498585274,11,2012-04-27
1356755.3935664336,2,17,4,2012,0,0,49.26,137.9781333,8.983,13.993100647332422,24,2012-04-27
623312.474965035,0,17,4,2012,0,0,41.57,137.9781333,8.15,13.175721416738215,15,2012-04-27
1009001.6094405595,1,17,4,2012,0,0,77.99,131.1266667,11.627,13.819754917911657,12,2012-04-27
908749.5183916084,1,18,5,2012,0,0,73.96,225.2288314,5.679,13.750687292290825,8,2012-05-04
966781.5594405595,1,18,5,2012,0,0,65.04,131.136,9.575,13.806576164871531,34,2012-05-04
706721.5326573426,1,18,5,2012,0,0,58.76,214.4771081,7.139,13.453712111272191,25,2012-05-04
1444999.0356643356,2,18,5,2012,0,0,50.76,138.0332,8.15,14.155553867849378,19,2012-05-04
1323522.241818182,1,18,5,2012,0,0,76.03,131.136,11.627,14.18750839939172,28,2012-05-04
1166568.154965035,1,18,5,2012,0,0,58.29,197.6063534,8.09,13.987264414455087,32,2012-05-04
1084718.421048951,1,18,5,2012,0,0,49.66,138.0332,8.304,13.86432823604091,18,2012-05-04
373511.9927972028,0,18,5,2012,0,0,77.17,220.3545033,6.989,12.652259007084382,36,2012-05-04
893581.3904195804,1,18,5,2012,0,0,48.86,131.136,6.235,13.743071189839306,17,2012-05-04
1356383.1244755245,2,18,5,2012,0,0,79.07,225.1797511,6.664,14.13050538304936,11,2012-05-04
1389864.4604895106,2,18,5,2012,0,0,45.88,138.0332,4.125,14.09115598983146,23,2012-05-04
1555264.3975524476,2,18,5,2012,0,0,75.55,221.6718,7.143,14.336991802421933,1,2012-05-04
1009001.6094405595,1,18,5,2012,0,0,76.03,131.136,11.627,13.88637405607111,12,2012-05-04
438579.6162237762,0,18,5,2012,0,0,77.53,221.3095166,6.891,13.026905974763254,30,2012-05-04
543980.5523776223,0,18,5,2012,0,0,78.98,225.4227585,5.539,13.281569963143466,9,2012-05-04
1564728.1862937063,2,18,5,2012,0,0,77.66,223.2800541,5.964,14.249538580997026,6,2012-05-04
633324.7231468532,0,18,5,2012,0,0,77.47,213.1125857,9.575,13.366039015384723,43,2012-05-04
1002911.8446853146,1,18,5,2012,0,0,40.29,138.0332,7.489,13.76060473572203,26,2012-05-04
785981.4085314686,1,18,5,2012,0,0,55.21,190.9222115,8.567,13.569995725184608,45,2012-05-04
1028501.0389510489,1,18,5,2012,0,0,50.75,142.0177929,7.671,13.820581986503962,22,2012-05-04
623312.474965035,0,18,5,2012,0,0,51.04,138.0332,8.15,13.267103135956626,15,2012-05-04
519247.7300699301,0,18,5,2012,0,0,51.34,197.6063534,6.169,12.964447063133434,16,2012-05-04
556403.863146853,0,18,5,2012,0,0,77.02,131.136,7.382,13.320026465455314,42,2012-05-04
402704.44104895106,0,18,5,2012,0,0,79.51,225.1797511,6.664,12.994335827952218,3,2012-05-04
539451.4287412588,0,18,5,2012,0,0,50.75,138.0332,9.14,13.132244082071274,29,2012-05-04
1925751.3355244757,2,18,5,2012,0,0,76.73,221.3095166,6.891,14.469895127226259,2,2012-05-04
964128.0404895104,1,18,5,2012,0,0,44.47,138.0332,4.125,13.808800687045098,40,2012-05-04
2003620.3062937064,2,18,5,2012,0,0,54.41,131.136,5.965,14.506653486352018,13,2012-05-04
1450668.1291608391,2,18,5,2012,0,0,77.15,220.3545033,6.989,14.229094842837986,39,2012-05-04
1899424.5726573425,2,18,5,2012,0,0,77.02,131.136,7.382,14.415097008539782,10,2012-05-04
919724.9795804196,1,18,5,2012,0,0,53.68,142.0177929,8.876,13.556788532484092,35,2012-05-04
1395901.437062937,2,18,5,2012,0,0,77.53,221.3095166,6.891,14.145719133036662,31,2012-05-04
518900.2819580419,0,18,5,2012,0,0,77.17,220.3545033,6.989,13.190606229030022,37,2012-05-04
2107676.8703496503,2,18,5,2012,0,0,62.74,214.4771081,7.139,14.587243334356495,20,2012-05-04
2020978.4009790209,2,18,5,2012,0,0,55.21,190.9222115,8.567,14.483009255360098,14,2012-05-04
1268125.418811189,1,18,5,2012,0,0,52.86,197.6063534,6.547,14.122827398036351,41,2012-05-04
756069.0833566433,1,18,5,2012,0,0,77.53,221.3095166,6.891,13.455467548455154,21,2012-05-04
1775216.2019580419,2,18,5,2012,0,0,53.68,142.0177929,8.253,14.327968518743008,27,2012-05-04
318011.8104895105,0,18,5,2012,0,0,77.1,222.2594722,5.801,12.796449536232481,5,2012-05-04
2094712.9606993007,2,18,5,2012,0,0,80.14,131.136,4.308,14.602589391323926,4,2012-05-04
302748.86601398606,0,18,5,2012,0,0,54.41,131.136,5.621,12.694819149556233,44,2012-05-04
385731.6532867133,0,18,5,2012,0,0,76.03,131.136,11.627,13.105739340632583,38,2012-05-04
570617.3086713287,0,18,5,2012,0,0,45.38,197.6063534,8.09,13.050222463169181,7,2012-05-04
259861.69202797202,0,18,5,2012,0,0,82.43,131.136,7.396,12.508021868935574,33,2012-05-04
1356755.3935664336,2,18,5,2012,0,0,52.14,138.0332,8.983,14.082902707560677,24,2012-05-04
1356383.1244755245,2,19,5,2012,0,0,75.13,225.2351496,6.664,14.077988715945652,11,2012-05-11
519247.7300699301,0,19,5,2012,0,0,53.57,197.5481609,6.169,13.081241337875072,16,2012-05-11
1775216.2019580419,2,19,5,2012,0,0,58.97,142.0759262,8.253,14.330910091438806,27,2012-05-11
1389864.4604895106,2,19,5,2012,0,0,52.9,138.0882667,4.125,14.094592258008822,23,2012-05-11
302748.86601398606,0,19,5,2012,0,0,56.47,131.1453333,5.621,12.740757598216746,44,2012-05-11
539451.4287412588,0,19,5,2012,0,0,56.72,138.0882667,9.14,13.180082832719961,29,2012-05-11
756069.0833566433,1,19,5,2012,0,0,74.14,221.3632212,6.891,13.384645392335573,21,2012-05-11
556403.863146853,0,19,5,2012,0,0,76.03,131.1453333,7.382,13.37483998120868,42,2012-05-11
623312.474965035,0,19,5,2012,0,0,54.23,138.0882667,8.15,13.269991603631167,15,2012-05-11
2003620.3062937064,2,19,5,2012,0,0,56.47,131.1453333,5.965,14.548246254222159,13,2012-05-11
1899424.5726573425,2,19,5,2012,0,0,76.03,131.1453333,7.382,14.399036101614925,10,2012-05-11
785981.4085314686,1,19,5,2012,0,0,61.24,190.9764167,8.567,13.554779839533646,45,2012-05-11
2107676.8703496503,2,19,5,2012,0,0,63.19,214.5319099,7.139,14.589360894207793,20,2012-05-11
2020978.4009790209,2,19,5,2012,0,0,61.24,190.9764167,8.567,14.502404251166768,14,2012-05-11
893581.3904195804,1,19,5,2012,0,0,49.96,131.1453333,6.235,13.757988748692439,17,2012-05-11
966781.5594405595,1,19,5,2012,0,0,61.92,131.1453333,9.575,13.76382404943607,34,2012-05-11
1323522.241818182,1,19,5,2012,0,0,77.27,131.1453333,11.627,14.05024758843368,28,2012-05-11
1444999.0356643356,2,19,5,2012,0,0,55.33,138.0882667,8.15,14.182147668329698,19,2012-05-11
570617.3086713287,0,19,5,2012,0,0,48.54,197.5481609,8.09,13.039847502305221,7,2012-05-11
1356755.3935664336,2,19,5,2012,0,0,58.7,138.0882667,8.983,14.119601852207111,24,2012-05-11
633324.7231468532,0,19,5,2012,0,0,67.59,213.1623524,9.575,13.369473486575439,43,2012-05-11
706721.5326573426,1,19,5,2012,0,0,59.21,214.5319099,7.139,13.514225935552359,25,2012-05-11
259861.69202797202,0,19,5,2012,0,0,81.02,131.1453333,7.396,12.59758364635854,33,2012-05-11
1166568.154965035,1,19,5,2012,0,0,55.4,197.5481609,8.09,13.986983539521004,32,2012-05-11
385731.6532867133,0,19,5,2012,0,0,77.27,131.1453333,11.627,12.97134418933472,38,2012-05-11
1555264.3975524476,2,19,5,2012,0,0,73.77,221.7256632,7.143,14.29242590243029,1,2012-05-11
2094712.9606993007,2,19,5,2012,0,0,67.64,131.1453333,4.308,14.570534362141563,4,2012-05-11
402704.44104895106,0,19,5,2012,0,0,75.19,225.2351496,6.664,12.976149292653702,3,2012-05-11
543980.5523776223,0,19,5,2012,0,0,70.94,225.4782634,5.539,13.29222985741976,9,2012-05-11
1268125.418811189,1,19,5,2012,0,0,50.22,197.5481609,6.547,14.118046340822902,41,2012-05-11
518900.2819580419,0,19,5,2012,0,0,76.55,220.4075581,6.989,13.176821334958818,37,2012-05-11
1925751.3355244757,2,19,5,2012,0,0,73.87,221.3632212,6.891,14.466544280215157,2,2012-05-11
1002911.8446853146,1,19,5,2012,0,0,47.11,138.0882667,7.489,13.876181983391286,26,2012-05-11
1028501.0389510489,1,19,5,2012,0,0,56.72,142.0759262,7.671,13.81337791549807,22,2012-05-11
1450668.1291608391,2,19,5,2012,0,0,75.52,220.4075581,6.989,14.201312547844417,39,2012-05-11
373511.9927972028,0,19,5,2012,0,0,76.55,220.4075581,6.989,12.708420453959684,36,2012-05-11
964128.0404895104,1,19,5,2012,0,0,52.06,138.0882667,4.125,13.782708763402956,40,2012-05-11
919724.9795804196,1,19,5,2012,0,0,58.97,142.0759262,8.876,13.595343360411508,35,2012-05-11
908749.5183916084,1,19,5,2012,0,0,64.96,225.2842514,5.679,13.732270123842198,8,2012-05-11
318011.8104895105,0,19,5,2012,0,0,73.45,222.3135926,5.801,12.718511527295417,5,2012-05-11
1084718.421048951,1,19,5,2012,0,0,57.44,138.0882667,8.304,13.87418891055631,18,2012-05-11
1009001.6094405595,1,19,5,2012,0,0,77.27,131.1453333,11.627,13.856648873649714,12,2012-05-11
1564728.1862937063,2,19,5,2012,0,0,72.66,223.3346212,5.964,14.23229579759408,6,2012-05-11
1395901.437062937,2,19,5,2012,0,0,74.14,221.3632212,6.891,14.146926504497033,31,2012-05-11
438579.6162237762,0,19,5,2012,0,0,74.14,221.3632212,6.891,12.985561385051732,30,2012-05-11
438579.6162237762,0,20,5,2012,0,0,72.42,221.380331,6.891,13.041036482181482,30,2012-05-18
1450668.1291608391,2,20,5,2012,0,0,72.36,220.4252149,6.989,14.236179197775243,39,2012-05-18
385731.6532867133,0,20,5,2012,0,0,84.51,131.0983226,11.627,12.929544621291901,38,2012-05-18
1323522.241818182,1,20,5,2012,0,0,84.51,131.0983226,11.627,14.008863915067883,28,2012-05-18
519247.7300699301,0,20,5,2012,0,0,56.74,197.5553137,6.169,13.10929327451923,16,2012-05-18
570617.3086713287,0,20,5,2012,0,0,49.41,197.5553137,8.09,13.057140462122504,7,2012-05-18
2094712.9606993007,2,20,5,2012,0,0,68.43,131.0983226,4.308,14.607242464780908,4,2012-05-18
1084718.421048951,1,20,5,2012,0,0,62.31,138.1065806,8.304,13.861864986708596,18,2012-05-18
893581.3904195804,1,20,5,2012,0,0,59.67,131.0983226,6.235,13.78383135917003,17,2012-05-18
1268125.418811189,1,20,5,2012,0,0,55.24,197.5553137,6.547,14.101828280113315,41,2012-05-18
539451.4287412588,0,20,5,2012,0,0,61.9,138.1065806,9.14,13.20616585136727,29,2012-05-18
1564728.1862937063,2,20,5,2012,0,0,70.5,223.3511928,5.964,14.230025684174922,6,2012-05-18
318011.8104895105,0,20,5,2012,0,0,70.45,222.330443,5.801,12.725433718488063,5,2012-05-18
1775216.2019580419,2,20,5,2012,0,0,65.15,142.0970115,8.253,14.350341623638789,27,2012-05-18
964128.0404895104,1,20,5,2012,0,0,57.59,138.1065806,4.125,13.706026451982082,40,2012-05-18
966781.5594405595,1,20,5,2012,0,0,64.97,131.0983226,9.575,13.814183527849167,34,2012-05-18
1356383.1244755245,2,20,5,2012,0,0,72.53,225.2512024,6.664,14.117423373852043,11,2012-05-18
1028501.0389510489,1,20,5,2012,0,0,61.9,142.0970115,7.671,13.802033164532322,22,2012-05-18
518900.2819580419,0,20,5,2012,0,0,73.7,220.4252149,6.989,13.189739668261973,37,2012-05-18
556403.863146853,0,20,5,2012,0,0,85.19,131.0983226,7.382,13.28895753785703,42,2012-05-18
1002911.8446853146,1,20,5,2012,0,0,52.55,138.1065806,7.489,13.793350671314064,26,2012-05-18
756069.0833566433,1,20,5,2012,0,0,72.42,221.380331,6.891,13.459628385413533,21,2012-05-18
2107676.8703496503,2,20,5,2012,0,0,60.99,214.5485571,7.139,14.528079538412886,20,2012-05-18
259861.69202797202,0,20,5,2012,0,0,89.81,131.0983226,7.396,12.531415139994627,33,2012-05-18
1925751.3355244757,2,20,5,2012,0,0,71.27,221.380331,6.891,14.5091284627162,2,2012-05-18
908749.5183916084,1,20,5,2012,0,0,64.16,225.3002908,5.679,13.725501612752726,8,2012-05-18
623312.474965035,0,20,5,2012,0,0,58.84,138.1065806,8.15,13.304771563779166,15,2012-05-18
919724.9795804196,1,20,5,2012,0,0,65.15,142.0970115,8.876,13.61608070123212,35,2012-05-18
1166568.154965035,1,20,5,2012,0,0,57.46,197.5553137,8.09,13.978938677523477,32,2012-05-18
1009001.6094405595,1,20,5,2012,0,0,84.51,131.0983226,11.627,13.835790571293607,12,2012-05-18
1555264.3975524476,2,20,5,2012,0,0,70.33,221.742674,7.143,14.282950196743954,1,2012-05-18
373511.9927972028,0,20,5,2012,0,0,73.7,220.4252149,6.989,12.69097144512993,36,2012-05-18
1395901.437062937,2,20,5,2012,0,0,72.42,221.380331,6.891,14.181177327992662,31,2012-05-18
1444999.0356643356,2,20,5,2012,0,0,58.81,138.1065806,8.15,14.128083833042218,19,2012-05-18
706721.5326573426,1,20,5,2012,0,0,58.21,214.5485571,7.139,13.483121440056726,25,2012-05-18
633324.7231468532,0,20,5,2012,0,0,72.06,213.1753618,9.575,13.382483294437996,43,2012-05-18
402704.44104895106,0,20,5,2012,0,0,72.38,225.2512024,6.664,12.943508827590001,3,2012-05-18
543980.5523776223,0,20,5,2012,0,0,69.52,225.4942498,5.539,13.255958395504708,9,2012-05-18
2020978.4009790209,2,20,5,2012,0,0,66.3,190.9964479,8.567,14.474187492413886,14,2012-05-18
302748.86601398606,0,20,5,2012,0,0,65.17,131.0983226,5.621,12.719026293445797,44,2012-05-18
2003620.3062937064,2,20,5,2012,0,0,65.17,131.0983226,5.965,14.572524885903356,13,2012-05-18
1356755.3935664336,2,20,5,2012,0,0,63.1,138.1065806,8.983,14.076959634544288,24,2012-05-18
785981.4085314686,1,20,5,2012,0,0,66.3,190.9964479,8.567,13.593420551476765,45,2012-05-18
1389864.4604895106,2,20,5,2012,0,0,58.42,138.1065806,4.125,14.102907692325052,23,2012-05-18
1899424.5726573425,2,20,5,2012,0,0,85.19,131.0983226,7.382,14.400601219691364,10,2012-05-18
518900.2819580419,0,21,5,2012,0,0,78.94,220.4287124,6.989,13.200484467645458,37,2012-05-25
1899424.5726573425,2,21,5,2012,0,0,86.03,131.0287742,7.382,14.420340108757786,10,2012-05-25
2003620.3062937064,2,21,5,2012,0,0,62.39,131.0287742,5.965,14.530101376468743,13,2012-05-25
1268125.418811189,1,21,5,2012,0,0,54.89,197.5886046,6.547,14.169332464860599,41,2012-05-25
1356755.3935664336,2,21,5,2012,0,0,65.79,138.1101935,8.983,14.157608774752966,24,2012-05-25
1444999.0356643356,2,21,5,2012,0,0,67.79,138.1101935,8.15,14.211289762122062,19,2012-05-25
2107676.8703496503,2,21,5,2012,0,0,70.04,214.5499425,7.139,14.56456064231895,20,2012-05-25
539451.4287412588,0,21,5,2012,0,0,62.39,138.1101935,9.14,13.217067318937907,29,2012-05-25
756069.0833566433,1,21,5,2012,0,0,79.49,221.3828029,6.891,13.491015444389342,21,2012-05-25
302748.86601398606,0,21,5,2012,0,0,62.39,131.0287742,5.621,12.7462705201575,44,2012-05-25
1925751.3355244757,2,21,5,2012,0,0,78.19,221.3828029,6.891,14.464074559818664,2,2012-05-25
1166568.154965035,1,21,5,2012,0,0,59.74,197.5886046,8.09,14.024786573947972,32,2012-05-25
373511.9927972028,0,21,5,2012,0,0,78.94,220.4287124,6.989,12.63166441339765,36,2012-05-25
1084718.421048951,1,21,5,2012,0,0,65.48,138.1101935,8.304,13.900263000481488,18,2012-05-25
570617.3086713287,0,21,5,2012,0,0,50.6,197.5886046,8.09,13.185790224611344,7,2012-05-25
1775216.2019580419,2,21,5,2012,0,0,64.77,142.1032776,8.253,14.413746730540222,27,2012-05-25
519247.7300699301,0,21,5,2012,0,0,57.36,197.5886046,6.169,13.157819494117394,16,2012-05-25
633324.7231468532,0,21,5,2012,0,0,82.41,213.1736682,9.575,13.30035455495881,43,2012-05-25
2020978.4009790209,2,21,5,2012,0,0,67.21,191.0028096,8.567,14.523975130999876,14,2012-05-25
543980.5523776223,0,21,5,2012,0,0,79.69,225.4944288,5.539,13.212618986178459,9,2012-05-25
1395901.437062937,2,21,5,2012,0,0,79.49,221.3828029,6.891,14.149905824890714,31,2012-05-25
1450668.1291608391,2,21,5,2012,0,0,78.31,220.4287124,6.989,14.283034653204727,39,2012-05-25
2094712.9606993007,2,21,5,2012,0,0,77.47,131.0287742,4.308,14.582901512527881,4,2012-05-25
908749.5183916084,1,21,5,2012,0,0,76.11,225.3005779,5.679,13.704756009522358,8,2012-05-25
1028501.0389510489,1,21,5,2012,0,0,62.39,142.1032776,7.671,13.861724434925323,22,2012-05-25
706721.5326573426,1,21,5,2012,0,0,67.69,214.5499425,7.139,13.571362983466765,25,2012-05-25
785981.4085314686,1,21,5,2012,0,0,67.21,191.0028096,8.567,13.614302370301289,45,2012-05-25
556403.863146853,0,21,5,2012,0,0,86.03,131.0287742,7.382,13.19145199364094,42,2012-05-25
1555264.3975524476,2,21,5,2012,0,0,77.22,221.744944,7.143,14.257272589885545,1,2012-05-25
1356383.1244755245,2,21,5,2012,0,0,78.44,225.2515168,6.664,14.075824159721037,11,2012-05-25
438579.6162237762,0,21,5,2012,0,0,79.49,221.3828029,6.891,13.015572750736169,30,2012-05-25
259861.69202797202,0,21,5,2012,0,0,88.89,131.0287742,7.396,12.475537563658996,33,2012-05-25
1002911.8446853146,1,21,5,2012,0,0,58.2,138.1101935,7.489,13.880653652560477,26,2012-05-25
385731.6532867133,0,21,5,2012,0,0,83.84,131.0287742,11.627,12.954680833483824,38,2012-05-25
893581.3904195804,1,21,5,2012,0,0,55.69,131.0287742,6.235,13.80027771508004,17,2012-05-25
964128.0404895104,1,21,5,2012,0,0,65.25,138.1101935,4.125,13.806525805690033,40,2012-05-25
1389864.4604895106,2,21,5,2012,0,0,66.43,138.1101935,4.125,14.255657658902457,23,2012-05-25
1009001.6094405595,1,21,5,2012,0,0,83.84,131.0287742,11.627,13.806989567217668,12,2012-05-25
966781.5594405595,1,21,5,2012,0,0,72.42,131.0287742,9.575,13.831126600397981,34,2012-05-25
1323522.241818182,1,21,5,2012,0,0,83.84,131.0287742,11.627,13.956328820497669,28,2012-05-25
318011.8104895105,0,21,5,2012,0,0,78.23,222.3323853,5.801,12.742552799583136,5,2012-05-25
402704.44104895106,0,21,5,2012,0,0,78.58,225.2515168,6.664,12.932901887846317,3,2012-05-25
623312.474965035,0,21,5,2012,0,0,67.97,138.1101935,8.15,13.449912233107307,15,2012-05-25
919724.9795804196,1,21,5,2012,0,0,64.77,142.1032776,8.876,13.619700239488074,35,2012-05-25
1564728.1862937063,2,21,5,2012,0,0,78.47,223.3525662,5.964,14.2878828921122,6,2012-05-25
1084718.421048951,1,22,6,2012,0,0,71.42,138.1138065,8.304,13.927333377882045,18,2012-06-01
1925751.3355244757,2,22,6,2012,0,0,78.38,221.3852748,6.891,14.462662683644743,2,2012-06-01
519247.7300699301,0,22,6,2012,0,0,58.97,197.6218954,6.169,13.184986809679282,16,2012-06-01
633324.7231468532,0,22,6,2012,0,0,80.89,213.1719747,9.575,13.313115331659809,43,2012-06-01
785981.4085314686,1,22,6,2012,0,0,74.48,191.0091712,8.567,13.637753324779085,45,2012-06-01
893581.3904195804,1,22,6,2012,0,0,54.13,130.9592258,6.235,13.752480530477829,17,2012-06-01
966781.5594405595,1,22,6,2012,0,0,70.41,130.9592258,9.575,13.792306862386638,34,2012-06-01
1323522.241818182,1,22,6,2012,0,0,78.11,130.9592258,11.627,14.03503312140754,28,2012-06-01
1775216.2019580419,2,22,6,2012,0,0,73.4,142.1095438,8.253,14.457701019067919,27,2012-06-01
1389864.4604895106,2,22,6,2012,0,0,66.22,138.1138065,4.125,14.204944748129506,23,2012-06-01
302748.86601398606,0,22,6,2012,0,0,61.11,130.9592258,5.621,12.686682145666243,44,2012-06-01
1009001.6094405595,1,22,6,2012,0,0,78.11,130.9592258,11.627,13.796680581489884,12,2012-06-01
1450668.1291608391,2,22,6,2012,0,0,80.33,220.4322099,6.989,14.310498080544757,39,2012-06-01
318011.8104895105,0,22,6,2012,0,0,79.72,222.3343277,5.801,12.793494799561833,5,2012-06-01
1356755.3935664336,2,22,6,2012,0,0,71.79,138.1138065,8.983,14.199222907706122,24,2012-06-01
1899424.5726573425,2,22,6,2012,0,0,80.06,130.9592258,7.382,14.385061106617506,10,2012-06-01
964128.0404895104,1,22,6,2012,0,0,64.75,138.1138065,4.125,13.852291055827905,40,2012-06-01
919724.9795804196,1,22,6,2012,0,0,73.4,142.1095438,8.876,13.745298929809326,35,2012-06-01
1356383.1244755245,2,22,6,2012,0,0,81.67,225.2518313,6.664,14.124168341439212,11,2012-06-01
2003620.3062937064,2,22,6,2012,0,0,61.11,130.9592258,5.965,14.526218830947341,13,2012-06-01
1555264.3975524476,2,22,6,2012,0,0,77.95,221.7472139,7.143,14.300697448408794,1,2012-06-01
539451.4287412588,0,22,6,2012,0,0,70.01,138.1138065,9.14,13.264302686725122,29,2012-06-01
756069.0833566433,1,22,6,2012,0,0,79.24,221.3852748,6.891,13.452301211241247,21,2012-06-01
1564728.1862937063,2,22,6,2012,0,0,80.39,223.3539397,5.964,14.334972211644452,6,2012-06-01
1028501.0389510489,1,22,6,2012,0,0,70.01,142.1095438,7.671,13.913415885639328,22,2012-06-01
1166568.154965035,1,22,6,2012,0,0,62.84,197.6218954,8.09,13.961823854149493,32,2012-06-01
259861.69202797202,0,22,6,2012,0,0,83.57,130.9592258,7.396,12.472781650237513,33,2012-06-01
706721.5326573426,1,22,6,2012,0,0,69.54,214.5513278,7.139,13.451331744572345,25,2012-06-01
373511.9927972028,0,22,6,2012,0,0,80.74,220.4322099,6.989,12.631361720576107,36,2012-06-01
2107676.8703496503,2,22,6,2012,0,0,73.67,214.5513278,7.139,14.577776810714195,20,2012-06-01
2094712.9606993007,2,22,6,2012,0,0,77.41,130.9592258,4.308,14.594542703850363,4,2012-06-01
438579.6162237762,0,22,6,2012,0,0,79.24,221.3852748,6.891,12.964591234655641,30,2012-06-01
1268125.418811189,1,22,6,2012,0,0,57.29,197.6218954,6.547,14.133886002382122,41,2012-06-01
402704.44104895106,0,22,6,2012,0,0,81.55,225.2518313,6.664,12.976804584711088,3,2012-06-01
570617.3086713287,0,22,6,2012,0,0,55.06,197.6218954,8.09,13.302175153999825,7,2012-06-01
518900.2819580419,0,22,6,2012,0,0,80.74,220.4322099,6.989,13.184046920718385,37,2012-06-01
1395901.437062937,2,22,6,2012,0,0,79.24,221.3852748,6.891,14.15520423588142,31,2012-06-01
1444999.0356643356,2,22,6,2012,0,0,68.18,138.1138065,8.15,14.18758039311261,19,2012-06-01
908749.5183916084,1,22,6,2012,0,0,78.31,225.300865,5.679,13.733391412652121,8,2012-06-01
385731.6532867133,0,22,6,2012,0,0,78.11,130.9592258,11.627,12.984435362355974,38,2012-06-01
1002911.8446853146,1,22,6,2012,0,0,58.51,138.1138065,7.489,13.831240225539018,26,2012-06-01
2020978.4009790209,2,22,6,2012,0,0,74.48,191.0091712,8.567,14.533099827053132,14,2012-06-01
543980.5523776223,0,22,6,2012,0,0,80.26,225.4946078,5.539,13.277056064604764,9,2012-06-01
556403.863146853,0,22,6,2012,0,0,80.06,130.9592258,7.382,13.165336234759833,42,2012-06-01
623312.474965035,0,22,6,2012,0,0,67.61,138.1138065,8.15,13.405995650477449,15,2012-06-01
2003620.3062937064,2,23,6,2012,0,0,68.4,130.8896774,5.965,14.595953570885916,13,2012-06-08
623312.474965035,0,23,6,2012,0,0,59.35,138.1174194,8.15,13.323493063877624,15,2012-06-08
1389864.4604895106,2,23,6,2012,0,0,56.82,138.1174194,4.125,14.265343073781153,23,2012-06-08
756069.0833566433,1,23,6,2012,0,0,79.47,221.3877467,6.891,13.470053486328746,21,2012-06-08
518900.2819580419,0,23,6,2012,0,0,81.5,220.4357073,6.989,13.178633648072978,37,2012-06-08
1268125.418811189,1,23,6,2012,0,0,65.11,197.6551863,6.547,14.177639987115183,41,2012-06-08
1899424.5726573425,2,23,6,2012,0,0,86.87,130.8896774,7.382,14.425543707913329,10,2012-06-08
1356755.3935664336,2,23,6,2012,0,0,59.93,138.1174194,8.983,14.156482747450612,24,2012-06-08
1356383.1244755245,2,23,6,2012,0,0,82.1,225.2521458,6.664,14.162176752053481,11,2012-06-08
539451.4287412588,0,23,6,2012,0,0,61.71,138.1174194,9.14,13.225089897138636,29,2012-06-08
1395901.437062937,2,23,6,2012,0,0,79.47,221.3877467,6.891,14.18243356367745,31,2012-06-08
302748.86601398606,0,23,6,2012,0,0,68.4,130.8896774,5.621,12.737404707682732,44,2012-06-08
1002911.8446853146,1,23,6,2012,0,0,49.43,138.1174194,7.489,13.91642123475808,26,2012-06-08
438579.6162237762,0,23,6,2012,0,0,79.47,221.3877467,6.891,12.988200791333414,30,2012-06-08
1009001.6094405595,1,23,6,2012,0,0,84.83,130.8896774,11.627,13.89822581734176,12,2012-06-08
919724.9795804196,1,23,6,2012,0,0,64.05,142.1158099,8.876,13.680167250527374,35,2012-06-08
402704.44104895106,0,23,6,2012,0,0,81.65,225.2521458,6.664,13.008831343423385,3,2012-06-08
318011.8104895105,0,23,6,2012,0,0,81.02,222.33627,5.801,12.741704797349144,5,2012-06-08
1028501.0389510489,1,23,6,2012,0,0,61.71,142.1158099,7.671,13.874849996639472,22,2012-06-08
908749.5183916084,1,23,6,2012,0,0,74.28,225.3011521,5.679,13.741671318929342,8,2012-06-08
964128.0404895104,1,23,6,2012,0,0,55.78,138.1174194,4.125,13.891904660643384,40,2012-06-08
385731.6532867133,0,23,6,2012,0,0,84.83,130.8896774,11.627,13.012796806462209,38,2012-06-08
1564728.1862937063,2,23,6,2012,0,0,80.5,223.3553131,5.964,14.344148901060422,6,2012-06-08
259861.69202797202,0,23,6,2012,0,0,90.94,130.8896774,7.396,12.56403991405765,33,2012-06-08
1555264.3975524476,2,23,6,2012,0,0,78.3,221.7494839,7.143,14.344509223148796,1,2012-06-08
2094712.9606993007,2,23,6,2012,0,0,78.11,130.8896774,4.308,14.624331074773414,4,2012-06-08
1450668.1291608391,2,23,6,2012,0,0,81.12,220.4357073,6.989,14.300059908410944,39,2012-06-08
556403.863146853,0,23,6,2012,0,0,86.87,130.8896774,7.382,13.373390511086761,42,2012-06-08
570617.3086713287,0,23,6,2012,0,0,63.07,197.6551863,8.09,13.373845180566168,7,2012-06-08
1775216.2019580419,2,23,6,2012,0,0,64.05,142.1158099,8.253,14.383523737478917,27,2012-06-08
966781.5594405595,1,23,6,2012,0,0,75.35,130.8896774,9.575,13.81502272899507,34,2012-06-08
519247.7300699301,0,23,6,2012,0,0,65.43,197.6551863,6.169,13.310699957619198,16,2012-06-08
706721.5326573426,1,23,6,2012,0,0,58.48,214.5527132,7.139,13.501149327379816,25,2012-06-08
893581.3904195804,1,23,6,2012,0,0,60.51,130.8896774,6.235,13.803429110293937,17,2012-06-08
1084718.421048951,1,23,6,2012,0,0,59.1,138.1174194,8.304,13.920303758729434,18,2012-06-08
1925751.3355244757,2,23,6,2012,0,0,78.69,221.3877467,6.891,14.51375347816173,2,2012-06-08
373511.9927972028,0,23,6,2012,0,0,81.5,220.4357073,6.989,12.731612620301846,36,2012-06-08
1444999.0356643356,2,23,6,2012,0,0,60.19,138.1174194,8.15,14.144902869530254,19,2012-06-08
785981.4085314686,1,23,6,2012,0,0,64.3,191.0155329,8.567,13.58626593289205,45,2012-06-08
2107676.8703496503,2,23,6,2012,0,0,62.01,214.5527132,7.139,14.618392083529697,20,2012-06-08
543980.5523776223,0,23,6,2012,0,0,78.91,225.4947868,5.539,13.275129819616607,9,2012-06-08
1166568.154965035,1,23,6,2012,0,0,71.14,197.6551863,8.09,14.035708527308312,32,2012-06-08
633324.7231468532,0,23,6,2012,0,0,85.73,213.1702811,9.575,13.373952116947349,43,2012-06-08
2020978.4009790209,2,23,6,2012,0,0,64.3,191.0155329,8.567,14.55726544795456,14,2012-06-08
1323522.241818182,1,23,6,2012,0,0,84.83,130.8896774,11.627,14.180631814168226,28,2012-06-08
385731.6532867133,0,24,6,2012,0,0,85.94,130.8295333,11.627,12.972059120598296,38,2012-06-15
1450668.1291608391,2,24,6,2012,0,0,81.33,220.4494148,6.989,14.277671526284283,39,2012-06-15
373511.9927972028,0,24,6,2012,0,0,82.15,220.4494148,6.989,12.71634175447051,36,2012-06-15
302748.86601398606,0,24,6,2012,0,0,65.97,130.8295333,5.621,12.731989284950334,44,2012-06-15
519247.7300699301,0,24,6,2012,0,0,65.36,197.692292,6.169,13.253473724161019,16,2012-06-15
1009001.6094405595,1,24,6,2012,0,0,85.94,130.8295333,11.627,13.834878296592438,12,2012-06-15
919724.9795804196,1,24,6,2012,0,0,69.52,142.1292548,8.876,13.650978320769058,35,2012-06-15
1555264.3975524476,2,24,6,2012,0,0,79.35,221.7626421,7.143,14.30446350936842,1,2012-06-15
259861.69202797202,0,24,6,2012,0,0,92.44,130.8295333,7.396,12.57917057593276,33,2012-06-15
318011.8104895105,0,24,6,2012,0,0,81.64,222.3492901,5.801,12.698891027730047,5,2012-06-15
1028501.0389510489,1,24,6,2012,0,0,66.56,142.1292548,7.671,13.874929926696097,22,2012-06-15
2020978.4009790209,2,24,6,2012,0,0,71.93,191.0299731,8.567,14.460378150988351,14,2012-06-15
1564728.1862937063,2,24,6,2012,0,0,82.1,223.3680933,5.964,14.311576885194846,6,2012-06-15
633324.7231468532,0,24,6,2012,0,0,87.75,213.1786952,9.575,13.361090629631613,43,2012-06-15
1925751.3355244757,2,24,6,2012,0,0,80.56,221.4009901,6.891,14.489946418535546,2,2012-06-15
964128.0404895104,1,24,6,2012,0,0,63.39,138.1295333,4.125,13.793215131825178,40,2012-06-15
402704.44104895106,0,24,6,2012,0,0,84.66,225.2644795,6.664,12.99923661694867,3,2012-06-15
1323522.241818182,1,24,6,2012,0,0,85.94,130.8295333,11.627,14.022331188295922,28,2012-06-15
908749.5183916084,1,24,6,2012,0,0,77.14,225.3134743,5.679,13.728775179247252,8,2012-06-15
1444999.0356643356,2,24,6,2012,0,0,68.19,138.1295333,8.15,14.180337092229582,19,2012-06-15
1002911.8446853146,1,24,6,2012,0,0,57.84,138.1295333,7.489,13.84434018179849,26,2012-06-15
438579.6162237762,0,24,6,2012,0,0,81.51,221.4009901,6.891,12.991170368627987,30,2012-06-15
966781.5594405595,1,24,6,2012,0,0,76.48,130.8295333,9.575,13.797699386602751,34,2012-06-15
1166568.154965035,1,24,6,2012,0,0,70.91,197.692292,8.09,14.026387614507358,32,2012-06-15
1395901.437062937,2,24,6,2012,0,0,81.51,221.4009901,6.891,14.173887154271043,31,2012-06-15
2107676.8703496503,2,24,6,2012,0,0,71.51,214.5653243,7.139,14.588005415489091,20,2012-06-15
756069.0833566433,1,24,6,2012,0,0,81.51,221.4009901,6.891,13.496750584958479,21,2012-06-15
623312.474965035,0,24,6,2012,0,0,67.7,138.1295333,8.15,13.364114567790809,15,2012-06-15
1389864.4604895106,2,24,6,2012,0,0,64.73,138.1295333,4.125,14.249672401047869,23,2012-06-15
2003620.3062937064,2,24,6,2012,0,0,65.97,130.8295333,5.965,14.582015122986036,13,2012-06-15
539451.4287412588,0,24,6,2012,0,0,66.56,138.1295333,9.14,13.221918643158716,29,2012-06-15
556403.863146853,0,24,6,2012,0,0,88.58,130.8295333,7.382,13.315146899820625,42,2012-06-15
785981.4085314686,1,24,6,2012,0,0,71.93,191.0299731,8.567,13.61888621828489,45,2012-06-15
706721.5326573426,1,24,6,2012,0,0,68.34,214.5653243,7.139,13.53296446045119,25,2012-06-15
518900.2819580419,0,24,6,2012,0,0,82.15,220.4494148,6.989,13.139366324544994,37,2012-06-15
1084718.421048951,1,24,6,2012,0,0,66.58,138.1295333,8.304,13.871348996019368,18,2012-06-15
570617.3086713287,0,24,6,2012,0,0,59.33,197.692292,8.09,13.410459893962285,7,2012-06-15
1899424.5726573425,2,24,6,2012,0,0,88.58,130.8295333,7.382,14.409701052289229,10,2012-06-15
2094712.9606993007,2,24,6,2012,0,0,80.94,130.8295333,4.308,14.61939016808121,4,2012-06-15
1775216.2019580419,2,24,6,2012,0,0,69.52,142.1292548,8.253,14.388466432812004,27,2012-06-15
1268125.418811189,1,24,6,2012,0,0,64.92,197.692292,6.547,14.140911439834046,41,2012-06-15
893581.3904195804,1,24,6,2012,0,0,56.67,130.8295333,6.235,13.779023601490785,17,2012-06-15
543980.5523776223,0,24,6,2012,0,0,82.21,225.5070634,5.539,13.243885369996988,9,2012-06-15
1356383.1244755245,2,24,6,2012,0,0,84.97,225.2644795,6.664,14.164670831359564,11,2012-06-15
1356755.3935664336,2,24,6,2012,0,0,68.28,138.1295333,8.983,14.126259761651513,24,2012-06-15
1356383.1244755245,2,25,6,2012,0,0,83.26,225.3068615,6.664,14.119814690360192,11,2012-06-22
1028501.0389510489,1,25,6,2012,0,0,70.61,142.1606464,7.671,13.922075617867309,22,2012-06-22
1389864.4604895106,2,25,6,2012,0,0,71.82,138.1629,4.125,14.235564443800863,23,2012-06-22
1009001.6094405595,1,25,6,2012,0,0,91.61,130.7929,11.627,13.79672241090896,12,2012-06-22
893581.3904195804,1,25,6,2012,0,0,62.9,130.7929,6.235,13.796543382980602,17,2012-06-22
1564728.1862937063,2,25,6,2012,0,0,81.2,223.4093906,5.964,14.296870243676707,6,2012-06-22
623312.474965035,0,25,6,2012,0,0,74.28,138.1629,8.15,13.440215618573138,15,2012-06-22
966781.5594405595,1,25,6,2012,0,0,78.85,130.7929,9.575,13.815796617045473,34,2012-06-22
908749.5183916084,1,25,6,2012,0,0,78.85,225.3558843,5.679,13.709539467054421,8,2012-06-22
1444999.0356643356,2,25,6,2012,0,0,75.83,138.1629,8.15,14.199650805566948,19,2012-06-22
438579.6162237762,0,25,6,2012,0,0,81.78,221.4411622,6.891,12.968175833564267,30,2012-06-22
785981.4085314686,1,25,6,2012,0,0,74.22,191.0646096,8.567,13.620189058895603,45,2012-06-22
1002911.8446853146,1,25,6,2012,0,0,63.04,138.1629,7.489,13.870267561280205,26,2012-06-22
302748.86601398606,0,25,6,2012,0,0,72.89,130.7929,5.621,12.725586417793595,44,2012-06-22
259861.69202797202,0,25,6,2012,0,0,95.75,130.7929,7.396,12.474829090259204,33,2012-06-22
570617.3086713287,0,25,6,2012,0,0,63.69,197.7389345,8.09,13.440592617872177,7,2012-06-22
1084718.421048951,1,25,6,2012,0,0,70.92,138.1629,8.304,13.892803849454696,18,2012-06-22
2107676.8703496503,2,25,6,2012,0,0,76.51,214.606,7.139,14.538502757083519,20,2012-06-22
1166568.154965035,1,25,6,2012,0,0,74.85,197.7389345,8.09,13.995229656298953,32,2012-06-22
1323522.241818182,1,25,6,2012,0,0,91.61,130.7929,11.627,13.98159479170481,28,2012-06-22
1395901.437062937,2,25,6,2012,0,0,81.78,221.4411622,6.891,14.147735760117133,31,2012-06-22
756069.0833566433,1,25,6,2012,0,0,81.78,221.4411622,6.891,13.508810110609996,21,2012-06-22
556403.863146853,0,25,6,2012,0,0,89.92,130.7929,7.382,13.199384213049026,42,2012-06-22
1356755.3935664336,2,25,6,2012,0,0,72.29,138.1629,8.983,14.176473735273504,24,2012-06-22
2003620.3062937064,2,25,6,2012,0,0,72.89,130.7929,5.965,14.554765260004185,13,2012-06-22
539451.4287412588,0,25,6,2012,0,0,70.61,138.1629,9.14,13.273977414099608,29,2012-06-22
1899424.5726573425,2,25,6,2012,0,0,89.92,130.7929,7.382,14.378170382401631,10,2012-06-22
1268125.418811189,1,25,6,2012,0,0,66.88,197.7389345,6.547,14.142226910326354,41,2012-06-22
1775216.2019580419,2,25,6,2012,0,0,73.23,142.1606464,8.253,14.424126441773423,27,2012-06-22
706721.5326573426,1,25,6,2012,0,0,73.52,214.606,7.139,13.489230266569482,25,2012-06-22
2094712.9606993007,2,25,6,2012,0,0,81.63,130.7929,4.308,14.602740187702908,4,2012-06-22
1450668.1291608391,2,25,6,2012,0,0,79.84,220.4886472,6.989,14.242292042496913,39,2012-06-22
633324.7231468532,0,25,6,2012,0,0,87.51,213.2123786,9.575,13.32656349349112,43,2012-06-22
402704.44104895106,0,25,6,2012,0,0,82.7,225.3068615,6.664,12.946816301906528,3,2012-06-22
385731.6532867133,0,25,6,2012,0,0,91.61,130.7929,11.627,12.91395904318848,38,2012-06-22
964128.0404895104,1,25,6,2012,0,0,69.32,138.1629,4.125,13.848513112996873,40,2012-06-22
1925751.3355244757,2,25,6,2012,0,0,81.04,221.4411622,6.891,14.450887837175651,2,2012-06-22
518900.2819580419,0,25,6,2012,0,0,80.4,220.4886472,6.989,13.089909914672607,37,2012-06-22
919724.9795804196,1,25,6,2012,0,0,73.23,142.1606464,8.876,13.723062977011477,35,2012-06-22
318011.8104895105,0,25,6,2012,0,0,80.57,222.3900046,5.801,12.691711775766677,5,2012-06-22
1555264.3975524476,2,25,6,2012,0,0,78.39,221.8030211,7.143,14.239369988447109,1,2012-06-22
2020978.4009790209,2,25,6,2012,0,0,74.22,191.0646096,8.567,14.3224666326727,14,2012-06-22
519247.7300699301,0,25,6,2012,0,0,70.41,197.7389345,6.169,13.273790442987922,16,2012-06-22
543980.5523776223,0,25,6,2012,0,0,81.05,225.5495841,5.539,13.239566902954941,9,2012-06-22
373511.9927972028,0,25,6,2012,0,0,80.4,220.4886472,6.989,12.632685913208324,36,2012-06-22
1084718.421048951,1,26,6,2012,0,0,70.17,138.1962667,8.304,13.908096393747533,18,2012-06-29
1925751.3355244757,2,26,6,2012,0,0,86.32,221.4813343,6.891,14.44733915847446,2,2012-06-29
1775216.2019580419,2,26,6,2012,0,0,73.94,142.1920381,8.253,14.426664469742642,27,2012-06-29
633324.7231468532,0,26,6,2012,0,0,89.85,213.2460619,9.575,13.293167411441159,43,2012-06-29
1444999.0356643356,2,26,6,2012,0,0,69.92,138.1962667,8.15,14.137343047372203,19,2012-06-29
1002911.8446853146,1,26,6,2012,0,0,60.71,138.1962667,7.489,13.865434783604746,26,2012-06-29
1356755.3935664336,2,26,6,2012,0,0,70.4,138.1962667,8.983,14.172395109933708,24,2012-06-29
706721.5326573426,1,26,6,2012,0,0,69.84,214.6466757,7.139,13.485466152502006,25,2012-06-29
2107676.8703496503,2,26,6,2012,0,0,74.15,214.6466757,7.139,14.536250342073068,20,2012-06-29
756069.0833566433,1,26,6,2012,0,0,88.05,221.4813343,6.891,13.481913529966423,21,2012-06-29
1268125.418811189,1,26,6,2012,0,0,76.54,197.785577,6.547,14.119755463772295,41,2012-06-29
2094712.9606993007,2,26,6,2012,0,0,84.23,130.7562667,4.308,14.570864129859862,4,2012-06-29
1389864.4604895106,2,26,6,2012,0,0,64.23,138.1962667,4.125,14.188303124371748,23,2012-06-29
302748.86601398606,0,26,6,2012,0,0,82.0,130.7562667,5.621,12.731945726316312,44,2012-06-29
1555264.3975524476,2,26,6,2012,0,0,84.88,221.8434,7.143,14.24756728092018,1,2012-06-29
1028501.0389510489,1,26,6,2012,0,0,70.99,142.1920381,7.671,13.86799178747741,22,2012-06-29
318011.8104895105,0,26,6,2012,0,0,87.08,222.4307191,5.801,12.705814369196078,5,2012-06-29
964128.0404895104,1,26,6,2012,0,0,64.42,138.1962667,4.125,13.804212818163238,40,2012-06-29
402704.44104895106,0,26,6,2012,0,0,86.42,225.3492435,6.664,12.95504785675157,3,2012-06-29
556403.863146853,0,26,6,2012,0,0,91.36,130.7562667,7.382,13.137064326970297,42,2012-06-29
785981.4085314686,1,26,6,2012,0,0,75.22,191.0992462,8.567,13.558511199617737,45,2012-06-29
1323522.241818182,1,26,6,2012,0,0,90.47,130.7562667,11.627,13.93687205439691,28,2012-06-29
893581.3904195804,1,26,6,2012,0,0,71.14,130.7562667,6.235,13.79767569814315,17,2012-06-29
1395901.437062937,2,26,6,2012,0,0,88.05,221.4813343,6.891,14.115024791001597,31,2012-06-29
2020978.4009790209,2,26,6,2012,0,0,75.22,191.0992462,8.567,14.28039863756878,14,2012-06-29
438579.6162237762,0,26,6,2012,0,0,88.05,221.4813343,6.891,12.955584563941478,30,2012-06-29
518900.2819580419,0,26,6,2012,0,0,86.68,220.5278796,6.989,13.13884837017718,37,2012-06-29
966781.5594405595,1,26,6,2012,0,0,81.91,130.7562667,9.575,13.756791476327406,34,2012-06-29
1564728.1862937063,2,26,6,2012,0,0,87.35,223.4506878,5.964,14.315597402893658,6,2012-06-29
385731.6532867133,0,26,6,2012,0,0,90.47,130.7562667,11.627,12.910741594855049,38,2012-06-29
539451.4287412588,0,26,6,2012,0,0,70.99,138.1962667,9.14,13.228442868537334,29,2012-06-29
1450668.1291608391,2,26,6,2012,0,0,85.72,220.5278796,6.989,14.21588940628891,39,2012-06-29
543980.5523776223,0,26,6,2012,0,0,87.18,225.5921049,5.539,13.208122086800081,9,2012-06-29
1166568.154965035,1,26,6,2012,0,0,81.95,197.785577,8.09,13.979509280528019,32,2012-06-29
373511.9927972028,0,26,6,2012,0,0,86.68,220.5278796,6.989,12.582903100572702,36,2012-06-29
1356383.1244755245,2,26,6,2012,0,0,87.86,225.3492435,6.664,14.07558728493485,11,2012-06-29
259861.69202797202,0,26,6,2012,0,0,98.15,130.7562667,7.396,12.4063131530202,33,2012-06-29
1009001.6094405595,1,26,6,2012,0,0,90.47,130.7562667,11.627,13.756954893129523,12,2012-06-29
1899424.5726573425,2,26,6,2012,0,0,91.36,130.7562667,7.382,14.350530855735647,10,2012-06-29
908749.5183916084,1,26,6,2012,0,0,84.47,225.3982943,5.679,13.685742611825571,8,2012-06-29
623312.474965035,0,26,6,2012,0,0,68.91,138.1962667,8.15,13.344066660029354,15,2012-06-29
2003620.3062937064,2,26,6,2012,0,0,82.0,130.7562667,5.965,14.52731496009364,13,2012-06-29
919724.9795804196,1,26,6,2012,0,0,73.94,142.1920381,8.876,13.701372084066977,35,2012-06-29
519247.7300699301,0,26,6,2012,0,0,77.31,197.785577,6.169,13.253678054930358,16,2012-06-29
570617.3086713287,0,26,6,2012,0,0,68.84,197.785577,8.09,13.46501137611742,7,2012-06-29
1389864.4604895106,2,27,7,2012,0,0,70.86,138.2296333,4.156,14.250774672472362,23,2012-07-06
964128.0404895104,1,27,7,2012,0,0,69.08,138.2296333,4.156,13.983481772704282,40,2012-07-06
2003620.3062937064,2,27,7,2012,0,0,79.23,130.7196333,5.765,14.597117851006292,13,2012-07-06
385731.6532867133,0,27,7,2012,0,0,89.13,130.7196333,10.926,13.06279853632186,38,2012-07-06
1356755.3935664336,2,27,7,2012,0,0,77.18,138.2296333,8.953,14.313310970774994,24,2012-07-06
1002911.8446853146,1,27,7,2012,0,0,64.94,138.2296333,7.405,13.981424747039405,26,2012-07-06
966781.5594405595,1,27,7,2012,0,0,77.95,130.7196333,9.285,13.823348441348786,34,2012-07-06
318011.8104895105,0,27,7,2012,0,0,82.35,222.4714336,5.603,12.740269316320402,5,2012-07-06
402704.44104895106,0,27,7,2012,0,0,83.14,225.3916254,6.334,12.92685323225637,3,2012-07-06
756069.0833566433,1,27,7,2012,0,0,85.26,221.5215064,6.565,13.448806331341475,21,2012-07-06
518900.2819580419,0,27,7,2012,0,0,81.52,220.567112,6.623,13.160620780569648,37,2012-07-06
1395901.437062937,2,27,7,2012,0,0,85.26,221.5215064,6.565,14.192617631021331,31,2012-07-06
438579.6162237762,0,27,7,2012,0,0,85.26,221.5215064,6.565,12.99578925815795,30,2012-07-06
539451.4287412588,0,27,7,2012,0,0,77.41,138.2296333,9.419,13.268769994948478,29,2012-07-06
1444999.0356643356,2,27,7,2012,0,0,76.07,138.2296333,8.193,14.258349443921029,19,2012-07-06
1450668.1291608391,2,27,7,2012,0,0,81.05,220.567112,6.623,14.321859972436622,39,2012-07-06
633324.7231468532,0,27,7,2012,0,0,82.68,213.2797452,9.285,13.377965739343681,43,2012-07-06
1899424.5726573425,2,27,7,2012,0,0,86.87,130.7196333,7.17,14.40662545038976,10,2012-07-06
1555264.3975524476,2,27,7,2012,0,0,81.57,221.8837789,6.908,14.386408270693238,1,2012-07-06
919724.9795804196,1,27,7,2012,0,0,82.08,142.2234298,8.839,13.80088476053162,35,2012-07-06
1356383.1244755245,2,27,7,2012,0,0,83.44,225.3916254,6.334,14.194721310262404,11,2012-07-06
785981.4085314686,1,27,7,2012,0,0,82.99,191.1338827,8.684,13.645151682125775,45,2012-07-06
623312.474965035,0,27,7,2012,0,0,74.64,138.2296333,8.193,13.426940545552368,15,2012-07-06
259861.69202797202,0,27,7,2012,0,0,93.21,130.7196333,7.147,12.519756363658443,33,2012-07-06
706721.5326573426,1,27,7,2012,0,0,75.52,214.6873514,7.28,13.53233372167828,25,2012-07-06
1775216.2019580419,2,27,7,2012,0,0,82.08,142.2234298,8.239,14.53929650108795,27,2012-07-06
1009001.6094405595,1,27,7,2012,0,0,89.13,130.7196333,10.926,13.830300426666762,12,2012-07-06
1028501.0389510489,1,27,7,2012,0,0,77.41,142.2234298,7.753,13.908807020691546,22,2012-07-06
2020978.4009790209,2,27,7,2012,0,0,82.99,191.1338827,8.684,14.4372315249317,14,2012-07-06
543980.5523776223,0,27,7,2012,0,0,84.15,225.6346256,5.277,13.268697346191976,9,2012-07-06
302748.86601398606,0,27,7,2012,0,0,79.23,130.7196333,5.407,12.78957955421547,44,2012-07-06
556403.863146853,0,27,7,2012,0,0,86.87,130.7196333,7.17,13.335380775849586,42,2012-07-06
373511.9927972028,0,27,7,2012,0,0,81.52,220.567112,6.623,12.633233652922982,36,2012-07-06
2107676.8703496503,2,27,7,2012,0,0,79.2,214.6873514,7.28,14.673348235960665,20,2012-07-06
893581.3904195804,1,27,7,2012,0,0,68.91,130.7196333,5.936,13.861232706296777,17,2012-07-06
1564728.1862937063,2,27,7,2012,0,0,82.95,223.4919851,5.668,14.44484449564211,6,2012-07-06
519247.7300699301,0,27,7,2012,0,0,70.49,197.8322195,6.061,13.371976739692505,16,2012-07-06
570617.3086713287,0,27,7,2012,0,0,64.67,197.8322195,7.872,13.599396752486365,7,2012-07-06
1268125.418811189,1,27,7,2012,0,0,74.47,197.8322195,6.432,14.191410828279347,41,2012-07-06
1084718.421048951,1,27,7,2012,0,0,76.08,138.2296333,8.535,13.962419344180054,18,2012-07-06
908749.5183916084,1,27,7,2012,0,0,81.24,225.4407043,5.401,13.749591350784911,8,2012-07-06
1925751.3355244757,2,27,7,2012,0,0,84.2,221.5215064,6.565,14.529199504354905,2,2012-07-06
2094712.9606993007,2,27,7,2012,0,0,80.37,130.7196333,4.077,14.615042855099208,4,2012-07-06
1323522.241818182,1,27,7,2012,0,0,89.13,130.7196333,10.926,14.221551860040806,28,2012-07-06
1166568.154965035,1,27,7,2012,0,0,78.68,197.8322195,7.872,14.009583603081019,32,2012-07-06
1028501.0389510489,1,28,7,2012,0,0,75.81,142.2548214,7.753,13.786454880534214,22,2012-07-13
519247.7300699301,0,28,7,2012,0,0,70.29,197.8788621,6.061,13.251646363315375,16,2012-07-13
1899424.5726573425,2,28,7,2012,0,0,89.8,130.683,7.17,14.383985790580857,10,2012-07-13
1450668.1291608391,2,28,7,2012,0,0,78.16,220.6063444,6.623,14.20163161041621,39,2012-07-13
1775216.2019580419,2,28,7,2012,0,0,78.95,142.2548214,8.239,14.37848671068725,27,2012-07-13
1356755.3935664336,2,28,7,2012,0,0,75.36,138.263,8.953,14.155887148381154,24,2012-07-13
539451.4287412588,0,28,7,2012,0,0,75.81,138.263,9.419,13.151360390804108,29,2012-07-13
438579.6162237762,0,28,7,2012,0,0,82.51,221.5616784,6.565,12.942378304903832,30,2012-07-13
2003620.3062937064,2,28,7,2012,0,0,83.68,130.683,5.765,14.510032787710623,13,2012-07-13
1268125.418811189,1,28,7,2012,0,0,67.24,197.8788621,6.432,14.102638779568986,41,2012-07-13
259861.69202797202,0,28,7,2012,0,0,97.6,130.683,7.147,12.56735818432259,33,2012-07-13
2020978.4009790209,2,28,7,2012,0,0,79.97,191.1685192,8.684,14.250161162398044,14,2012-07-13
756069.0833566433,1,28,7,2012,0,0,82.51,221.5616784,6.565,13.412243073311789,21,2012-07-13
1356383.1244755245,2,28,7,2012,0,0,82.46,225.4340074,6.334,14.093324482510775,11,2012-07-13
543980.5523776223,0,28,7,2012,0,0,82.39,225.6771463,5.277,13.192893860826599,9,2012-07-13
2107676.8703496503,2,28,7,2012,0,0,78.27,214.728027,7.28,14.573827835175981,20,2012-07-13
1389864.4604895106,2,28,7,2012,0,0,69.19,138.263,4.156,14.141154833227306,23,2012-07-13
2094712.9606993007,2,28,7,2012,0,0,76.86,130.683,4.077,14.557568662068611,4,2012-07-13
1084718.421048951,1,28,7,2012,0,0,75.09,138.263,8.535,13.839994290204078,18,2012-07-13
385731.6532867133,0,28,7,2012,0,0,95.61,130.683,10.926,12.938531280318612,38,2012-07-13
1009001.6094405595,1,28,7,2012,0,0,95.61,130.683,10.926,13.77501533296571,12,2012-07-13
706721.5326573426,1,28,7,2012,0,0,73.87,214.728027,7.28,13.478771215673518,25,2012-07-13
570617.3086713287,0,28,7,2012,0,0,64.21,197.8788621,7.872,13.45044607721369,7,2012-07-13
1395901.437062937,2,28,7,2012,0,0,82.51,221.5616784,6.565,14.133456771226497,31,2012-07-13
1925751.3355244757,2,28,7,2012,0,0,80.17,221.5616784,6.565,14.419868125045198,2,2012-07-13
966781.5594405595,1,28,7,2012,0,0,74.02,130.683,9.285,13.769130175437368,34,2012-07-13
893581.3904195804,1,28,7,2012,0,0,72.94,130.683,5.936,13.775466427495985,17,2012-07-13
623312.474965035,0,28,7,2012,0,0,72.62,138.263,8.193,13.290140508298864,15,2012-07-13
1002911.8446853146,1,28,7,2012,0,0,64.47,138.263,7.405,13.876747491103393,26,2012-07-13
964128.0404895104,1,28,7,2012,0,0,67.48,138.263,4.156,13.795154481743488,40,2012-07-13
402704.44104895106,0,28,7,2012,0,0,82.28,225.4340074,6.334,12.940635484357175,3,2012-07-13
373511.9927972028,0,28,7,2012,0,0,78.15,220.6063444,6.623,12.605983725203876,36,2012-07-13
518900.2819580419,0,28,7,2012,0,0,78.15,220.6063444,6.623,13.13430473474912,37,2012-07-13
908749.5183916084,1,28,7,2012,0,0,78.46,225.4831143,5.401,13.699526040254451,8,2012-07-13
1323522.241818182,1,28,7,2012,0,0,95.61,130.683,10.926,13.980953841368013,28,2012-07-13
302748.86601398606,0,28,7,2012,0,0,83.68,130.683,5.407,12.726295447188438,44,2012-07-13
1564728.1862937063,2,28,7,2012,0,0,80.27,223.5332824,5.668,14.278076130825964,6,2012-07-13
785981.4085314686,1,28,7,2012,0,0,79.97,191.1685192,8.684,13.52758589609006,45,2012-07-13
318011.8104895105,0,28,7,2012,0,0,80.78,222.5121481,5.603,12.664144877906642,5,2012-07-13
556403.863146853,0,28,7,2012,0,0,89.8,130.683,7.17,13.350454795810718,42,2012-07-13
919724.9795804196,1,28,7,2012,0,0,78.95,142.2548214,8.839,13.62406487867301,35,2012-07-13
633324.7231468532,0,28,7,2012,0,0,78.82,213.3134286,9.285,13.349714130022443,43,2012-07-13
1166568.154965035,1,28,7,2012,0,0,71.57,197.8788621,7.872,13.947578332522237,32,2012-07-13
1444999.0356643356,2,28,7,2012,0,0,73.17,138.263,8.193,14.094461386299598,19,2012-07-13
1555264.3975524476,2,28,7,2012,0,0,77.12,221.9241579,6.908,14.23882543353013,1,2012-07-13
2094712.9606993007,2,29,7,2012,0,0,79.14,130.7012903,4.077,14.592798816393719,4,2012-07-20
556403.863146853,0,29,7,2012,0,0,84.45,130.7012903,7.17,13.181234726665705,42,2012-07-20
1356755.3935664336,2,29,7,2012,0,0,76.42,138.2331935,8.953,14.147903055183113,24,2012-07-20
893581.3904195804,1,29,7,2012,0,0,70.59,130.7012903,5.936,13.758622378196044,17,2012-07-20
1166568.154965035,1,29,7,2012,0,0,77.76,197.9290378,7.872,13.97065816640731,32,2012-07-20
2107676.8703496503,2,29,7,2012,0,0,76.04,214.7331351,7.28,14.493631046172885,20,2012-07-20
543980.5523776223,0,29,7,2012,0,0,83.39,225.6871121,5.277,13.149964089079905,9,2012-07-20
908749.5183916084,1,29,7,2012,0,0,79.94,225.4930078,5.401,13.697666974224893,8,2012-07-20
519247.7300699301,0,29,7,2012,0,0,68.43,197.9290378,6.061,13.245109259960595,16,2012-07-20
373511.9927972028,0,29,7,2012,0,0,81.76,220.6148749,6.623,12.622446535921245,36,2012-07-20
2020978.4009790209,2,29,7,2012,0,0,78.89,191.1670428,8.684,14.255860814746843,14,2012-07-20
1268125.418811189,1,29,7,2012,0,0,74.06,197.9290378,6.432,14.113521797917398,41,2012-07-20
919724.9795804196,1,29,7,2012,0,0,78.64,142.2337569,8.839,13.642615321486618,35,2012-07-20
785981.4085314686,1,29,7,2012,0,0,78.89,191.1670428,8.684,13.511176812740946,45,2012-07-20
706721.5326573426,1,29,7,2012,0,0,74.32,214.7331351,7.28,13.438162796223402,25,2012-07-20
1323522.241818182,1,29,7,2012,0,0,85.53,130.7012903,10.926,13.954775402893924,28,2012-07-20
1009001.6094405595,1,29,7,2012,0,0,85.53,130.7012903,10.926,13.755284155597948,12,2012-07-20
302748.86601398606,0,29,7,2012,0,0,75.69,130.7012903,5.407,12.730268961859231,44,2012-07-20
1775216.2019580419,2,29,7,2012,0,0,78.64,142.2337569,8.239,14.364160531960922,27,2012-07-20
402704.44104895106,0,29,7,2012,0,0,81.38,225.4438827,6.334,12.977166145568978,3,2012-07-20
1356383.1244755245,2,29,7,2012,0,0,82.41,225.4438827,6.334,14.111521456746981,11,2012-07-20
1084718.421048951,1,29,7,2012,0,0,77.43,138.2331935,8.535,13.84850477280102,18,2012-07-20
1564728.1862937063,2,29,7,2012,0,0,81.57,223.5424501,5.668,14.269361284932387,6,2012-07-20
259861.69202797202,0,29,7,2012,0,0,91.49,130.7012903,7.147,12.44196218057229,33,2012-07-20
2003620.3062937064,2,29,7,2012,0,0,75.69,130.7012903,5.765,14.534856689188251,13,2012-07-20
318011.8104895105,0,29,7,2012,0,0,81.05,222.5209358,5.603,12.679838314422417,5,2012-07-20
1555264.3975524476,2,29,7,2012,0,0,80.42,221.9327267,6.908,14.219611909912922,1,2012-07-20
1450668.1291608391,2,29,7,2012,0,0,80.32,220.6148749,6.623,14.27430741905747,39,2012-07-20
1899424.5726573425,2,29,7,2012,0,0,84.45,130.7012903,7.17,14.441431892427943,10,2012-07-20
633324.7231468532,0,29,7,2012,0,0,83.83,213.3219124,9.285,13.2989268046105,43,2012-07-20
1444999.0356643356,2,29,7,2012,0,0,76.17,138.2331935,8.193,14.091378558275553,19,2012-07-20
539451.4287412588,0,29,7,2012,0,0,76.57,138.2331935,9.419,13.13568694319103,29,2012-07-20
438579.6162237762,0,29,7,2012,0,0,84.25,221.5701123,6.565,12.965690947302559,30,2012-07-20
1028501.0389510489,1,29,7,2012,0,0,76.57,142.2337569,7.753,13.80744851686931,22,2012-07-20
518900.2819580419,0,29,7,2012,0,0,81.76,220.6148749,6.623,13.129826578308405,37,2012-07-20
756069.0833566433,1,29,7,2012,0,0,84.25,221.5701123,6.565,13.446186420659947,21,2012-07-20
1395901.437062937,2,29,7,2012,0,0,84.25,221.5701123,6.565,14.146536705814864,31,2012-07-20
570617.3086713287,0,29,7,2012,0,0,62.87,197.9290378,7.872,13.439138158055806,7,2012-07-20
1925751.3355244757,2,29,7,2012,0,0,83.23,221.5701123,6.565,14.414164328072975,2,2012-07-20
1002911.8446853146,1,29,7,2012,0,0,66.75,138.2331935,7.405,13.863945325654525,26,2012-07-20
964128.0404895104,1,29,7,2012,0,0,70.45,138.2331935,4.156,13.783507251755983,40,2012-07-20
966781.5594405595,1,29,7,2012,0,0,77.7,130.7012903,9.285,13.765196352533717,34,2012-07-20
385731.6532867133,0,29,7,2012,0,0,85.53,130.7012903,10.926,12.998351648651836,38,2012-07-20
1389864.4604895106,2,29,7,2012,0,0,71.13,138.2331935,4.156,14.138564767001501,23,2012-07-20
623312.474965035,0,29,7,2012,0,0,75.31,138.2331935,8.193,13.291887090024419,15,2012-07-20
556403.863146853,0,30,7,2012,0,0,83.98,130.7195806,7.17,13.154546325793696,42,2012-07-27
259861.69202797202,0,30,7,2012,0,0,93.95,130.7195806,7.147,12.42575148164456,33,2012-07-27
2094712.9606993007,2,30,7,2012,0,0,81.06,130.7195806,4.077,14.532674342184228,4,2012-07-27
2020978.4009790209,2,30,7,2012,0,0,77.2,191.1655664,8.684,14.207225335423363,14,2012-07-27
919724.9795804196,1,30,7,2012,0,0,76.01,142.2126924,8.839,13.602355888740322,35,2012-07-27
385731.6532867133,0,30,7,2012,0,0,93.47,130.7195806,10.926,12.917028972625166,38,2012-07-27
1899424.5726573425,2,30,7,2012,0,0,83.98,130.7195806,7.17,14.413030071326105,10,2012-07-27
518900.2819580419,0,30,7,2012,0,0,84.0,220.6234054,6.623,13.150931728145634,37,2012-07-27
1002911.8446853146,1,30,7,2012,0,0,64.12,138.2033871,7.405,13.84676320639145,26,2012-07-27
438579.6162237762,0,30,7,2012,0,0,88.09,221.5785461,6.565,12.958860834906089,30,2012-07-27
1009001.6094405595,1,30,7,2012,0,0,93.47,130.7195806,10.926,13.728828857534445,12,2012-07-27
302748.86601398606,0,30,7,2012,0,0,80.42,130.7195806,5.407,12.675626986360983,44,2012-07-27
908749.5183916084,1,30,7,2012,0,0,81.71,225.5029014,5.401,13.639046039186555,8,2012-07-27
1395901.437062937,2,30,7,2012,0,0,88.09,221.5785461,6.565,14.080742522032544,31,2012-07-27
402704.44104895106,0,30,7,2012,0,0,84.94,225.4537579,6.334,12.872436585910018,3,2012-07-27
1268125.418811189,1,30,7,2012,0,0,73.31,197.9792136,6.432,14.111700066837146,41,2012-07-27
1356755.3935664336,2,30,7,2012,0,0,73.62,138.2033871,8.953,14.083505203584046,24,2012-07-27
2107676.8703496503,2,30,7,2012,0,0,74.6,214.7382432,7.28,14.463430272900823,20,2012-07-27
623312.474965035,0,30,7,2012,0,0,73.9,138.2033871,8.193,13.255480386683931,15,2012-07-27
1444999.0356643356,2,30,7,2012,0,0,74.43,138.2033871,8.193,14.037786877341551,19,2012-07-27
1555264.3975524476,2,30,7,2012,0,0,82.66,221.9412954,6.908,14.17954564646461,1,2012-07-27
893581.3904195804,1,30,7,2012,0,0,74.2,130.7195806,5.936,13.718442497993562,17,2012-07-27
570617.3086713287,0,30,7,2012,0,0,64.6,197.9792136,7.872,13.439166874908796,7,2012-07-27
964128.0404895104,1,30,7,2012,0,0,67.88,138.2033871,4.156,13.76883589703908,40,2012-07-27
318011.8104895105,0,30,7,2012,0,0,85.06,222.5297234,5.603,12.634043782273507,5,2012-07-27
1356383.1244755245,2,30,7,2012,0,0,85.43,225.4537579,6.334,14.056412310905047,11,2012-07-27
1028501.0389510489,1,30,7,2012,0,0,73.52,142.2126924,7.753,13.738340281740012,22,2012-07-27
706721.5326573426,1,30,7,2012,0,0,72.98,214.7382432,7.28,13.398646523244553,25,2012-07-27
966781.5594405595,1,30,7,2012,0,0,77.3,130.7195806,9.285,13.729827160637383,34,2012-07-27
1925751.3355244757,2,30,7,2012,0,0,86.37,221.5785461,6.565,14.379644625938864,2,2012-07-27
2003620.3062937064,2,30,7,2012,0,0,80.42,130.7195806,5.765,14.464931285352916,13,2012-07-27
1564728.1862937063,2,30,7,2012,0,0,85.78,223.5516178,5.668,14.229757102813863,6,2012-07-27
543980.5523776223,0,30,7,2012,0,0,86.41,225.6970779,5.277,13.114234426830592,9,2012-07-27
1450668.1291608391,2,30,7,2012,0,0,82.89,220.6234054,6.623,14.212808095424204,39,2012-07-27
633324.7231468532,0,30,7,2012,0,0,82.01,213.3303963,9.285,13.25767808896998,43,2012-07-27
1775216.2019580419,2,30,7,2012,0,0,76.01,142.2126924,8.239,14.301562662517041,27,2012-07-27
539451.4287412588,0,30,7,2012,0,0,73.52,138.2033871,9.419,13.071405268940962,29,2012-07-27
1323522.241818182,1,30,7,2012,0,0,93.47,130.7195806,10.926,13.942175005748943,28,2012-07-27
519247.7300699301,0,30,7,2012,0,0,69.0,197.9792136,6.061,13.19809935363997,16,2012-07-27
785981.4085314686,1,30,7,2012,0,0,77.2,191.1655664,8.684,13.475373225075721,45,2012-07-27
1389864.4604895106,2,30,7,2012,0,0,69.31,138.2033871,4.156,14.095362071458093,23,2012-07-27
373511.9927972028,0,30,7,2012,0,0,84.0,220.6234054,6.623,12.541274182297037,36,2012-07-27
1166568.154965035,1,30,7,2012,0,0,77.56,197.9792136,7.872,13.950830055975077,32,2012-07-27
1084718.421048951,1,30,7,2012,0,0,72.97,138.2033871,8.535,13.737016182671939,18,2012-07-27
756069.0833566433,1,30,7,2012,0,0,88.09,221.5785461,6.565,13.426592990985247,21,2012-07-27
1899424.5726573425,2,31,8,2012,0,0,84.76,130.737871,7.17,14.477910391593182,10,2012-08-03
1356383.1244755245,2,31,8,2012,0,0,86.94,225.4636332,6.334,14.151512734124378,11,2012-08-03
1555264.3975524476,2,31,8,2012,0,0,86.11,221.9498642,6.908,14.304787746878512,1,2012-08-03
1389864.4604895106,2,31,8,2012,0,0,71.51,138.1735806,4.156,14.164001218839008,23,2012-08-03
539451.4287412588,0,31,8,2012,0,0,72.99,138.1735806,9.419,13.131829908076744,29,2012-08-03
438579.6162237762,0,31,8,2012,0,0,91.57,221.5869799,6.565,12.960168042602966,30,2012-08-03
1450668.1291608391,2,31,8,2012,0,0,84.05,220.6319358,6.623,14.290675059469551,39,2012-08-03
318011.8104895105,0,31,8,2012,0,0,86.91,222.5385111,5.603,12.689104074518681,5,2012-08-03
570617.3086713287,0,31,8,2012,0,0,61.83,198.0293893,7.872,13.431252693158369,7,2012-08-03
964128.0404895104,1,31,8,2012,0,0,70.15,138.1735806,4.156,13.881623863477778,40,2012-08-03
1444999.0356643356,2,31,8,2012,0,0,73.41,138.1735806,8.193,14.109764572817266,19,2012-08-03
556403.863146853,0,31,8,2012,0,0,84.76,130.737871,7.17,13.258790565662563,42,2012-08-03
1166568.154965035,1,31,8,2012,0,0,75.09,198.0293893,7.872,13.984047838302573,32,2012-08-03
919724.9795804196,1,31,8,2012,0,0,75.22,142.1916279,8.839,13.671891149122674,35,2012-08-03
785981.4085314686,1,31,8,2012,0,0,76.58,191.16409,8.684,13.494934026548666,45,2012-08-03
1323522.241818182,1,31,8,2012,0,0,88.16,130.737871,10.926,14.135069932179608,28,2012-08-03
302748.86601398606,0,31,8,2012,0,0,81.99,130.737871,5.407,12.743695144421174,44,2012-08-03
402704.44104895106,0,31,8,2012,0,0,86.55,225.4636332,6.334,12.947989251949275,3,2012-08-03
908749.5183916084,1,31,8,2012,0,0,85.06,225.5127949,5.401,13.706897792804956,8,2012-08-03
633324.7231468532,0,31,8,2012,0,0,85.06,213.3388802,9.285,13.328368810543001,43,2012-08-03
893581.3904195804,1,31,8,2012,0,0,72.94,130.737871,5.936,13.685190381006187,17,2012-08-03
966781.5594405595,1,31,8,2012,0,0,78.93,130.737871,9.285,13.788397714225827,34,2012-08-03
623312.474965035,0,31,8,2012,0,0,73.13,138.1735806,8.193,13.289132316802062,15,2012-08-03
1925751.3355244757,2,31,8,2012,0,0,90.22,221.5869799,6.565,14.481340825968957,2,2012-08-03
756069.0833566433,1,31,8,2012,0,0,91.57,221.5869799,6.565,13.449920059749234,21,2012-08-03
1002911.8446853146,1,31,8,2012,0,0,65.6,138.1735806,7.405,13.902528350766655,26,2012-08-03
518900.2819580419,0,31,8,2012,0,0,85.56,220.6319358,6.623,13.165346772015614,37,2012-08-03
2003620.3062937064,2,31,8,2012,0,0,81.99,130.737871,5.765,14.530492236446982,13,2012-08-03
1395901.437062937,2,31,8,2012,0,0,91.57,221.5869799,6.565,14.144940649643052,31,2012-08-03
1564728.1862937063,2,31,8,2012,0,0,87.55,223.5607856,5.668,14.3024179661671,6,2012-08-03
385731.6532867133,0,31,8,2012,0,0,88.16,130.737871,10.926,13.05902343368578,38,2012-08-03
373511.9927972028,0,31,8,2012,0,0,85.56,220.6319358,6.623,12.628037448593888,36,2012-08-03
1268125.418811189,1,31,8,2012,0,0,73.16,198.0293893,6.432,14.179881655392476,41,2012-08-03
519247.7300699301,0,31,8,2012,0,0,68.59,198.0293893,6.061,13.277659189888269,16,2012-08-03
2020978.4009790209,2,31,8,2012,0,0,76.58,191.16409,8.684,14.320451376178214,14,2012-08-03
2107676.8703496503,2,31,8,2012,0,0,74.73,214.7433514,7.28,14.55483339737512,20,2012-08-03
259861.69202797202,0,31,8,2012,0,0,92.13,130.737871,7.147,12.462782956483464,33,2012-08-03
1775216.2019580419,2,31,8,2012,0,0,75.22,142.1916279,8.239,14.349551707867796,27,2012-08-03
1009001.6094405595,1,31,8,2012,0,0,88.16,130.737871,10.926,13.77330033989077,12,2012-08-03
706721.5326573426,1,31,8,2012,0,0,72.08,214.7433514,7.28,13.47263369544205,25,2012-08-03
2094712.9606993007,2,31,8,2012,0,0,83.86,130.737871,4.077,14.592316268916985,4,2012-08-03
543980.5523776223,0,31,8,2012,0,0,90.23,225.7070437,5.277,13.187942369564144,9,2012-08-03
1084718.421048951,1,31,8,2012,0,0,72.67,138.1735806,8.535,13.866267909760248,18,2012-08-03
1028501.0389510489,1,31,8,2012,0,0,72.99,142.1916279,7.753,13.822743169458455,22,2012-08-03
1356755.3935664336,2,31,8,2012,0,0,73.26,138.1735806,8.953,14.180414144570586,24,2012-08-03
966781.5594405595,1,32,8,2012,0,0,78.26,130.7561613,9.285,13.820024942778216,34,2012-08-10
519247.7300699301,0,32,8,2012,0,0,70.24,198.0795651,6.061,13.224988266645958,16,2012-08-10
1356755.3935664336,2,32,8,2012,0,0,75.53,138.1437742,8.953,14.219010943935963,24,2012-08-10
623312.474965035,0,32,8,2012,0,0,73.99,138.1437742,8.193,13.288648078475523,15,2012-08-10
302748.86601398606,0,32,8,2012,0,0,81.69,130.7561613,5.407,12.717685389435813,44,2012-08-10
633324.7231468532,0,32,8,2012,0,0,86.36,213.3473641,9.285,13.374770199916444,43,2012-08-10
2107676.8703496503,2,32,8,2012,0,0,75.4,214.7484595,7.28,14.578298715278907,20,2012-08-10
1002911.8446853146,1,32,8,2012,0,0,67.01,138.1437742,7.405,13.930157579241548,26,2012-08-10
1444999.0356643356,2,32,8,2012,0,0,74.45,138.1437742,8.193,14.158326125908607,19,2012-08-10
1028501.0389510489,1,32,8,2012,0,0,76.74,142.1705634,7.753,13.788975383649161,22,2012-08-10
1395901.437062937,2,32,8,2012,0,0,89.57,221.5954138,6.565,14.14227409589406,31,2012-08-10
893581.3904195804,1,32,8,2012,0,0,73.29,130.7561613,5.936,13.651902847724509,17,2012-08-10
1555264.3975524476,2,32,8,2012,0,0,85.05,221.9584329,6.908,14.28075975905719,1,2012-08-10
908749.5183916084,1,32,8,2012,0,0,83.74,225.5226885,5.401,13.743742435456817,8,2012-08-10
1268125.418811189,1,32,8,2012,0,0,71.73,198.0795651,6.432,14.224002374299666,41,2012-08-10
2003620.3062937064,2,32,8,2012,0,0,81.69,130.7561613,5.765,14.528960691616962,13,2012-08-10
1009001.6094405595,1,32,8,2012,0,0,95.91,130.7561613,10.926,13.800083063799875,12,2012-08-10
964128.0404895104,1,32,8,2012,0,0,70.09,138.1437742,4.156,13.82338688807887,40,2012-08-10
1564728.1862937063,2,32,8,2012,0,0,87.04,223.5699533,5.668,14.278226276032564,6,2012-08-10
1925751.3355244757,2,32,8,2012,0,0,88.55,221.5954138,6.565,14.439693952328572,2,2012-08-10
518900.2819580419,0,32,8,2012,0,0,84.41,220.6404663,6.623,13.12429269507351,37,2012-08-10
1775216.2019580419,2,32,8,2012,0,0,78.44,142.1705634,8.239,14.35814774169401,27,2012-08-10
756069.0833566433,1,32,8,2012,0,0,89.57,221.5954138,6.565,13.459225552275454,21,2012-08-10
543980.5523776223,0,32,8,2012,0,0,88.66,225.7170094,5.277,13.19694096926945,9,2012-08-10
385731.6532867133,0,32,8,2012,0,0,95.91,130.7561613,10.926,12.986981427840764,38,2012-08-10
556403.863146853,0,32,8,2012,0,0,90.78,130.7561613,7.17,13.264941021533337,42,2012-08-10
570617.3086713287,0,32,8,2012,0,0,63.41,198.0795651,7.872,13.423840804863092,7,2012-08-10
1166568.154965035,1,32,8,2012,0,0,75.93,198.0795651,7.872,14.02046586137038,32,2012-08-10
1389864.4604895106,2,32,8,2012,0,0,71.12,138.1437742,4.156,14.177589804318348,23,2012-08-10
1084718.421048951,1,32,8,2012,0,0,75.7,138.1437742,8.535,13.782269205550472,18,2012-08-10
539451.4287412588,0,32,8,2012,0,0,76.74,138.1437742,9.419,13.158944880134403,29,2012-08-10
2094712.9606993007,2,32,8,2012,0,0,83.21,130.7561613,4.077,14.600949134564253,4,2012-08-10
438579.6162237762,0,32,8,2012,0,0,89.57,221.5954138,6.565,12.973583237045144,30,2012-08-10
1356383.1244755245,2,32,8,2012,0,0,86.21,225.4735085,6.334,14.14407637102998,11,2012-08-10
402704.44104895106,0,32,8,2012,0,0,85.85,225.4735085,6.334,12.878538943240411,3,2012-08-10
1450668.1291608391,2,32,8,2012,0,0,83.47,220.6404663,6.623,14.31134573633172,39,2012-08-10
1899424.5726573425,2,32,8,2012,0,0,90.78,130.7561613,7.17,14.447015254486747,10,2012-08-10
2020978.4009790209,2,32,8,2012,0,0,78.65,191.1626135,8.684,14.315419428221121,14,2012-08-10
1323522.241818182,1,32,8,2012,0,0,95.91,130.7561613,10.926,14.053829900236986,28,2012-08-10
373511.9927972028,0,32,8,2012,0,0,84.41,220.6404663,6.623,12.608026630185574,36,2012-08-10
706721.5326573426,1,32,8,2012,0,0,71.93,214.7484595,7.28,13.473721369372354,25,2012-08-10
318011.8104895105,0,32,8,2012,0,0,86.96,222.5472987,5.603,12.633823243790392,5,2012-08-10
785981.4085314686,1,32,8,2012,0,0,78.65,191.1626135,8.684,13.504953257810648,45,2012-08-10
259861.69202797202,0,32,8,2012,0,0,100.07,130.7561613,7.147,12.604024566868752,33,2012-08-10
919724.9795804196,1,32,8,2012,0,0,78.44,142.1705634,8.839,13.697143376728077,35,2012-08-10
556403.863146853,0,33,8,2012,0,0,88.83,130.7909677,7.17,13.263860821620229,42,2012-08-17
1323522.241818182,1,33,8,2012,0,0,94.87,130.7909677,10.926,13.984577500853037,28,2012-08-17
302748.86601398606,0,33,8,2012,0,0,79.4,130.7909677,5.407,12.698908957549163,44,2012-08-17
1775216.2019580419,2,33,8,2012,0,0,76.51,142.2157385,8.239,14.366714257573202,27,2012-08-17
706721.5326573426,1,33,8,2012,0,0,66.99,214.825578,7.28,13.498699966152657,25,2012-08-17
1356755.3935664336,2,33,8,2012,0,0,72.87,138.1857097,8.953,14.150532843914881,24,2012-08-17
1564728.1862937063,2,33,8,2012,0,0,87.53,223.6510224,5.668,14.249271872222142,6,2012-08-17
1009001.6094405595,1,33,8,2012,0,0,94.87,130.7909677,10.926,13.820502198969399,12,2012-08-17
785981.4085314686,1,33,8,2012,0,0,75.71,191.2284919,8.684,13.490469833912718,45,2012-08-17
519247.7300699301,0,33,8,2012,0,0,62.07,198.1001057,6.061,13.165226679038827,16,2012-08-17
402704.44104895106,0,33,8,2012,0,0,87.36,225.5558664,6.334,12.886438061258364,3,2012-08-17
893581.3904195804,1,33,8,2012,0,0,70.98,130.7909677,5.936,13.647008080340804,17,2012-08-17
908749.5183916084,1,33,8,2012,0,0,81.21,225.6050797,5.401,13.706380937033737,8,2012-08-17
570617.3086713287,0,33,8,2012,0,0,59.66,198.1001057,7.872,13.373046450867163,7,2012-08-17
1899424.5726573425,2,33,8,2012,0,0,88.83,130.7909677,7.17,14.418622740450559,10,2012-08-17
919724.9795804196,1,33,8,2012,0,0,76.51,142.2157385,8.839,13.696705028489209,35,2012-08-17
1268125.418811189,1,33,8,2012,0,0,65.77,198.1001057,6.432,14.260575185674625,41,2012-08-17
2020978.4009790209,2,33,8,2012,0,0,75.71,191.2284919,8.684,14.322589752620503,14,2012-08-17
1450668.1291608391,2,33,8,2012,0,0,84.72,220.7199609,6.623,14.357964439229642,39,2012-08-17
2094712.9606993007,2,33,8,2012,0,0,81.41,130.7909677,4.077,14.641237997714711,4,2012-08-17
373511.9927972028,0,33,8,2012,0,0,85.89,220.7199609,6.623,12.65908339768201,36,2012-08-17
259861.69202797202,0,33,8,2012,0,0,96.79,130.7909677,7.147,12.506542948877907,33,2012-08-17
539451.4287412588,0,33,8,2012,0,0,74.92,138.1857097,9.419,12.940560070295804,29,2012-08-17
318011.8104895105,0,33,8,2012,0,0,87.52,222.6276753,5.603,12.657196607670905,5,2012-08-17
1166568.154965035,1,33,8,2012,0,0,70.75,198.1001057,7.872,14.047659336235887,32,2012-08-17
966781.5594405595,1,33,8,2012,0,0,77.78,130.7909677,9.285,13.829237767226271,34,2012-08-17
543980.5523776223,0,33,8,2012,0,0,86.37,225.7995323,5.277,13.190310713175919,9,2012-08-17
623312.474965035,0,33,8,2012,0,0,70.29,138.1857097,8.193,13.270333626224986,15,2012-08-17
1356383.1244755245,2,33,8,2012,0,0,87.73,225.5558664,6.334,14.167088273076534,11,2012-08-17
1028501.0389510489,1,33,8,2012,0,0,74.92,142.2157385,7.753,13.796607271340012,22,2012-08-17
1444999.0356643356,2,33,8,2012,0,0,69.83,138.1857097,8.193,14.13403865722652,19,2012-08-17
1389864.4604895106,2,33,8,2012,0,0,69.97,138.1857097,4.156,14.227707920176139,23,2012-08-17
1395901.437062937,2,33,8,2012,0,0,85.55,221.6751459,6.565,14.15922982842839,31,2012-08-17
2107676.8703496503,2,33,8,2012,0,0,69.57,214.825578,7.28,14.530938772424069,20,2012-08-17
1555264.3975524476,2,33,8,2012,0,0,84.85,222.0384109,6.908,14.284181455767857,1,2012-08-17
633324.7231468532,0,33,8,2012,0,0,85.66,213.4226959,9.285,13.36955441618727,43,2012-08-17
2003620.3062937064,2,33,8,2012,0,0,79.4,130.7909677,5.765,14.55543167146484,13,2012-08-17
385731.6532867133,0,33,8,2012,0,0,94.87,130.7909677,10.926,12.928456877546305,38,2012-08-17
756069.0833566433,1,33,8,2012,0,0,85.55,221.6751459,6.565,13.530444806624281,21,2012-08-17
1925751.3355244757,2,33,8,2012,0,0,84.79,221.6751459,6.565,14.472002576727817,2,2012-08-17
964128.0404895104,1,33,8,2012,0,0,69.41,138.1857097,4.156,13.784420718683437,40,2012-08-17
518900.2819580419,0,33,8,2012,0,0,85.89,220.7199609,6.623,13.141449493165455,37,2012-08-17
1002911.8446853146,1,33,8,2012,0,0,65.54,138.1857097,7.405,13.881573129646595,26,2012-08-17
1084718.421048951,1,33,8,2012,0,0,73.25,138.1857097,8.535,13.862523181338958,18,2012-08-17
438579.6162237762,0,33,8,2012,0,0,85.55,221.6751459,6.565,12.955959617597742,30,2012-08-17
543980.5523776223,0,34,8,2012,0,0,77.9,225.9364729,5.277,13.258446875635157,9,2012-08-24
756069.0833566433,1,34,8,2012,0,0,77.72,221.8083518,6.565,13.594869634961807,21,2012-08-24
1899424.5726573425,2,34,8,2012,0,0,82.5,130.8381613,7.17,14.383652834716406,10,2012-08-24
919724.9795804196,1,34,8,2012,0,0,72.93,142.3105933,8.839,13.704887016853192,35,2012-08-24
2020978.4009790209,2,34,8,2012,0,0,72.62,191.3448865,8.684,14.29907330178091,14,2012-08-24
373511.9927972028,0,34,8,2012,0,0,81.26,220.8526787,6.623,12.551598594755166,36,2012-08-24
706721.5326573426,1,34,8,2012,0,0,64.53,214.9567044,7.28,13.536495670053084,25,2012-08-24
1395901.437062937,2,34,8,2012,0,0,77.72,221.8083518,6.565,14.137437675341175,31,2012-08-24
633324.7231468532,0,34,8,2012,0,0,81.65,213.5481636,9.285,13.30174000213945,43,2012-08-24
2107676.8703496503,2,34,8,2012,0,0,68.27,214.9567044,7.28,14.511325392170116,20,2012-08-24
2003620.3062937064,2,34,8,2012,0,0,77.37,130.8381613,5.765,14.537954006306608,13,2012-08-24
1356755.3935664336,2,34,8,2012,0,0,68.13,138.2814516,8.953,14.080738057919582,24,2012-08-24
402704.44104895106,0,34,8,2012,0,0,83.01,225.6925864,6.334,12.929871889726885,3,2012-08-24
1925751.3355244757,2,34,8,2012,0,0,76.91,221.8083518,6.565,14.445072975747843,2,2012-08-24
1166568.154965035,1,34,8,2012,0,0,70.12,198.0984199,7.872,14.056737699091704,32,2012-08-24
1028501.0389510489,1,34,8,2012,0,0,70.42,142.3105933,7.753,13.874635467538976,22,2012-08-24
966781.5594405595,1,34,8,2012,0,0,72.44,130.8381613,9.285,13.73890076193436,34,2012-08-24
964128.0404895104,1,34,8,2012,0,0,63.91,138.2814516,4.156,13.759278212837357,40,2012-08-24
302748.86601398606,0,34,8,2012,0,0,77.37,130.8381613,5.407,12.730761942926378,44,2012-08-24
1555264.3975524476,2,34,8,2012,0,0,77.66,222.1719457,6.908,14.217050224933061,1,2012-08-24
623312.474965035,0,34,8,2012,0,0,66.98,138.2814516,8.193,13.314984659451664,15,2012-08-24
1084718.421048951,1,34,8,2012,0,0,68.52,138.2814516,8.535,13.95165021735175,18,2012-08-24
438579.6162237762,0,34,8,2012,0,0,77.72,221.8083518,6.565,12.960544555715055,30,2012-08-24
385731.6532867133,0,34,8,2012,0,0,85.32,130.8381613,10.926,12.892772134328363,38,2012-08-24
1356383.1244755245,2,34,8,2012,0,0,83.17,225.6925864,6.334,14.158757458923118,11,2012-08-24
2094712.9606993007,2,34,8,2012,0,0,75.76,130.8381613,4.077,14.569396556173004,4,2012-08-24
519247.7300699301,0,34,8,2012,0,0,61.44,198.0984199,6.061,13.219767998697638,16,2012-08-24
318011.8104895105,0,34,8,2012,0,0,79.45,222.7617437,5.603,12.678674022705131,5,2012-08-24
259861.69202797202,0,34,8,2012,0,0,89.62,130.8381613,7.147,12.41986686775347,33,2012-08-24
1450668.1291608391,2,34,8,2012,0,0,80.49,220.8526787,6.623,14.360546720664466,39,2012-08-24
539451.4287412588,0,34,8,2012,0,0,70.42,138.2814516,9.419,13.329421692155698,29,2012-08-24
1389864.4604895106,2,34,8,2012,0,0,64.63,138.2814516,4.156,14.347444990893491,23,2012-08-24
1268125.418811189,1,34,8,2012,0,0,69.07,198.0984199,6.432,14.196999760752709,41,2012-08-24
1002911.8446853146,1,34,8,2012,0,0,62.08,138.2814516,7.405,13.837961831361211,26,2012-08-24
908749.5183916084,1,34,8,2012,0,0,73.77,225.7418442,5.401,13.749770942468242,8,2012-08-24
1444999.0356643356,2,34,8,2012,0,0,66.66,138.2814516,8.193,14.250310734549586,19,2012-08-24
1009001.6094405595,1,34,8,2012,0,0,85.32,130.8381613,10.926,13.862491839472433,12,2012-08-24
1323522.241818182,1,34,8,2012,0,0,85.32,130.8381613,10.926,13.997257441331747,28,2012-08-24
570617.3086713287,0,34,8,2012,0,0,59.27,198.0984199,7.872,13.319738344278012,7,2012-08-24
785981.4085314686,1,34,8,2012,0,0,72.62,191.3448865,8.684,13.48454966992183,45,2012-08-24
556403.863146853,0,34,8,2012,0,0,82.5,130.8381613,7.17,13.19102718408873,42,2012-08-24
1775216.2019580419,2,34,8,2012,0,0,72.93,142.3105933,8.239,14.392373531562715,27,2012-08-24
518900.2819580419,0,34,8,2012,0,0,81.26,220.8526787,6.623,13.16669799224407,37,2012-08-24
1564728.1862937063,2,34,8,2012,0,0,79.03,223.7860175,5.668,14.221706392360277,6,2012-08-24
893581.3904195804,1,34,8,2012,0,0,68.89,130.8381613,5.936,13.73679281713437,17,2012-08-24
385731.6532867133,0,35,8,2012,0,0,89.78,130.8853548,10.926,12.95962312929975,38,2012-08-31
1899424.5726573425,2,35,8,2012,0,0,86.97,130.8853548,7.17,14.316459491405567,10,2012-08-31
556403.863146853,0,35,8,2012,0,0,86.97,130.8853548,7.17,13.131841458151106,42,2012-08-31
1323522.241818182,1,35,8,2012,0,0,89.78,130.8853548,10.926,14.020180314692913,28,2012-08-31
318011.8104895105,0,35,8,2012,0,0,84.25,222.8958121,5.603,12.750264406663183,5,2012-08-31
2020978.4009790209,2,35,8,2012,0,0,75.09,191.461281,8.684,14.293819099510173,14,2012-08-31
2094712.9606993007,2,35,8,2012,0,0,76.47,130.8853548,4.077,14.548446727678103,4,2012-08-31
1268125.418811189,1,35,8,2012,0,0,71.56,198.0967341,6.432,14.123376449755197,41,2012-08-31
543980.5523776223,0,35,8,2012,0,0,80.71,226.0734135,5.277,13.265389811610023,9,2012-08-31
919724.9795804196,1,35,8,2012,0,0,75.0,142.4054482,8.839,13.744315230708395,35,2012-08-31
259861.69202797202,0,35,8,2012,0,0,94.55,130.8853548,7.147,12.376367208782169,33,2012-08-31
373511.9927972028,0,35,8,2012,0,0,84.79,220.9853964,6.623,12.551959284413407,36,2012-08-31
785981.4085314686,1,35,8,2012,0,0,75.09,191.461281,8.684,13.50667140455795,45,2012-08-31
1356755.3935664336,2,35,8,2012,0,0,71.18,138.3771935,8.953,14.111577320451428,24,2012-08-31
539451.4287412588,0,35,8,2012,0,0,71.93,138.3771935,9.419,13.210091998779363,29,2012-08-31
1009001.6094405595,1,35,8,2012,0,0,89.78,130.8853548,10.926,13.875612210114731,12,2012-08-31
756069.0833566433,1,35,8,2012,0,0,83.58,221.9415576,6.565,13.546151050736709,21,2012-08-31
2107676.8703496503,2,35,8,2012,0,0,72.66,215.0878309,7.28,14.539420941397648,20,2012-08-31
1389864.4604895106,2,35,8,2012,0,0,68.34,138.3771935,4.156,14.27133271632019,23,2012-08-31
1450668.1291608391,2,35,8,2012,0,0,83.72,220.9853964,6.623,14.352544682829647,39,2012-08-31
1028501.0389510489,1,35,8,2012,0,0,71.93,142.4054482,7.753,13.837538022199766,22,2012-08-31
1356383.1244755245,2,35,8,2012,0,0,86.49,225.8293063,6.334,14.132416437232509,11,2012-08-31
1564728.1862937063,2,35,8,2012,0,0,83.58,223.9210125,5.668,14.27131435129895,6,2012-08-31
1002911.8446853146,1,35,8,2012,0,0,63.69,138.3771935,7.405,13.867625199453926,26,2012-08-31
518900.2819580419,0,35,8,2012,0,0,84.79,220.9853964,6.623,13.19625508331705,37,2012-08-31
302748.86601398606,0,35,8,2012,0,0,79.18,130.8853548,5.407,12.735204748509005,44,2012-08-31
964128.0404895104,1,35,8,2012,0,0,66.11,138.3771935,4.156,13.802694451395684,40,2012-08-31
1925751.3355244757,2,35,8,2012,0,0,82.64,221.9415576,6.565,14.481843580797618,2,2012-08-31
706721.5326573426,1,35,8,2012,0,0,68.55,215.0878309,7.28,13.479799653456206,25,2012-08-31
1166568.154965035,1,35,8,2012,0,0,76.12,198.0967341,7.872,13.984392430435893,32,2012-08-31
1555264.3975524476,2,35,8,2012,0,0,80.49,222.3054805,6.908,14.274253776076298,1,2012-08-31
402704.44104895106,0,35,8,2012,0,0,85.18,225.8293063,6.334,12.921078500037746,3,2012-08-31
908749.5183916084,1,35,8,2012,0,0,75.33,225.8786088,5.401,13.791359996687541,8,2012-08-31
438579.6162237762,0,35,8,2012,0,0,83.58,221.9415576,6.565,12.992558746055996,30,2012-08-31
2003620.3062937064,2,35,8,2012,0,0,79.18,130.8853548,5.765,14.544920436831326,13,2012-08-31
1444999.0356643356,2,35,8,2012,0,0,71.85,138.3771935,8.193,14.249058214138252,19,2012-08-31
519247.7300699301,0,35,8,2012,0,0,64.19,198.0967341,6.061,13.2210103656841,16,2012-08-31
1395901.437062937,2,35,8,2012,0,0,83.58,221.9415576,6.565,14.132983801288987,31,2012-08-31
966781.5594405595,1,35,8,2012,0,0,75.89,130.8853548,9.285,13.746684147621897,34,2012-08-31
1084718.421048951,1,35,8,2012,0,0,70.09,138.3771935,8.535,13.926245015097923,18,2012-08-31
893581.3904195804,1,35,8,2012,0,0,68.07,130.8853548,5.936,13.671553809680162,17,2012-08-31
623312.474965035,0,35,8,2012,0,0,71.42,138.3771935,8.193,13.321519632134343,15,2012-08-31
570617.3086713287,0,35,8,2012,0,0,60.46,198.0967341,7.872,13.28187365745197,7,2012-08-31
633324.7231468532,0,35,8,2012,0,0,81.12,213.6736313,9.285,13.293189598606387,43,2012-08-31
1775216.2019580419,2,35,8,2012,0,0,75.0,142.4054482,8.239,14.36475066419768,27,2012-08-31
1389864.4604895106,2,36,9,2012,0,1,66.74,138.4729355,4.156,14.171199297763529,23,2012-09-07
1028501.0389510489,1,36,9,2012,0,1,73.3,142.500303,7.753,13.812134666048058,22,2012-09-07
1084718.421048951,1,36,9,2012,0,1,71.85,138.4729355,8.535,13.895727625820806,18,2012-09-07
543980.5523776223,0,36,9,2012,0,1,87.93,226.2103541,5.277,13.246019426439068,9,2012-09-07
556403.863146853,0,36,9,2012,0,1,83.07,130.9325484,7.17,13.333282676063712,42,2012-09-07
539451.4287412588,0,36,9,2012,0,1,73.3,138.4729355,9.419,13.200828564523276,29,2012-09-07
373511.9927972028,0,36,9,2012,0,1,84.19,221.1181142,6.623,12.590414793085696,36,2012-09-07
1450668.1291608391,2,36,9,2012,0,1,83.71,221.1181142,6.623,14.291628425848945,39,2012-09-07
318011.8104895105,0,36,9,2012,0,1,86.3,223.0298805,5.603,12.767543597298832,5,2012-09-07
633324.7231468532,0,36,9,2012,0,1,84.99,213.7990991,9.285,13.405759046340371,43,2012-09-07
966781.5594405595,1,36,9,2012,0,1,78.26,130.9325484,9.285,13.791644577619307,34,2012-09-07
2003620.3062937064,2,36,9,2012,0,1,70.65,130.9325484,5.765,14.588299124140368,13,2012-09-07
1166568.154965035,1,36,9,2012,0,1,72.56,198.0950484,7.872,13.93479198158762,32,2012-09-07
1925751.3355244757,2,36,9,2012,0,1,87.65,222.0747635,6.565,14.456721116192984,2,2012-09-07
964128.0404895104,1,36,9,2012,0,1,65.06,138.4729355,4.156,13.90008090807049,40,2012-09-07
1564728.1862937063,2,36,9,2012,0,1,86.33,224.0560076,5.668,14.29055024122589,6,2012-09-07
893581.3904195804,1,36,9,2012,0,1,61.99,130.9325484,5.936,14.04315141322979,17,2012-09-07
1323522.241818182,1,36,9,2012,0,1,88.52,130.9325484,10.926,14.200565447430014,28,2012-09-07
785981.4085314686,1,36,9,2012,0,1,75.7,191.5776756,8.684,13.549607798400702,45,2012-09-07
519247.7300699301,0,36,9,2012,0,1,60.09,198.0950484,6.061,13.194013265228323,16,2012-09-07
1356383.1244755245,2,36,9,2012,0,1,85.17,225.9660263,6.334,14.081395847111803,11,2012-09-07
1395901.437062937,2,36,9,2012,0,1,88.4,222.0747635,6.565,14.121606514442771,31,2012-09-07
1775216.2019580419,2,36,9,2012,0,1,76.0,142.500303,8.239,14.425795684810366,27,2012-09-07
438579.6162237762,0,36,9,2012,0,1,88.4,222.0747635,6.565,12.979801088716899,30,2012-09-07
385731.6532867133,0,36,9,2012,0,1,88.52,130.9325484,10.926,13.102723409678363,38,2012-09-07
2020978.4009790209,2,36,9,2012,0,1,75.7,191.5776756,8.684,14.45973706933938,14,2012-09-07
2094712.9606993007,2,36,9,2012,0,1,82.09,130.9325484,4.077,14.56933210969137,4,2012-09-07
1444999.0356643356,2,36,9,2012,0,1,72.2,138.4729355,8.193,14.21902364211273,19,2012-09-07
259861.69202797202,0,36,9,2012,0,1,92.02,130.9325484,7.147,12.565248689109962,33,2012-09-07
1555264.3975524476,2,36,9,2012,0,1,83.96,222.4390153,6.908,14.323392852383085,1,2012-09-07
1009001.6094405595,1,36,9,2012,0,1,88.52,130.9325484,10.926,13.769620576197308,12,2012-09-07
302748.86601398606,0,36,9,2012,0,1,70.65,130.9325484,5.407,12.732983200398124,44,2012-09-07
1002911.8446853146,1,36,9,2012,0,1,61.58,138.4729355,7.405,13.894206232642247,26,2012-09-07
1268125.418811189,1,36,9,2012,0,1,67.41,198.0950484,6.432,14.146356151821314,41,2012-09-07
1356755.3935664336,2,36,9,2012,0,1,72.81,138.4729355,8.953,14.205615466565677,24,2012-09-07
908749.5183916084,1,36,9,2012,0,1,80.87,226.0153733,5.401,13.745261222456898,8,2012-09-07
2107676.8703496503,2,36,9,2012,0,1,76.36,215.2189573,7.28,14.548133255750647,20,2012-09-07
623312.474965035,0,36,9,2012,0,1,71.61,138.4729355,8.193,13.283224327213066,15,2012-09-07
518900.2819580419,0,36,9,2012,0,1,84.19,221.1181142,6.623,13.174650543737496,37,2012-09-07
402704.44104895106,0,36,9,2012,0,1,84.99,225.9660263,6.334,12.919587808249,3,2012-09-07
756069.0833566433,1,36,9,2012,0,1,88.4,222.0747635,6.565,13.373632922455776,21,2012-09-07
570617.3086713287,0,36,9,2012,0,1,57.84,198.0950484,7.872,13.301141246079085,7,2012-09-07
1899424.5726573425,2,36,9,2012,0,1,83.07,130.9325484,7.17,14.351000079762036,10,2012-09-07
919724.9795804196,1,36,9,2012,0,1,76.0,142.500303,8.839,13.800228733422799,35,2012-09-07
706721.5326573426,1,36,9,2012,0,1,72.79,215.2189573,7.28,13.417245318485248,25,2012-09-07
966781.5594405595,1,37,9,2012,0,0,64.28,130.9776667,9.285,13.76968931717698,34,2012-09-14
1395901.437062937,2,37,9,2012,0,0,76.1,222.2174395,6.565,14.098963530365564,31,2012-09-14
785981.4085314686,1,37,9,2012,0,0,67.87,191.69985,8.684,13.462029465390875,45,2012-09-14
893581.3904195804,1,37,9,2012,0,0,59.64,130.9776667,5.936,13.884141836084224,17,2012-09-14
964128.0404895104,1,37,9,2012,0,0,59.38,138.5673,4.156,13.712049148972397,40,2012-09-14
919724.9795804196,1,37,9,2012,0,0,68.72,142.5938833,8.839,13.618971984625516,35,2012-09-14
1323522.241818182,1,37,9,2012,0,0,83.64,130.9776667,10.926,13.93299289952783,28,2012-09-14
1444999.0356643356,2,37,9,2012,0,0,65.08,138.5673,8.193,14.130798855288425,19,2012-09-14
518900.2819580419,0,37,9,2012,0,0,78.16,221.2601207,6.623,13.15124766094714,37,2012-09-14
2003620.3062937064,2,37,9,2012,0,0,68.55,130.9776667,5.765,14.467793050384271,13,2012-09-14
908749.5183916084,1,37,9,2012,0,0,67.21,226.1615981,5.401,13.69172622801059,8,2012-09-14
1555264.3975524476,2,37,9,2012,0,0,74.97,222.5820193,6.908,14.232528586679843,1,2012-09-14
1925751.3355244757,2,37,9,2012,0,0,75.88,222.2174395,6.565,14.411490031083144,2,2012-09-14
302748.86601398606,0,37,9,2012,0,0,68.55,130.9776667,5.407,12.75917489492741,44,2012-09-14
402704.44104895106,0,37,9,2012,0,0,78.36,226.1122067,6.334,12.918017438724286,3,2012-09-14
633324.7231468532,0,37,9,2012,0,0,73.03,213.9332167,9.285,13.345823582578413,43,2012-09-14
1002911.8446853146,1,37,9,2012,0,0,57.69,138.5673,7.405,13.801546452082556,26,2012-09-14
1564728.1862937063,2,37,9,2012,0,0,76.41,224.2004678,5.668,14.134086361631653,6,2012-09-14
1899424.5726573425,2,37,9,2012,0,0,78.47,130.9776667,7.17,14.310310446867863,10,2012-09-14
1166568.154965035,1,37,9,2012,0,0,64.05,198.1267184,7.872,13.960803670825792,32,2012-09-14
570617.3086713287,0,37,9,2012,0,0,53.66,198.1267184,7.872,13.201398562312601,7,2012-09-14
2107676.8703496503,2,37,9,2012,0,0,64.84,215.3583757,7.28,14.532350329308201,20,2012-09-14
756069.0833566433,1,37,9,2012,0,0,76.1,222.2174395,6.565,13.351084353925419,21,2012-09-14
1389864.4604895106,2,37,9,2012,0,0,61.37,138.5673,4.156,14.061622418551002,23,2012-09-14
1356755.3935664336,2,37,9,2012,0,0,64.28,138.5673,8.953,14.032966388819366,24,2012-09-14
543980.5523776223,0,37,9,2012,0,0,73.55,226.3567545,5.277,13.16815543268582,9,2012-09-14
385731.6532867133,0,37,9,2012,0,0,83.64,130.9776667,10.926,12.973736655721659,38,2012-09-14
519247.7300699301,0,37,9,2012,0,0,56.69,198.1267184,6.061,13.174056295931516,16,2012-09-14
623312.474965035,0,37,9,2012,0,0,65.44,138.5673,8.193,13.175924542228586,15,2012-09-14
539451.4287412588,0,37,9,2012,0,0,66.42,138.5673,9.419,13.071339899244684,29,2012-09-14
1268125.418811189,1,37,9,2012,0,0,59.39,198.1267184,6.432,14.082973532658091,41,2012-09-14
706721.5326573426,1,37,9,2012,0,0,60.9,215.3583757,7.28,13.395808529140135,25,2012-09-14
1028501.0389510489,1,37,9,2012,0,0,66.42,142.5938833,7.753,13.730007439344568,22,2012-09-14
1009001.6094405595,1,37,9,2012,0,0,83.64,130.9776667,10.926,13.694351872457457,12,2012-09-14
556403.863146853,0,37,9,2012,0,0,78.47,130.9776667,7.17,13.282334786726334,42,2012-09-14
259861.69202797202,0,37,9,2012,0,0,83.4,130.9776667,7.147,12.533282583478355,33,2012-09-14
2094712.9606993007,2,37,9,2012,0,0,68.2,130.9776667,4.077,14.565914625293328,4,2012-09-14
1450668.1291608391,2,37,9,2012,0,0,76.71,221.2601207,6.623,14.185427987859798,39,2012-09-14
2020978.4009790209,2,37,9,2012,0,0,67.87,191.69985,8.684,14.25685440360508,14,2012-09-14
318011.8104895105,0,37,9,2012,0,0,76.65,223.1734167,5.603,12.610876435015374,5,2012-09-14
438579.6162237762,0,37,9,2012,0,0,76.1,222.2174395,6.565,12.989458782586727,30,2012-09-14
1356383.1244755245,2,37,9,2012,0,0,79.61,226.1122067,6.334,14.052695900265904,11,2012-09-14
1775216.2019580419,2,37,9,2012,0,0,68.72,142.5938833,8.239,14.233961319662576,27,2012-09-14
373511.9927972028,0,37,9,2012,0,0,78.16,221.2601207,6.623,12.61783332818993,36,2012-09-14
1084718.421048951,1,37,9,2012,0,0,64.45,138.5673,8.535,13.77518541915744,18,2012-09-14
1028501.0389510489,1,38,9,2012,0,0,63.38,142.6798167,7.753,13.733881249805583,22,2012-09-21
919724.9795804196,1,38,9,2012,0,0,66.1,142.6798167,8.839,13.557133456188781,35,2012-09-21
1389864.4604895106,2,38,9,2012,0,0,56.8,138.6534,4.156,14.107156177674634,23,2012-09-21
785981.4085314686,1,38,9,2012,0,0,65.32,191.8567038,8.684,13.491285102443653,45,2012-09-21
1899424.5726573425,2,38,9,2012,0,0,81.93,131.0103333,7.17,14.329446481728501,10,2012-09-21
966781.5594405595,1,38,9,2012,0,0,66.08,131.0103333,9.285,13.756873288803702,34,2012-09-21
1356755.3935664336,2,38,9,2012,0,0,61.25,138.6534,8.953,14.047542070075774,24,2012-09-21
302748.86601398606,0,38,9,2012,0,0,67.96,131.0103333,5.407,12.724921794556048,44,2012-09-21
1555264.3975524476,2,38,9,2012,0,0,69.87,222.7818386,6.908,14.225052052973004,1,2012-09-21
1009001.6094405595,1,38,9,2012,0,0,82.97,131.0103333,10.926,13.7350988497184,12,2012-09-21
259861.69202797202,0,38,9,2012,0,0,86.53,131.0103333,7.147,12.440000160327315,33,2012-09-21
1166568.154965035,1,38,9,2012,0,0,63.49,198.358523,7.872,13.963172172128537,32,2012-09-21
2003620.3062937064,2,38,9,2012,0,0,67.96,131.0103333,5.765,14.477363471133813,13,2012-09-21
756069.0833566433,1,38,9,2012,0,0,71.54,222.4169362,6.565,13.410773874490456,21,2012-09-21
1356383.1244755245,2,38,9,2012,0,0,73.64,226.3151496,6.334,14.097778485347657,11,2012-09-21
893581.3904195804,1,38,9,2012,0,0,58.43,131.0103333,5.936,13.751829567708642,17,2012-09-21
1775216.2019580419,2,38,9,2012,0,0,66.1,142.6798167,8.239,14.258584022384445,27,2012-09-21
570617.3086713287,0,38,9,2012,0,0,51.77,198.358523,7.872,13.182222058904534,7,2012-09-21
1002911.8446853146,1,38,9,2012,0,0,52.68,138.6534,7.405,13.77581821681199,26,2012-09-21
908749.5183916084,1,38,9,2012,0,0,66.96,226.3645848,5.401,13.662123278339585,8,2012-09-21
2107676.8703496503,2,38,9,2012,0,0,60.94,215.5475459,7.28,14.52285066080578,20,2012-09-21
964128.0404895104,1,38,9,2012,0,0,54.12,138.6534,4.156,13.709893787253703,40,2012-09-21
543980.5523776223,0,38,9,2012,0,0,69.92,226.5599138,5.277,13.187697606882034,9,2012-09-21
706721.5326573426,1,38,9,2012,0,0,57.6,215.5475459,7.28,13.407160592654177,25,2012-09-21
373511.9927972028,0,38,9,2012,0,0,75.98,221.4578604,6.623,12.5906730925839,36,2012-09-21
518900.2819580419,0,38,9,2012,0,0,75.98,221.4578604,6.623,13.164123133688545,37,2012-09-21
1084718.421048951,1,38,9,2012,0,0,60.23,138.6534,8.535,13.78648089520374,18,2012-09-21
519247.7300699301,0,38,9,2012,0,0,56.48,198.358523,6.061,13.142055331909834,16,2012-09-21
402704.44104895106,0,38,9,2012,0,0,72.78,226.3151496,6.334,12.934570295077961,3,2012-09-21
1395901.437062937,2,38,9,2012,0,0,71.54,222.4169362,6.565,14.132556658836041,31,2012-09-21
539451.4287412588,0,38,9,2012,0,0,63.38,138.6534,9.419,13.100281824528729,29,2012-09-21
1450668.1291608391,2,38,9,2012,0,0,73.58,221.4578604,6.623,14.25741913522567,39,2012-09-21
318011.8104895105,0,38,9,2012,0,0,71.09,223.3737593,5.603,12.635604999996294,5,2012-09-21
556403.863146853,0,38,9,2012,0,0,81.93,131.0103333,7.17,13.175272096290838,42,2012-09-21
633324.7231468532,0,38,9,2012,0,0,75.87,214.1192333,9.285,13.307997807236179,43,2012-09-21
2020978.4009790209,2,38,9,2012,0,0,65.32,191.8567038,8.684,14.263622209490578,14,2012-09-21
438579.6162237762,0,38,9,2012,0,0,71.54,222.4169362,6.565,13.00333801037379,30,2012-09-21
623312.474965035,0,38,9,2012,0,0,60.34,138.6534,8.193,13.186581797314968,15,2012-09-21
1444999.0356643356,2,38,9,2012,0,0,60.62,138.6534,8.193,14.10711489576665,19,2012-09-21
1268125.418811189,1,38,9,2012,0,0,59.81,198.358523,6.432,14.059718967077448,41,2012-09-21
2094712.9606993007,2,38,9,2012,0,0,68.97,131.0103333,4.077,14.566662239054079,4,2012-09-21
1925751.3355244757,2,38,9,2012,0,0,71.09,222.4169362,6.565,14.419507714440133,2,2012-09-21
1323522.241818182,1,38,9,2012,0,0,82.97,131.0103333,10.926,13.942443771653645,28,2012-09-21
1564728.1862937063,2,38,9,2012,0,0,70.81,224.4017192,5.668,14.170106597477874,6,2012-09-21
385731.6532867133,0,38,9,2012,0,0,82.97,131.0103333,10.926,12.922941186680127,38,2012-09-21
2094712.9606993007,2,39,9,2012,0,0,71.74,131.043,4.077,14.52237385603252,4,2012-09-28
1450668.1291608391,2,39,9,2012,0,0,78.04,221.6556,6.623,14.2180434178983,39,2012-09-28
1899424.5726573425,2,39,9,2012,0,0,82.52,131.043,7.17,14.34311271147882,10,2012-09-28
539451.4287412588,0,39,9,2012,0,0,62.17,138.7395,9.419,13.101497654422124,29,2012-09-28
1395901.437062937,2,39,9,2012,0,0,80.38,222.6164329,6.565,14.061652862733265,31,2012-09-28
438579.6162237762,0,39,9,2012,0,0,80.38,222.6164329,6.565,12.960811133456659,30,2012-09-28
1009001.6094405595,1,39,9,2012,0,0,81.22,131.043,10.926,13.68815056303038,12,2012-09-28
2020978.4009790209,2,39,9,2012,0,0,64.88,192.0135577,8.684,14.235872948479344,14,2012-09-28
402704.44104895106,0,39,9,2012,0,0,77.46,226.5180926,6.334,12.873425032571442,3,2012-09-28
519247.7300699301,0,39,9,2012,0,0,51.4,198.5903276,6.061,13.059655137612834,16,2012-09-28
302748.86601398606,0,39,9,2012,0,0,64.8,131.043,5.407,12.780742943527633,44,2012-09-28
919724.9795804196,1,39,9,2012,0,0,64.92,142.76575,8.839,13.60983954394279,35,2012-09-28
1084718.421048951,1,39,9,2012,0,0,58.24,138.7395,8.535,13.818363683926735,18,2012-09-28
1389864.4604895106,2,39,9,2012,0,0,53.71,138.7395,4.156,14.092411770218852,23,2012-09-28
570617.3086713287,0,39,9,2012,0,0,50.64,198.5903276,7.872,13.172194447262466,7,2012-09-28
556403.863146853,0,39,9,2012,0,0,82.52,131.043,7.17,13.134251354560314,42,2012-09-28
1444999.0356643356,2,39,9,2012,0,0,56.81,138.7395,8.193,14.106910724728799,19,2012-09-28
1268125.418811189,1,39,9,2012,0,0,56.08,198.5903276,6.432,14.083955535826105,41,2012-09-28
518900.2819580419,0,39,9,2012,0,0,79.49,221.6556,6.623,13.176764702855586,37,2012-09-28
1028501.0389510489,1,39,9,2012,0,0,62.17,142.76575,7.753,13.791710070062308,22,2012-09-28
1775216.2019580419,2,39,9,2012,0,0,64.92,142.76575,8.239,14.24774003678019,27,2012-09-28
1555264.3975524476,2,39,9,2012,0,0,76.08,222.9816579,6.908,14.178110098767874,1,2012-09-28
908749.5183916084,1,39,9,2012,0,0,71.1,226.5675714,5.401,13.693032604659562,8,2012-09-28
1002911.8446853146,1,39,9,2012,0,0,50.66,138.7395,7.405,13.779600822270641,26,2012-09-28
385731.6532867133,0,39,9,2012,0,0,81.22,131.043,10.926,12.895385183235948,38,2012-09-28
623312.474965035,0,39,9,2012,0,0,57.13,138.7395,8.193,13.224744805985516,15,2012-09-28
1925751.3355244757,2,39,9,2012,0,0,79.45,222.6164329,6.565,14.373108059099874,2,2012-09-28
259861.69202797202,0,39,9,2012,0,0,86.42,131.043,7.147,12.40005309750212,33,2012-09-28
966781.5594405595,1,39,9,2012,0,0,67.06,131.043,9.285,13.741465994569404,34,2012-09-28
543980.5523776223,0,39,9,2012,0,0,76.8,226.7630732,5.277,13.154563465077402,9,2012-09-28
706721.5326573426,1,39,9,2012,0,0,54.52,215.7367162,7.28,13.434691973579527,25,2012-09-28
756069.0833566433,1,39,9,2012,0,0,80.38,222.6164329,6.565,13.380254034812305,21,2012-09-28
373511.9927972028,0,39,9,2012,0,0,79.49,221.6556,6.623,12.508688822051786,36,2012-09-28
633324.7231468532,0,39,9,2012,0,0,77.55,214.30525,9.285,13.266971505853638,43,2012-09-28
1564728.1862937063,2,39,9,2012,0,0,77.82,224.6029706,5.668,14.12968785634671,6,2012-09-28
1323522.241818182,1,39,9,2012,0,0,81.22,131.043,10.926,13.937294123043465,28,2012-09-28
2107676.8703496503,2,39,9,2012,0,0,58.65,215.7367162,7.28,14.51282483410879,20,2012-09-28
2003620.3062937064,2,39,9,2012,0,0,64.8,131.043,5.765,14.471820040932581,13,2012-09-28
893581.3904195804,1,39,9,2012,0,0,57.77,131.043,5.936,13.787848712561882,17,2012-09-28
964128.0404895104,1,39,9,2012,0,0,50.98,138.7395,4.156,13.7316902006153,40,2012-09-28
1356755.3935664336,2,39,9,2012,0,0,58.86,138.7395,8.953,14.04605017880165,24,2012-09-28
318011.8104895105,0,39,9,2012,0,0,78.33,223.5741019,5.603,12.64478772863959,5,2012-09-28
1356383.1244755245,2,39,9,2012,0,0,77.67,226.5180926,6.334,14.020434519996181,11,2012-09-28
1166568.154965035,1,39,9,2012,0,0,60.62,198.5903276,7.872,13.961437933198203,32,2012-09-28
785981.4085314686,1,39,9,2012,0,0,64.88,192.0135577,8.684,13.477482040966732,45,2012-09-28
623312.474965035,0,40,10,2012,0,0,59.57,138.8256,7.992,13.259512587826867,15,2012-10-05
908749.5183916084,1,40,10,2012,0,0,61.41,226.7705581,5.124,13.791665531571216,8,2012-10-05
1564728.1862937063,2,40,10,2012,0,0,70.84,224.804222,5.329,14.233021957281128,6,2012-10-05
373511.9927972028,0,40,10,2012,0,0,73.57,221.8533396,6.228,12.532273959199777,36,2012-10-05
1925751.3355244757,2,40,10,2012,0,0,70.27,222.8159296,6.17,14.507818406383526,2,2012-10-05
1002911.8446853146,1,40,10,2012,0,0,54.07,138.8256,7.138,13.906726239466652,26,2012-10-05
1166568.154965035,1,40,10,2012,0,0,55.34,198.8221322,7.557,14.000142975993851,32,2012-10-05
438579.6162237762,0,40,10,2012,0,0,70.28,222.8159296,6.17,13.00975991705812,30,2012-10-05
633324.7231468532,0,40,10,2012,0,0,74.09,214.4912667,8.839,13.373302453027017,43,2012-10-05
570617.3086713287,0,40,10,2012,0,0,48.43,198.8221322,7.557,13.133959007475474,7,2012-10-05
385731.6532867133,0,40,10,2012,0,0,81.61,131.0756667,10.199,13.035671971036821,38,2012-10-05
259861.69202797202,0,40,10,2012,0,0,85.18,131.0756667,6.895,12.48916633242258,33,2012-10-05
1009001.6094405595,1,40,10,2012,0,0,81.61,131.0756667,10.199,13.795131222804077,12,2012-10-05
1555264.3975524476,2,40,10,2012,0,0,68.55,223.1814772,6.573,14.328805312915422,1,2012-10-05
1323522.241818182,1,40,10,2012,0,0,81.61,131.0756667,10.199,14.195960055157057,28,2012-10-05
785981.4085314686,1,40,10,2012,0,0,64.89,192.1704115,8.667,13.50552298383776,45,2012-10-05
2003620.3062937064,2,40,10,2012,0,0,61.79,131.0756667,5.621,14.529400972330972,13,2012-10-05
1268125.418811189,1,40,10,2012,0,0,50.14,198.8221322,6.195,14.152098466466665,41,2012-10-05
1444999.0356643356,2,40,10,2012,0,0,59.86,138.8256,7.992,14.15769296051274,19,2012-10-05
893581.3904195804,1,40,10,2012,0,0,52.81,131.0756667,5.527,13.76696104333642,17,2012-10-05
302748.86601398606,0,40,10,2012,0,0,61.79,131.0756667,5.217,12.728999078292027,44,2012-10-05
2020978.4009790209,2,40,10,2012,0,0,64.89,192.1704115,8.667,14.338813906130957,14,2012-10-05
1450668.1291608391,2,40,10,2012,0,0,72.05,221.8533396,6.228,14.269390947283622,39,2012-10-05
1899424.5726573425,2,40,10,2012,0,0,80.88,131.0756667,6.943,14.380240321492948,10,2012-10-05
2107676.8703496503,2,40,10,2012,0,0,60.77,215.9258865,7.293,14.624845230866967,20,2012-10-05
318011.8104895105,0,40,10,2012,0,0,71.17,223.7744444,5.422,12.74562941844775,5,2012-10-05
539451.4287412588,0,40,10,2012,0,0,62.09,138.8256,9.151,13.162802194521499,29,2012-10-05
1395901.437062937,2,40,10,2012,0,0,70.28,222.8159296,6.17,14.12546723661795,31,2012-10-05
1356383.1244755245,2,40,10,2012,0,0,73.37,226.7210356,6.034,14.168133987591792,11,2012-10-05
1356755.3935664336,2,40,10,2012,0,0,60.35,138.8256,8.693,14.16385598559999,24,2012-10-05
2094712.9606993007,2,40,10,2012,0,0,63.07,131.0756667,3.879,14.608429057180135,4,2012-10-05
519247.7300699301,0,40,10,2012,0,0,50.46,198.8221322,5.847,13.063213362820038,16,2012-10-05
1775216.2019580419,2,40,10,2012,0,0,64.5,142.8516833,8.0,14.280387241857706,27,2012-10-05
966781.5594405595,1,40,10,2012,0,0,65.41,131.0756667,8.839,13.783914291902276,34,2012-10-05
1084718.421048951,1,40,10,2012,0,0,59.68,138.8256,8.243,13.90370986991302,18,2012-10-05
964128.0404895104,1,40,10,2012,0,0,57.21,138.8256,4.145,13.882339890688208,40,2012-10-05
1389864.4604895106,2,40,10,2012,0,0,56.65,138.8256,4.145,14.197104735642133,23,2012-10-05
402704.44104895106,0,40,10,2012,0,0,72.74,226.7210356,6.034,13.002585315505844,3,2012-10-05
556403.863146853,0,40,10,2012,0,0,80.88,131.0756667,6.943,13.293225407248045,42,2012-10-05
756069.0833566433,1,40,10,2012,0,0,70.28,222.8159296,6.17,13.387446879852359,21,2012-10-05
543980.5523776223,0,40,10,2012,0,0,66.61,226.9662325,4.954,13.315882506724066,9,2012-10-05
1028501.0389510489,1,40,10,2012,0,0,62.09,142.8516833,7.543,13.825350348054572,22,2012-10-05
518900.2819580419,0,40,10,2012,0,0,73.57,221.8533396,6.228,13.2106001815846,37,2012-10-05
919724.9795804196,1,40,10,2012,0,0,64.5,142.8516833,8.665,13.671715704323594,35,2012-10-05
706721.5326573426,1,40,10,2012,0,0,57.58,215.9258865,7.293,13.458175010160563,25,2012-10-05
1084718.421048951,1,41,10,2012,0,0,50.97,138.9117,8.243,13.886975039172578,18,2012-10-12
785981.4085314686,1,41,10,2012,0,0,54.47,192.3272654,8.667,13.506898112149697,45,2012-10-12
1450668.1291608391,2,41,10,2012,0,0,69.88,222.0510793,6.228,14.217247438193032,39,2012-10-12
318011.8104895105,0,41,10,2012,0,0,66.24,223.974787,5.422,12.692645770591467,5,2012-10-12
1564728.1862937063,2,41,10,2012,0,0,65.43,225.0054733,5.329,14.193534470252263,6,2012-10-12
539451.4287412588,0,41,10,2012,0,0,54.18,138.9117,9.151,13.149468686855553,29,2012-10-12
259861.69202797202,0,41,10,2012,0,0,79.64,131.1083333,6.895,12.583762741164096,33,2012-10-12
1009001.6094405595,1,41,10,2012,0,0,71.74,131.1083333,10.199,13.748214606607908,12,2012-10-12
385731.6532867133,0,41,10,2012,0,0,71.74,131.1083333,10.199,12.988424267388652,38,2012-10-12
893581.3904195804,1,41,10,2012,0,0,44.82,131.1083333,5.527,13.731997788250112,17,2012-10-12
1323522.241818182,1,41,10,2012,0,0,71.74,131.1083333,10.199,14.002436257739983,28,2012-10-12
1356383.1244755245,2,41,10,2012,0,0,69.94,226.9239785,6.034,14.087037402115572,11,2012-10-12
1268125.418811189,1,41,10,2012,0,0,39.38,199.0539368,6.195,14.158778203406737,41,2012-10-12
966781.5594405595,1,41,10,2012,0,0,59.94,131.1083333,8.839,13.762757662034362,34,2012-10-12
1028501.0389510489,1,41,10,2012,0,0,54.18,142.9376167,7.543,13.819543255697349,22,2012-10-12
1389864.4604895106,2,41,10,2012,0,0,48.1,138.9117,4.145,14.161173466390856,23,2012-10-12
964128.0404895104,1,41,10,2012,0,0,47.35,138.9117,4.145,13.797880314532668,40,2012-10-12
570617.3086713287,0,41,10,2012,0,0,41.43,199.0539368,7.557,13.129269336281942,7,2012-10-12
519247.7300699301,0,41,10,2012,0,0,43.26,199.0539368,5.847,13.105864394660154,16,2012-10-12
1775216.2019580419,2,41,10,2012,0,0,55.4,142.9376167,8.0,14.322377731393217,27,2012-10-12
623312.474965035,0,41,10,2012,0,0,49.12,138.9117,7.992,13.220942082482685,15,2012-10-12
373511.9927972028,0,41,10,2012,0,0,71.28,222.0510793,6.228,12.612330272845346,36,2012-10-12
302748.86601398606,0,41,10,2012,0,0,55.1,131.1083333,5.217,12.730200787168176,44,2012-10-12
402704.44104895106,0,41,10,2012,0,0,70.31,226.9239785,6.034,12.925874877690484,3,2012-10-12
1395901.437062937,2,41,10,2012,0,0,61.53,223.0154263,6.17,14.152778492219857,31,2012-10-12
2003620.3062937064,2,41,10,2012,0,0,55.1,131.1083333,5.621,14.508197852792986,13,2012-10-12
633324.7231468532,0,41,10,2012,0,0,71.14,214.6772833,8.839,13.336459273850789,43,2012-10-12
1899424.5726573425,2,41,10,2012,0,0,76.03,131.1083333,6.943,14.354276262898994,10,2012-10-12
2020978.4009790209,2,41,10,2012,0,0,54.47,192.3272654,8.667,14.309954700952966,14,2012-10-12
2107676.8703496503,2,41,10,2012,0,0,47.2,216.1150568,7.293,14.586984679727317,20,2012-10-12
1555264.3975524476,2,41,10,2012,0,0,62.99,223.3812965,6.573,14.268542104016484,1,2012-10-12
1002911.8446853146,1,41,10,2012,0,0,45.19,138.9117,7.138,13.859183546934869,26,2012-10-12
1444999.0356643356,2,41,10,2012,0,0,48.29,138.9117,7.992,14.117694838215865,19,2012-10-12
543980.5523776223,0,41,10,2012,0,0,60.09,227.1693919,4.954,13.232948660164322,9,2012-10-12
756069.0833566433,1,41,10,2012,0,0,61.53,223.0154263,6.17,13.389400461073091,21,2012-10-12
1925751.3355244757,2,41,10,2012,0,0,60.97,223.0154263,6.17,14.457757067050204,2,2012-10-12
2094712.9606993007,2,41,10,2012,0,0,57.11,131.1083333,3.879,14.573052688418432,4,2012-10-12
438579.6162237762,0,41,10,2012,0,0,61.53,223.0154263,6.17,12.982168139170076,30,2012-10-12
706721.5326573426,1,41,10,2012,0,0,43.74,216.1150568,7.293,13.454997414696232,25,2012-10-12
1166568.154965035,1,41,10,2012,0,0,43.49,199.0539368,7.557,13.97820943477056,32,2012-10-12
1356755.3935664336,2,41,10,2012,0,0,51.64,138.9117,8.693,14.163559927362579,24,2012-10-12
556403.863146853,0,41,10,2012,0,0,76.03,131.1083333,6.943,13.325109753513773,42,2012-10-12
518900.2819580419,0,41,10,2012,0,0,71.28,222.0510793,6.228,13.165062169637443,37,2012-10-12
919724.9795804196,1,41,10,2012,0,0,55.4,142.9376167,8.665,13.68042840925313,35,2012-10-12
908749.5183916084,1,41,10,2012,0,0,55.03,226.9735448,5.124,13.740262078756489,8,2012-10-12
919724.9795804196,1,42,10,2012,0,0,56.53,142.8633629,8.665,13.628319970656575,35,2012-10-19
402704.44104895106,0,42,10,2012,0,0,73.44,226.9688442,6.034,12.95870045261693,3,2012-10-19
1899424.5726573425,2,42,10,2012,0,0,72.71,131.1499677,6.943,14.366423338643488,10,2012-10-19
1564728.1862937063,2,42,10,2012,0,0,69.68,225.0501013,5.329,14.177988127063495,6,2012-10-19
373511.9927972028,0,42,10,2012,0,0,74.06,222.0951719,6.228,12.568494718042526,36,2012-10-19
519247.7300699301,0,42,10,2012,0,0,40.59,199.1481963,5.847,13.2659440539068,16,2012-10-19
556403.863146853,0,42,10,2012,0,0,72.71,131.1499677,6.943,13.201928395617804,42,2012-10-19
1450668.1291608391,2,42,10,2012,0,0,71.45,222.0951719,6.228,14.27134384166953,39,2012-10-19
539451.4287412588,0,42,10,2012,0,0,55.28,138.8336129,9.151,13.15562452139611,29,2012-10-19
785981.4085314686,1,42,10,2012,0,0,56.47,192.3308542,8.667,13.48440105813119,45,2012-10-19
2020978.4009790209,2,42,10,2012,0,0,56.47,192.3308542,8.667,14.279417967967877,14,2012-10-19
2107676.8703496503,2,42,10,2012,0,0,56.26,216.1464699,7.293,14.508339933029403,20,2012-10-19
543980.5523776223,0,42,10,2012,0,0,68.01,227.214288,4.954,13.203040579128551,9,2012-10-19
318011.8104895105,0,42,10,2012,0,0,69.17,224.0192873,5.422,12.655105255800931,5,2012-10-19
756069.0833566433,1,42,10,2012,0,0,68.52,223.0598077,6.17,13.371360451581985,21,2012-10-19
964128.0404895104,1,42,10,2012,0,0,46.33,138.8336129,4.145,13.730139471326213,40,2012-10-19
706721.5326573426,1,42,10,2012,0,0,51.93,216.1464699,7.293,13.437951698061704,25,2012-10-19
1356383.1244755245,2,42,10,2012,0,0,73.77,226.9688442,6.034,14.024209632301952,11,2012-10-19
2094712.9606993007,2,42,10,2012,0,0,64.46,131.1499677,3.879,14.55614603181787,4,2012-10-19
1395901.437062937,2,42,10,2012,0,0,68.52,223.0598077,6.17,14.136674395243565,31,2012-10-19
1356755.3935664336,2,42,10,2012,0,0,52.59,138.8336129,8.693,14.042977422278401,24,2012-10-19
1028501.0389510489,1,42,10,2012,0,0,55.28,142.8633629,7.543,13.793294549805841,22,2012-10-19
1444999.0356643356,2,42,10,2012,0,0,53.44,138.8336129,7.992,14.09397781662888,19,2012-10-19
2003620.3062937064,2,42,10,2012,0,0,52.06,131.1499677,5.621,14.517623005152974,13,2012-10-19
893581.3904195804,1,42,10,2012,0,0,48.16,131.1499677,5.527,13.77193251904029,17,2012-10-19
1555264.3975524476,2,42,10,2012,0,0,67.97,223.4257233,6.573,14.226341093058023,1,2012-10-19
1009001.6094405595,1,42,10,2012,0,0,68.66,131.1499677,10.199,13.775673942382024,12,2012-10-19
1166568.154965035,1,42,10,2012,0,0,53.57,199.1481963,7.557,13.997242824494156,32,2012-10-19
1389864.4604895106,2,42,10,2012,0,0,47.89,138.8336129,4.145,14.12531372240646,23,2012-10-19
259861.69202797202,0,42,10,2012,0,0,75.55,131.1499677,6.895,12.446715546180245,33,2012-10-19
385731.6532867133,0,42,10,2012,0,0,68.66,131.1499677,10.199,12.968763285975456,38,2012-10-19
1323522.241818182,1,42,10,2012,0,0,68.66,131.1499677,10.199,13.949801457090699,28,2012-10-19
570617.3086713287,0,42,10,2012,0,0,43.01,199.1481963,7.557,13.154686956068531,7,2012-10-19
623312.474965035,0,42,10,2012,0,0,52.89,138.8336129,7.992,13.227900663437351,15,2012-10-19
302748.86601398606,0,42,10,2012,0,0,52.06,131.1499677,5.217,12.68778177852048,44,2012-10-19
908749.5183916084,1,42,10,2012,0,0,62.99,227.0184166,5.124,13.710495260489571,8,2012-10-19
1925751.3355244757,2,42,10,2012,0,0,68.08,223.0598077,6.17,14.429609882904565,2,2012-10-19
438579.6162237762,0,42,10,2012,0,0,68.52,223.0598077,6.17,12.988919500950155,30,2012-10-19
1775216.2019580419,2,42,10,2012,0,0,56.53,142.8633629,8.0,14.298168310016196,27,2012-10-19
1268125.418811189,1,42,10,2012,0,0,49.56,199.1481963,6.195,14.097826940816038,41,2012-10-19
633324.7231468532,0,42,10,2012,0,0,71.25,214.7212488,8.839,13.343777802641316,43,2012-10-19
1084718.421048951,1,42,10,2012,0,0,51.96,138.8336129,8.243,13.86306924989722,18,2012-10-19
518900.2819580419,0,42,10,2012,0,0,74.06,222.0951719,6.228,13.221249157125499,37,2012-10-19
966781.5594405595,1,42,10,2012,0,0,58.47,131.1499677,8.839,13.778345701289124,34,2012-10-19
1002911.8446853146,1,42,10,2012,0,0,43.51,138.8336129,7.138,13.790786440377625,26,2012-10-19
756069.0833566433,1,43,10,2012,0,0,70.5,223.0783366,6.17,13.42276995388253,21,2012-10-26
1356755.3935664336,2,43,10,2012,0,0,55.16,138.7281613,8.693,14.083385219958435,24,2012-10-26
1166568.154965035,1,43,10,2012,0,0,47.22,199.2195317,7.557,14.014345260841228,32,2012-10-26
543980.5523776223,0,43,10,2012,0,0,69.52,227.2328068,4.954,13.217187057068466,9,2012-10-26
893581.3904195804,1,43,10,2012,0,0,39.94,131.1930968,5.527,13.75731591448261,17,2012-10-26
1323522.241818182,1,43,10,2012,0,0,65.95,131.1930968,10.199,14.00931724904599,28,2012-10-26
373511.9927972028,0,43,10,2012,0,0,74.39,222.1136566,6.228,12.51535869980561,36,2012-10-26
1925751.3355244757,2,43,10,2012,0,0,69.79,223.0783366,6.17,14.42226036390564,2,2012-10-26
1450668.1291608391,2,43,10,2012,0,0,72.9,222.1136566,6.228,14.266269566699082,39,2012-10-26
633324.7231468532,0,43,10,2012,0,0,69.17,214.7415392,8.839,13.283809466614711,43,2012-10-26
1564728.1862937063,2,43,10,2012,0,0,72.34,225.0686254,5.329,14.17418264428587,6,2012-10-26
2003620.3062937064,2,43,10,2012,0,0,46.97,131.1930968,5.621,14.52610006288785,13,2012-10-26
2094712.9606993007,2,43,10,2012,0,0,63.64,131.1930968,3.879,14.580790224260348,4,2012-10-26
519247.7300699301,0,43,10,2012,0,0,40.99,199.2195317,5.847,13.072692219273655,16,2012-10-26
1356383.1244755245,2,43,10,2012,0,0,74.26,226.9873637,6.034,13.99844063790379,11,2012-10-26
1268125.418811189,1,43,10,2012,0,0,41.8,199.2195317,6.195,14.09052036789068,41,2012-10-26
259861.69202797202,0,43,10,2012,0,0,73.7,131.1930968,6.895,12.444034383212953,33,2012-10-26
1009001.6094405595,1,43,10,2012,0,0,65.95,131.1930968,10.199,13.789883573984884,12,2012-10-26
438579.6162237762,0,43,10,2012,0,0,70.5,223.0783366,6.17,12.993223470931053,30,2012-10-26
623312.474965035,0,43,10,2012,0,0,55.75,138.7281613,7.992,13.232964417495689,15,2012-10-26
1444999.0356643356,2,43,10,2012,0,0,56.49,138.7281613,7.992,14.09474628021678,19,2012-10-26
1002911.8446853146,1,43,10,2012,0,0,46.95,138.7281613,7.138,13.773250863782298,26,2012-10-26
1555264.3975524476,2,43,10,2012,0,0,69.16,223.4442513,6.573,14.216740537227983,1,2012-10-26
302748.86601398606,0,43,10,2012,0,0,46.97,131.1930968,5.217,12.796821779096685,44,2012-10-26
385731.6532867133,0,43,10,2012,0,0,65.95,131.1930968,10.199,12.941540009764328,38,2012-10-26
570617.3086713287,0,43,10,2012,0,0,42.53,199.2195317,7.557,13.113411993037937,7,2012-10-26
908749.5183916084,1,43,10,2012,0,0,64.74,227.0369359,5.124,13.700854124389528,8,2012-10-26
518900.2819580419,0,43,10,2012,0,0,74.39,222.1136566,6.228,13.189534860503388,37,2012-10-26
966781.5594405595,1,43,10,2012,0,0,57.95,131.1930968,8.839,13.771546977576762,34,2012-10-26
1775216.2019580419,2,43,10,2012,0,0,58.99,142.7624113,8.0,14.347930579317486,27,2012-10-26
1028501.0389510489,1,43,10,2012,0,0,57.58,142.7624113,7.543,13.905738472180467,22,2012-10-26
1389864.4604895106,2,43,10,2012,0,0,50.56,138.7281613,4.145,14.113728623893799,23,2012-10-26
556403.863146853,0,43,10,2012,0,0,70.5,131.1930968,6.943,13.151450379045082,42,2012-10-26
919724.9795804196,1,43,10,2012,0,0,58.99,142.7624113,8.665,13.67064500429224,35,2012-10-26
1899424.5726573425,2,43,10,2012,0,0,70.5,131.1930968,6.943,14.37189258005327,10,2012-10-26
402704.44104895106,0,43,10,2012,0,0,74.66,226.9873637,6.034,12.912712637320151,3,2012-10-26
539451.4287412588,0,43,10,2012,0,0,57.58,138.7281613,9.151,13.18996908989762,29,2012-10-26
1395901.437062937,2,43,10,2012,0,0,70.5,223.0783366,6.17,14.10835444778495,31,2012-10-26
2020978.4009790209,2,43,10,2012,0,0,58.85,192.3088989,8.667,14.348699421974752,14,2012-10-26
2107676.8703496503,2,43,10,2012,0,0,60.04,216.1515902,7.293,14.524359591676697,20,2012-10-26
706721.5326573426,1,43,10,2012,0,0,56.69,216.1515902,7.293,13.442912279391427,25,2012-10-26
318011.8104895105,0,43,10,2012,0,0,71.7,224.0378139,5.422,12.674674574102362,5,2012-10-26
964128.0404895104,1,43,10,2012,0,0,49.65,138.7281613,4.145,13.733503569019492,40,2012-10-26
1084718.421048951,1,43,10,2012,0,0,56.09,138.7281613,8.243,13.935528649576748,18,2012-10-26
785981.4085314686,1,43,10,2012,0,0,58.85,192.3088989,8.667,13.541445261650543,45,2012-10-26
