Store_Avg_Sales,Store_Size_Tier_Enc,Week,Month,Year,Is_EndOfYear,Holiday_Flag,Temperature,CPI,Unemployment
0.9403924192566392,2,5,2,2010,0,0,-0.8319942547132235,1.0534113242469272,-0.06176453706769328
1.577114680345175,2,5,2,2010,0,0,-0.20137635740235943,-1.128704333762781,0.8210940658946767
-0.9769592987077368,0,5,2,2010,0,0,-0.6401354430625369,1.0213606766607852,0.17664453714999323
-0.2837710107424666,1,5,2,2010,0,0,-1.8384667092742037,-1.128704333762781,-0.8908746657086648
-1.1255585835694173,0,5,2,2010,0,0,-1.0028848902272236,1.0445504791227036,0.05424702136859156
-0.6294758300313095,1,5,2,2010,0,0,-1.9438317943610564,0.8768618678292506,-0.01865932498815651
-0.034159492930900565,1,5,2,2010,0,0,-1.7729411588470567,-0.8990229503918895,0.03242833377277632
0.6343900705580522,2,5,2,2010,0,0,-2.250491370360105,-0.9976077552394197,-1.2399736672417052
0.573135801532393,2,5,2,2010,0,0,-1.8741126087065718,-0.9976077552394197,0.05531134759277801
0.7363931897707003,2,5,2,2010,0,0,-1.9511706560088968,-0.9976077552394197,0.06808326228301075
-0.5381791422292902,1,5,2,2010,0,0,-1.0028848902272236,1.0445504791227036,0.05424702136859156
-0.08150143081591646,1,5,2,2010,0,0,-2.549287880307896,-0.9976077552394197,0.14152177175185157
0.7468814399824394,2,5,2,2010,0,0,-0.7276775784332056,1.0213606766607852,0.17664453714999323
-0.25570883086971885,1,5,2,2010,0,0,-1.2602692523050574,1.14041037604504,-1.023383280619834
0.22127507692775497,1,5,2,2010,0,0,-1.2450673246059594,0.49367714811677305,0.42143956871279564
-0.7837888727676563,0,5,2,2010,0,0,-2.010405753595038,-0.9976077552394197,0.06808326228301075
-0.1483451814265229,1,5,2,2010,0,0,-1.1921226798608244,-1.128704333762781,0.6912462665439727
1.7698846401364374,2,5,2,2010,0,0,-1.3970866015969405,-1.128704333762781,0.04998971647184763
-1.2233312978149107,0,5,2,2010,0,0,-0.45666390186652495,-1.128704333762781,3.061500767806416
-0.9305589082924309,0,5,2,2010,0,0,-1.05740214818261,1.1451535084041669,-0.9616523596170404
1.6258211757285925,2,5,2,2010,0,0,-0.9431255882376653,1.0445504791227036,0.05424702136859156
-0.48283908635581385,1,5,2,2010,0,0,-1.6183008598389894,0.3000803969390955,0.4097319802467494
1.9623971257156043,2,5,2,2010,0,0,-1.691165271913977,0.8768618678292506,-0.01865932498815651
1.3473198337634127,2,5,2,2010,0,0,-1.6245913126799953,-0.8990229503918895,0.007948830616496361
0.409163668762588,1,5,2,2010,0,0,-1.463136356427505,0.49367714811677305,-0.3624366954002662
1.9384129158557557,2,5,2,2010,0,0,-0.7559846162177332,-1.128704333762781,0.21336379188441318
0.6455589321870862,2,5,2,2010,0,0,-1.0028848902272236,1.0445504791227036,0.05424702136859156
-0.9763164935158085,0,5,2,2010,0,0,-2.0125025712087066,0.49367714811677305,-0.6295825776709775
0.5724470756586781,2,5,2,2010,0,0,-0.6364660122386167,1.1392099510960862,-0.4545009137923638
-1.2459385906379226,0,5,2,2010,0,0,-0.6401354430625369,1.0213606766607852,0.17664453714999323
-0.9075748471041216,0,5,2,2010,0,0,-0.20137635740235943,-1.128704333762781,0.8210940658946767
-1.3486181105998394,0,5,2,2010,0,0,-0.9688116040051068,1.0677848058280044,-0.88129572969099
-0.7652654590723796,0,5,2,2010,0,0,-0.569892053004635,0.8463700095445491,0.6912462665439727
-0.23540340052032,1,5,2,2010,0,0,-1.6245913126799953,-0.8990229503918895,0.5534160205118726
0.5116519662286834,1,5,2,2010,0,0,-0.45666390186652495,-1.128704333762781,3.061500767806416
0.9579011416530114,2,5,2,2010,0,0,-0.930544682555653,1.092746535528509,-0.5125066930105062
-1.4562002121550588,0,5,2,2010,0,0,0.011450630385014234,-1.128704333762781,1.007351155127244
-1.376855708149767,0,5,2,2010,0,0,-1.3970866015969405,-1.128704333762781,-0.05484641661048369
0.06984690069365158,1,5,2,2010,0,0,-1.9317750930824613,-0.9976077552394197,0.5214862337862893
-1.191930361324644,0,5,2,2010,0,0,-0.6537647575513834,1.1392099510960862,-0.4545009137923638
-0.07023490707221185,1,5,2,2010,0,0,-0.45666390186652495,-1.128704333762781,3.061500767806416
-0.9389381283506959,0,5,2,2010,0,0,-1.7729411588470567,-0.9976077552394197,0.9802108364104983
-0.1532543914646637,1,5,2,2010,0,0,-2.2908551094232275,-0.9976077552394197,-1.2399736672417052
-0.8812789017076371,0,5,2,2010,0,0,-2.4979158487730126,0.49367714811677305,0.42143956871279564
1.8019984234725068,2,5,2,2010,0,0,-1.6183008598389894,0.3000803969390955,0.4097319802467494
-0.25570883086971885,1,6,2,2010,0,1,-1.3022056045784314,1.1442760614351448,-1.023383280619834
-0.7837888727676563,0,6,2,2010,0,1,-1.8966533980535105,-0.9960944078349623,0.06808326228301075
-0.7652654590723796,0,6,2,2010,0,1,-0.534246153572267,0.8498968564979668,0.6912462665439727
-1.3486181105998394,0,6,2,2010,0,1,-0.9630453555675179,1.0715610586572242,-0.88129572969099
0.7468814399824394,2,6,2,2010,0,1,-0.7129998551375246,1.025073938756749,0.17664453714999323
-0.08150143081591646,1,6,2,2010,0,1,-2.098996297772541,-0.9960944078349623,0.14152177175185157
-0.1483451814265229,1,6,2,2010,0,1,-1.155952576025039,-1.1273073969039962,0.6912462665439727
-1.4562002121550588,0,6,2,2010,0,1,-0.14214125981621864,-1.1273073969039962,1.007351155127244
-0.8812789017076371,0,6,2,2010,0,1,-1.6922136807208115,0.49580566884261174,0.42143956871279564
1.7698846401364374,2,6,2,2010,0,1,-1.311641283839941,-1.1273073969039962,0.04998971647184763
-0.1532543914646637,1,6,2,2010,0,1,-1.9574611088499028,-0.9960944078349623,-1.2399736672417052
-0.07023490707221185,1,6,2,2010,0,1,-0.5405366064132734,-1.1273073969039962,3.061500767806416
0.7363931897707003,2,6,2,2010,0,1,-1.8327004608366149,-0.9960944078349623,0.06808326228301075
-1.2233312978149107,0,6,2,2010,0,1,-0.5405366064132734,-1.1273073969039962,3.061500767806416
0.9403924192566392,2,6,2,2010,0,1,-1.0311919280117512,1.0571698787345118,-0.06176453706769328
-0.9305589082924309,0,6,2,2010,0,1,-1.1061531577004073,1.1490250348141005,-0.9616523596170404
1.6258211757285925,2,6,2,2010,0,1,-1.0322403368185853,1.0482981197188694,0.05424702136859156
-0.48283908635581385,1,6,2,2010,0,1,-1.596284274895468,0.30294489905177185,0.4097319802467494
1.9623971257156043,2,6,2,2010,0,1,-1.8903629452125041,0.8804333369778398,-0.01865932498815651
1.3473198337634127,2,6,2,2010,0,1,-1.4872497589846951,-0.8975060689899983,0.007948830616496361
1.9384129158557557,2,6,2,2010,0,1,-1.5380975861161612,-1.1273073969039962,0.21336379188441318
-0.9389381283506959,0,6,2,2010,0,1,-1.5747918943553636,-0.9960944078349623,0.9802108364104983
0.6455589321870862,2,6,2,2010,0,1,-1.069983053864622,1.0482981197188694,0.05424702136859156
0.06984690069365158,1,6,2,2010,0,1,-1.6654792561465352,-0.9960944078349623,0.5214862337862893
-0.9763164935158085,0,6,2,2010,0,1,-1.9558884956396512,0.49580566884261174,-0.6295825776709775
0.5724470756586781,2,6,2,2010,0,1,-0.5331977447654328,1.1430741594763225,-0.4545009137923638
-1.2459385906379226,0,6,2,2010,0,1,-0.6327965814146964,1.025073938756749,0.17664453714999323
-0.9075748471041216,0,6,2,2010,0,1,-0.43097788609908316,-1.1273073969039962,0.8210940658946767
1.8019984234725068,2,6,2,2010,0,1,-1.596284274895468,0.30294489905177185,0.4097319802467494
-0.5381791422292902,1,6,2,2010,0,1,-1.069983053864622,1.0482981197188694,0.05424702136859156
0.22127507692775497,1,6,2,2010,0,1,-1.5774129163724495,0.49580566884261174,0.42143956871279564
-0.9769592987077368,0,6,2,2010,0,1,-0.6327965814146964,1.025073938756749,0.17664453714999323
0.409163668762588,1,6,2,2010,0,1,-1.842136140098124,0.49580566884261174,-0.3624366954002662
-0.6294758300313095,1,6,2,2010,0,1,-2.0203656372599643,0.8804333369778398,-0.01865932498815651
-0.2837710107424666,1,6,2,2010,0,1,-2.087463800897363,-1.1273073969039962,-0.8908746657086648
-0.034159492930900565,1,6,2,2010,0,1,-1.5747918943553636,-0.8975060689899983,0.03242833377277632
0.5116519662286834,1,6,2,2010,0,1,-0.5405366064132734,-1.1273073969039962,3.061500767806416
0.9579011416530114,2,6,2,2010,0,1,-0.9232058209078126,1.0965535271756723,-0.5125066930105062
-1.191930361324644,0,6,2,2010,0,1,-0.5373913799927702,1.1430741594763225,-0.4545009137923638
0.6343900705580522,2,6,2,2010,0,1,-2.067019829164093,-0.9960944078349623,-1.2399736672417052
1.577114680345175,2,6,2,2010,0,1,-0.43097788609908316,-1.1273073969039962,0.8210940658946767
-1.1255585835694173,0,6,2,2010,0,1,-1.069983053864622,1.0482981197188694,0.05424702136859156
0.573135801532393,2,6,2,2010,0,1,-1.6901168631071428,-0.9960944078349623,0.05531134759277801
-1.376855708149767,0,6,2,2010,0,1,-1.311641283839941,-1.1273073969039962,-0.05484641661048369
-0.23540340052032,1,6,2,2010,0,1,-1.4872497589846951,-0.8975060689899983,0.5534160205118726
-0.48283908635581385,1,7,2,2010,0,0,-1.4107159160857872,0.304297267846637,0.4097319802467494
-0.9389381283506959,0,7,2,2010,0,0,-1.374545812250002,-0.9947955903141248,0.9802108364104983
0.409163668762588,1,7,2,2010,0,0,-1.784997860125652,0.49760559224905526,-0.3624366954002662
1.3473198337634127,2,7,2,2010,0,0,-1.3493840008859777,-0.8961019945390217,0.007948830616496361
-0.9075748471041216,0,7,2,2010,0,0,0.0020149511235050604,-1.1265333818686258,0.8210940658946767
-0.5381791422292902,1,7,2,2010,0,0,-0.966190581988021,1.049513933409384,0.05424702136859156
-1.2459385906379226,0,7,2,2010,0,0,-0.6563857795684696,1.0263133278962289,0.17664453714999323
-0.2837710107424666,1,7,2,2010,0,0,-1.736246850607854,-1.1265333818686258,-0.8908746657086648
0.06984690069365158,1,7,2,2010,0,0,-1.4295872746088056,-0.9947955903141248,0.5214862337862893
1.577114680345175,2,7,2,2010,0,0,0.0020149511235050604,-1.1265333818686258,0.8210940658946767
-0.9763164935158085,0,7,2,2010,0,0,-1.9422591811508052,0.49760559224905526,-0.6295825776709775
-1.376855708149767,0,7,2,2010,0,0,-1.1784933653719776,-1.1265333818686258,-0.05484641661048369
-0.9769592987077368,0,7,2,2010,0,0,-0.6563857795684696,1.0263133278962289,0.17664453714999323
1.9384129158557557,2,7,2,2010,0,0,-1.1391780351156893,-1.1265333818686258,0.21336379188441318
0.6455589321870862,2,7,2,2010,0,0,-0.966190581988021,1.049513933409384,0.05424702136859156
0.5724470756586781,2,7,2,2010,0,0,-0.5179958170663348,1.1442365688204934,-0.4545009137923638
-0.07023490707221185,1,7,2,2010,0,0,-0.175690341634918,-1.1265333818686258,3.061500767806416
1.8019984234725068,2,7,2,2010,0,0,-1.4107159160857872,0.304297267846637,0.4097319802467494
-1.2233312978149107,0,7,2,2010,0,0,-0.175690341634918,-1.1265333818686258,3.061500767806416
-0.6294758300313095,1,7,2,2010,0,0,-1.7834252469154004,0.8816281735194723,-0.01865932498815651
-0.7652654590723796,0,7,2,2010,0,0,-0.4933582101057271,0.851105344425749,0.6912462665439727
-0.8812789017076371,0,7,2,2010,0,0,-1.6198734730492408,0.49760559224905526,0.42143956871279564
0.573135801532393,2,7,2,2010,0,0,-1.4222484129609652,-0.9947955903141248,0.05531134759277801
0.7363931897707003,2,7,2,2010,0,0,-1.5522511050084251,-0.9947955903141248,0.06808326228301075
-0.08150143081591646,1,7,2,2010,0,0,-1.8641527250416452,-0.9947955903141248,0.14152177175185157
-0.23540340052032,1,7,2,2010,0,0,-1.3493840008859777,-0.8961019945390217,0.5534160205118726
0.9403924192566392,2,7,2,2010,0,0,-0.9567549027265119,1.0583806943061178,-0.06176453706769328
0.7468814399824394,2,7,2,2010,0,0,-0.7455005281493894,1.0263133278962289,0.17664453714999323
0.6343900705580522,2,7,2,2010,0,0,-1.6502773284474372,-0.9947955903141248,-1.2399736672417052
-1.191930361324644,0,7,2,2010,0,0,-0.5824729586866474,1.1442365688204934,-0.4545009137923638
-0.9305589082924309,0,7,2,2010,0,0,-0.7926789244569353,1.150184090598343,-0.9616523596170404
-0.25570883086971885,1,7,2,2010,0,0,-1.0002638682101375,1.1454377928498296,-1.023383280619834
-1.1255585835694173,0,7,2,2010,0,0,-0.966190581988021,1.049513933409384,0.05424702136859156
0.22127507692775497,1,7,2,2010,0,0,-1.5213230452068116,0.49760559224905526,0.42143956871279564
-1.4562002121550588,0,7,2,2010,0,0,0.20855148606987273,-1.1265333818686258,1.007351155127244
0.5116519662286834,1,7,2,2010,0,0,-0.175690341634918,-1.1265333818686258,3.061500767806416
-0.7837888727676563,0,7,2,2010,0,0,-1.6062441585603944,-0.9947955903141248,0.06808326228301075
-1.3486181105998394,0,7,2,2010,0,0,-0.8933261699130334,1.0727637648517863,-0.88129572969099
-0.034159492930900565,1,7,2,2010,0,0,-1.374545812250002,-0.8961019945390217,0.03242833377277632
1.6258211757285925,2,7,2,2010,0,0,-0.9693358084085242,1.049513933409384,0.05424702136859156
-0.1483451814265229,1,7,2,2010,0,0,-1.0390549940630087,-1.1265333818686258,0.6912462665439727
0.9579011416530114,2,7,2,2010,0,0,-0.7654202954792423,1.0977421489340717,-0.5125066930105062
1.7698846401364374,2,7,2,2010,0,0,-1.1784933653719776,-1.1265333818686258,0.04998971647184763
-0.1532543914646637,1,7,2,2010,0,0,-1.590518026457879,-0.9947955903141248,-1.2399736672417052
1.9623971257156043,2,7,2,2010,0,0,-1.7168512876814188,0.8816281735194723,-0.01865932498815651
-1.376855708149767,0,8,2,2010,0,0,-1.478338284126603,-1.1258631854187058,-0.05484641661048369
-1.191930361324644,0,8,2,2010,0,0,-0.3214191657848933,1.1449486757476417,-0.4545009137923638
-0.9305589082924309,0,8,2,2010,0,0,-0.7523151853938128,1.150891065367292,-0.9616523596170404
-1.2459385906379226,0,8,2,2010,0,0,-0.3832752853881202,1.0271404044466828,0.17664453714999323
1.8019984234725068,2,8,2,2010,0,0,-1.220953922048769,0.30539761442186675,0.4097319802467494
1.577114680345175,2,8,2,2010,0,0,-0.2836764487388563,-1.1258631854187058,0.8210940658946767
0.5724470756586781,2,8,2,2010,0,0,-0.2826280399320221,1.1449486757476417,-0.4545009137923638
-0.9769592987077368,0,8,2,2010,0,0,-0.3832752853881202,1.0271404044466828,0.17664453714999323
-0.6294758300313095,1,8,2,2010,0,0,-1.5213230452068116,0.8824269059154517,-0.01865932498815651
-0.7652654590723796,0,8,2,2010,0,0,-0.4933582101057271,0.8519274383233646,0.6912462665439727
-0.7837888727676563,0,8,2,2010,0,0,-1.484104532564192,-0.9935325277738901,0.06808326228301075
-0.034159492930900565,1,8,2,2010,0,0,-1.163815642076297,-0.894716724253823,0.03242833377277632
-0.5381791422292902,1,8,2,2010,0,0,-0.6747329336880704,1.0503077759489576,0.05424702136859156
0.22127507692775497,1,8,2,2010,0,0,-1.6534225548679402,0.49935074513946787,0.42143956871279564
-0.08150143081591646,1,8,2,2010,0,0,-1.6177766554355721,-0.9935325277738901,0.14152177175185157
-1.4562002121550588,0,8,2,2010,0,0,-0.08814820626424935,-1.1258631854187058,1.007351155127244
1.9384129158557557,2,8,2,2010,0,0,-0.8817936730378556,-1.1258631854187058,0.21336379188441318
-1.2233312978149107,0,8,2,2010,0,0,-0.4168243672068196,-1.1258631854187058,3.061500767806416
0.6455589321870862,2,8,2,2010,0,0,-0.6747329336880704,1.0503077759489576,0.05424702136859156
-0.1532543914646637,1,8,2,2010,0,0,-1.303254013385266,-0.9935325277738901,-1.2399736672417052
1.7698846401364374,2,8,2,2010,0,0,-1.478338284126603,-1.1258631854187058,0.04998971647184763
-0.1483451814265229,1,8,2,2010,0,0,-1.0956690696320637,-1.1258631854187058,0.6912462665439727
-1.3486181105998394,0,8,2,2010,0,0,-0.6018685216130828,1.0735375453183986,-0.88129572969099
-0.25570883086971885,1,8,2,2010,0,0,-1.0626441922167817,1.1461488635501593,-1.023383280619834
0.7468814399824394,2,8,2,2010,0,0,-0.43988936095717524,1.0271404044466828,0.17664453714999323
0.9579011416530114,2,8,2,2010,0,0,-0.5809003454763958,1.0984943774294622,-0.5125066930105062
0.7363931897707003,2,8,2,2010,0,0,-1.459991130007002,-0.9935325277738901,0.06808326228301075
0.573135801532393,2,8,2,2010,0,0,-1.2686565227597324,-0.9935325277738901,0.05531134759277801
0.6343900705580522,2,8,2,2010,0,0,-1.3368030952039653,-0.9935325277738901,-1.2399736672417052
0.5116519662286834,1,8,2,2010,0,0,-0.4168243672068196,-1.1258631854187058,3.061500767806416
-0.07023490707221185,1,8,2,2010,0,0,-0.4168243672068196,-1.1258631854187058,3.061500767806416
-0.23540340052032,1,8,2,2010,0,0,-1.1627672332694625,-0.894716724253823,0.5534160205118726
-1.1255585835694173,0,8,2,2010,0,0,-0.6747329336880704,1.0503077759489576,0.05424702136859156
-0.2837710107424666,1,8,2,2010,0,0,-2.230047398626835,-1.1258631854187058,-0.8908746657086648
-0.8812789017076371,0,8,2,2010,0,0,-1.744109916659112,0.49935074513946787,0.42143956871279564
-0.9075748471041216,0,8,2,2010,0,0,-0.2836764487388563,-1.1258631854187058,0.8210940658946767
-0.9763164935158085,0,8,2,2010,0,0,-2.100044706579375,0.49935074513946787,-0.6295825776709775
0.409163668762588,1,8,2,2010,0,0,-1.905040668508185,0.49935074513946787,-0.3624366954002662
1.9623971257156043,2,8,2,2010,0,0,-1.3556744537269836,0.8824269059154517,-0.01865932498815651
0.9403924192566392,2,8,2,2010,0,0,-0.605537952437003,1.059166886295447,-0.06176453706769328
1.3473198337634127,2,8,2,2010,0,0,-1.1627672332694625,-0.894716724253823,0.007948830616496361
0.06984690069365158,1,8,2,2010,0,0,-1.1931710886676588,-0.9935325277738901,0.5214862337862893
-0.9389381283506959,0,8,2,2010,0,0,-1.163815642076297,-0.9935325277738901,0.9802108364104983
-0.48283908635581385,1,8,2,2010,0,0,-1.220953922048769,0.30539761442186675,0.4097319802467494
1.6258211757285925,2,8,2,2010,0,0,-0.6333207858181135,1.0503077759489576,0.05424702136859156
1.8019984234725068,2,9,3,2010,0,0,-1.1035321356833214,0.30649796099709653,0.4097319802467494
0.573135801532393,2,9,3,2010,0,0,-1.1245003118200088,-0.9922694652336554,0.05531134759277801
0.9403924192566392,2,9,3,2010,0,0,-0.6123526096814265,1.0599530782847773,-0.06176453706769328
-0.9305589082924309,0,9,3,2010,0,0,-0.5111811598219113,1.151598040136241,-0.9616523596170404
-0.034159492930900565,1,9,3,2010,0,0,-1.119782472189254,-0.8933314513909456,0.03242833377277632
0.6343900705580522,2,9,3,2010,0,0,-1.312165488243358,-0.9922694652336554,-1.2399736672417052
0.5116519662286834,1,9,3,2010,0,0,-0.23125600839713853,-1.1251929889687855,3.061500767806416
1.6258211757285925,2,9,3,2010,0,0,-0.5772309146524756,1.0511016210662092,0.05424702136859156
0.6455589321870862,2,9,3,2010,0,0,-0.5017454805604021,1.0511016210662092,0.05424702136859156
-1.2233312978149107,0,9,3,2010,0,0,-0.23125600839713853,-1.1251929889687855,3.061500767806416
1.9623971257156043,2,9,3,2010,0,0,-1.3855541047217628,0.8832256383114303,-0.01865932498815651
-0.6294758300313095,1,9,3,2010,0,0,-1.5061211175077136,0.8832256383114303,-0.01865932498815651
-0.5381791422292902,1,9,3,2010,0,0,-0.5017454805604021,1.0511016210662092,0.05424702136859156
-0.23540340052032,1,9,3,2010,0,0,-1.0542569217621067,-0.8933314513909456,0.5534160205118726
-1.191930361324644,0,9,3,2010,0,0,-0.26952292984659265,1.14566078267479,-0.4545009137923638
-0.9769592987077368,0,9,3,2010,0,0,-0.35916188283093003,1.0279674809971358,0.17664453714999323
-0.2837710107424666,1,9,3,2010,0,0,-1.3944655795798548,-1.1251929889687855,-0.8908746657086648
-0.8812789017076371,0,9,3,2010,0,0,-1.170106094917303,0.5010959006075589,0.42143956871279564
1.577114680345175,2,9,3,2010,0,0,-0.11855206166244553,-1.1251929889687855,0.8210940658946767
-1.1255585835694173,0,9,3,2010,0,0,-0.5017454805604021,1.0511016210662092,0.05424702136859156
-0.07023490707221185,1,9,3,2010,0,0,-0.23125600839713853,-1.1251929889687855,3.061500767806416
1.9384129158557557,2,9,3,2010,0,0,-0.7701381351099967,-1.1251929889687855,0.21336379188441318
0.7468814399824394,2,9,3,2010,0,0,-0.38013005896761703,1.0279674809971358,0.17664453714999323
-0.9763164935158085,0,9,3,2010,0,0,-1.5863243912305416,0.5010959006075589,-0.6295825776709775
0.06984690069365158,1,9,3,2010,0,0,-1.1014353180696526,-0.9922694652336554,0.5214862337862893
-0.9075748471041216,0,9,3,2010,0,0,-0.11855206166244553,-1.1251929889687855,0.8210940658946767
0.5724470756586781,2,9,3,2010,0,0,-0.2212961247322123,1.14566078267479,-0.4545009137923638
-1.2459385906379226,0,9,3,2010,0,0,-0.35916188283093003,1.0279674809971358,0.17664453714999323
1.7698846401364374,2,9,3,2010,0,0,-0.9190121856804752,-1.1251929889687855,0.04998971647184763
-0.7652654590723796,0,9,3,2010,0,0,-0.27738599589785023,0.8527495347986594,0.6912462665439727
-0.9389381283506959,0,9,3,2010,0,0,-1.119782472189254,-0.9922694652336554,0.9802108364104983
-1.376855708149767,0,9,3,2010,0,0,-0.9190121856804752,-1.1251929889687855,-0.05484641661048369
-0.7837888727676563,0,9,3,2010,0,0,-1.3834572871080941,-0.9922694652336554,0.06808326228301075
-0.1532543914646637,1,9,3,2010,0,0,-1.226720170486358,-0.9922694652336554,-1.2399736672417052
1.3473198337634127,2,9,3,2010,0,0,-1.0542569217621067,-0.8933314513909456,0.007948830616496361
-1.3486181105998394,0,9,3,2010,0,0,-0.4870677572647211,1.0743113257850117,-0.88129572969099
0.409163668762588,1,9,3,2010,0,0,-1.3467629788688915,0.5010959006075589,-0.3624366954002662
-0.25570883086971885,1,9,3,2010,0,0,-0.6574341883753037,1.1468599342504888,-1.023383280619834
-0.48283908635581385,1,9,3,2010,0,0,-1.1035321356833214,0.30649796099709653,0.4097319802467494
0.22127507692775497,1,9,3,2010,0,0,-1.0726040758817081,0.5010959006075589,0.42143956871279564
-1.4562002121550588,0,9,3,2010,0,0,0.05181436944813703,-1.1251929889687855,1.007351155127244
0.9579011416530114,2,9,3,2010,0,0,-0.4482766314118499,1.0992466033471742,-0.5125066930105062
-0.08150143081591646,1,9,3,2010,0,0,-1.5506784917981735,-0.9922694652336554,0.14152177175185157
-0.1483451814265229,1,9,3,2010,0,0,-0.8141713049970397,-1.1251929889687855,0.6912462665439727
0.7363931897707003,2,9,3,2010,0,0,-1.324222189521953,-0.9922694652336554,0.06808326228301075
-0.1532543914646637,1,10,3,2010,0,0,-1.2099456295770084,-0.9910064026934216,-1.2399736672417052
0.9579011416530114,2,10,3,2010,0,0,0.03346721532853576,1.0999988318425646,-0.5125066930105062
-1.191930361324644,0,10,3,2010,0,0,0.2567782911842531,1.1463728921796168,-0.4545009137923638
1.577114680345175,2,10,3,2010,0,0,-0.3067414424892123,-1.1245227925188648,0.8210940658946767
0.06984690069365158,1,10,3,2010,0,0,-0.8278006194858862,-0.9910064026934216,0.5214862337862893
-1.2233312978149107,0,10,3,2010,0,0,-0.4231148200478256,-1.1245227925188648,3.061500767806416
-0.8812789017076371,0,10,3,2010,0,0,-1.6214460862594924,0.5028410560756508,0.42143956871279564
1.9623971257156043,2,10,3,2010,0,0,-0.75283938979723,0.8840243681297312,-0.01865932498815651
-0.9305589082924309,0,10,3,2010,0,0,-0.12693933211712055,1.1523050174828684,-0.9616523596170404
1.9384129158557557,2,10,3,2010,0,0,-0.4482766314118499,-1.1245227925188648,0.21336379188441318
1.3473198337634127,2,10,3,2010,0,0,-0.6396112386591198,-0.8919461785280682,0.007948830616496361
0.6455589321870862,2,10,3,2010,0,0,-0.05669594205921864,1.0518954636057831,0.05424702136859156
-0.9763164935158085,0,10,3,2010,0,0,-1.5485816741845049,0.5028410560756508,-0.6295825776709775
-0.9075748471041216,0,10,3,2010,0,0,-0.3067414424892123,-1.1245227925188648,0.8210940658946767
-0.7652654590723796,0,10,3,2010,0,0,-0.2364980524313104,0.8535716312739543,0.6912462665439727
-0.7837888727676563,0,10,3,2010,0,0,-0.880221059827604,-0.9910064026934216,0.06808326228301075
0.409163668762588,1,10,3,2010,0,0,-1.2990603781579286,0.5028410560756508,-0.3624366954002662
-1.3486181105998394,0,10,3,2010,0,0,0.01669267441918608,1.0750851088293032,-0.88129572969099
0.22127507692775497,1,10,3,2010,0,0,-0.9593759247435976,0.5028410560756508,0.42143956871279564
-0.08150143081591646,1,10,3,2010,0,0,-1.4196273909438792,-0.9910064026934216,0.14152177175185157
0.7468814399824394,2,10,3,2010,0,0,0.19387376277419208,1.0287945575475896,0.17664453714999323
0.7363931897707003,2,10,3,2010,0,0,-1.002360685823806,-0.9910064026934216,0.06808326228301075
0.5116519662286834,1,10,3,2010,0,0,-0.4231148200478256,-1.1245227925188648,3.061500767806416
-1.1255585835694173,0,10,3,2010,0,0,-0.05669594205921864,1.0518954636057831,0.05424702136859156
-0.5381791422292902,1,10,3,2010,0,0,-0.05669594205921864,1.0518954636057831,0.05424702136859156
-0.9769592987077368,0,10,3,2010,0,0,0.19806739800152942,1.0287945575475896,0.17664453714999323
-0.2837710107424666,1,10,3,2010,0,0,-1.4924918030188667,-1.1245227925188648,-0.8908746657086648
-0.25570883086971885,1,10,3,2010,0,0,-0.44146197416742683,1.1475710049508185,-1.023383280619834
-1.376855708149767,0,10,3,2010,0,0,-1.07784611991588,-1.1245227925188648,-0.05484641661048369
-0.9389381283506959,0,10,3,2010,0,0,-0.7732833615304999,-0.9910064026934216,0.9802108364104983
0.6343900705580522,2,10,3,2010,0,0,-1.1590978024455423,-0.9910064026934216,-1.2399736672417052
-0.034159492930900565,1,10,3,2010,0,0,-0.7732833615304999,-0.8919461785280682,0.03242833377277632
-0.6294758300313095,1,10,3,2010,0,0,-0.9504644498855058,0.8840243681297312,-0.01865932498815651
-1.4562002121550588,0,10,3,2010,0,0,-0.13480239816837813,-1.1245227925188648,1.007351155127244
1.8019984234725068,2,10,3,2010,0,0,-0.6490469179206291,0.30759830757232626,0.4097319802467494
-0.07023490707221185,1,10,3,2010,0,0,-0.4231148200478256,-1.1245227925188648,3.061500767806416
1.7698846401364374,2,10,3,2010,0,0,-1.07784611991588,-1.1245227925188648,0.04998971647184763
-0.23540340052032,1,10,3,2010,0,0,-0.6396112386591198,-0.8919461785280682,0.5534160205118726
-0.1483451814265229,1,10,3,2010,0,0,-0.8346152767303097,-1.1245227925188648,0.6912462665439727
-0.48283908635581385,1,10,3,2010,0,0,-0.6490469179206291,0.30759830757232626,0.4097319802467494
1.6258211757285925,2,10,3,2010,0,0,-0.032582539502028454,1.0518954636057831,0.05424702136859156
0.573135801532393,2,10,3,2010,0,0,-0.8319942547132235,-0.9910064026934216,0.05531134759277801
0.5724470756586781,2,10,3,2010,0,0,0.310247140332805,1.1463728921796168,-0.4545009137923638
0.9403924192566392,2,10,3,2010,0,0,-0.02052583822343354,1.0607392702741065,-0.06176453706769328
-1.2459385906379226,0,10,3,2010,0,0,0.19806739800152942,1.0287945575475896,0.17664453714999323
0.22127507692775497,1,11,3,2010,0,0,-0.8257038018722176,0.5027651305509105,0.42143956871279564
-0.034159492930900565,1,11,3,2010,0,0,-0.6369902166420337,-0.8908835717460049,0.03242833377277632
-0.25570883086971885,1,11,3,2010,0,0,-0.5725130750217211,1.1431180779652217,-1.023383280619834
0.9579011416530114,2,11,3,2010,0,0,-0.08552718424716362,1.0956552319417008,-0.5125066930105062
0.6455589321870862,2,11,3,2010,0,0,-0.1835534076861756,1.0476624151870118,0.05424702136859156
-0.8812789017076371,0,11,3,2010,0,0,-1.5276134980478178,0.5027651305509105,0.42143956871279564
-0.2837710107424666,1,11,3,2010,0,0,-1.2697049315665665,-1.1244619721910347,-0.8908746657086648
-0.9763164935158085,0,11,3,2010,0,0,-1.2964393561408425,0.5027651305509105,-0.6295825776709775
-0.6294758300313095,1,11,3,2010,0,0,-0.6909832701940031,0.8802394594555923,-0.01865932498815651
-0.5381791422292902,1,11,3,2010,0,0,-0.1835534076861756,1.0476624151870118,0.05424702136859156
-0.07023490707221185,1,11,3,2010,0,0,0.07278254558482405,-1.1244619721910347,3.061500767806416
-1.2459385906379226,0,11,3,2010,0,0,0.07225834118140698,1.0246434664216073,0.17664453714999323
1.7698846401364374,2,11,3,2010,0,0,-0.8225585754517144,-1.1244619721910347,0.04998971647184763
1.577114680345175,2,11,3,2010,0,0,0.17185717783067056,-1.1244619721910347,0.8210940658946767
-1.1255585835694173,0,11,3,2010,0,0,-0.1835534076861756,1.0476624151870118,0.05424702136859156
-0.9769592987077368,0,11,3,2010,0,0,0.07225834118140698,1.0246434664216073,0.17664453714999323
-0.23540340052032,1,11,3,2010,0,0,-0.47920469121346354,-0.8908835717460049,0.5534160205118726
1.9384129158557557,2,11,3,2010,0,0,-0.15681898311189968,-1.1244619721910347,0.21336379188441318
-0.9075748471041216,0,11,3,2010,0,0,0.17185717783067056,-1.1244619721910347,0.8210940658946767
0.409163668762588,1,11,3,2010,0,0,-1.12607292503026,0.5027651305509105,-0.3624366954002662
0.5724470756586781,2,11,3,2010,0,0,0.17447819984775628,1.1419227181548228,-0.4545009137923638
-0.7652654590723796,0,11,3,2010,0,0,-0.1143584264351082,0.849743799094877,0.6912462665439727
-1.191930361324644,0,11,3,2010,0,0,0.11733991987528418,1.1419227181548228,-0.4545009137923638
-0.9305589082924309,0,11,3,2010,0,0,-0.26375668140900377,1.1478412101156756,-0.9616523596170404
-0.9389381283506959,0,11,3,2010,0,0,-0.6369902166420337,-0.9899678482308742,0.9802108364104983
-0.48283908635581385,1,11,3,2010,0,0,-0.49230980129889296,0.30541093070979086,0.4097319802467494
0.7468814399824394,2,11,3,2010,0,0,0.022983127260192072,1.0246434664216073,0.17664453714999323
0.06984690069365158,1,11,3,2010,0,0,-0.6689666852504815,-0.9899678482308742,0.5214862337862893
-0.1483451814265229,1,11,3,2010,0,0,-0.6459016915001259,-1.1244619721910347,0.6912462665439727
0.573135801532393,2,11,3,2010,0,0,-0.6338449902215305,-0.9899678482308742,0.05531134759277801
-1.2233312978149107,0,11,3,2010,0,0,0.07278254558482405,-1.1244619721910347,3.061500767806416
1.9623971257156043,2,11,3,2010,0,0,-0.5693678486012179,0.8802394594555923,-0.01865932498815651
-1.3486181105998394,0,11,3,2010,0,0,-0.14266546421963572,1.07079876690437,-0.88129572969099
0.7363931897707003,2,11,3,2010,0,0,-0.7570330250245673,-0.9899678482308742,0.06808326228301075
-0.7837888727676563,0,11,3,2010,0,0,-0.7072336066999356,-0.9899678482308742,0.06808326228301075
1.6258211757285925,2,11,3,2010,0,0,-0.19194067814085025,1.0476624151870118,0.05424702136859156
-1.376855708149767,0,11,3,2010,0,0,-0.8225585754517144,-1.1244619721910347,-0.05484641661048369
1.3473198337634127,2,11,3,2010,0,0,-0.47920469121346354,-0.8908835717460049,0.007948830616496361
0.6343900705580522,2,11,3,2010,0,0,-0.7952999464740214,-0.9899678482308742,-1.2399736672417052
1.8019984234725068,2,11,3,2010,0,0,-0.49230980129889296,0.30541093070979086,0.4097319802467494
-1.4562002121550588,0,11,3,2010,0,0,0.3364573605036638,-1.1244619721910347,1.007351155127244
0.5116519662286834,1,11,3,2010,0,0,0.07278254558482405,-1.1244619721910347,3.061500767806416
-0.1532543914646637,1,11,3,2010,0,0,-0.924778434118064,-0.9899678482308742,-1.2399736672417052
0.9403924192566392,2,11,3,2010,0,0,-0.18879545172034745,1.0564858968591522,-0.06176453706769328
-0.08150143081591646,1,11,3,2010,0,0,-1.197364723894996,-0.9899678482308742,0.14152177175185157
-0.2837710107424666,1,12,3,2010,0,0,-1.1842596138095665,-1.1245027175575113,-0.8908746657086648
0.7468814399824394,2,12,3,2010,0,0,-0.175690341634918,1.0196626798236603,0.17664453714999323
-1.1255585835694173,0,12,3,2010,0,0,-0.3418631375181633,1.0425915516085171,0.05424702136859156
0.7363931897707003,2,12,3,2010,0,0,-1.001836481420389,-0.9889667113516624,0.06808326228301075
0.5116519662286834,1,12,3,2010,0,0,0.09846856135226584,-1.1245027175575113,3.061500767806416
-0.7837888727676563,0,12,3,2010,0,0,-0.9777230788631989,-0.9889667113516624,0.06808326228301075
0.573135801532393,2,12,3,2010,0,0,-0.4881161660715556,-0.9889667113516624,0.05531134759277801
1.7698846401364374,2,12,3,2010,0,0,-0.8755032201968496,-1.1245027175575113,0.04998971647184763
-1.3486181105998394,0,12,3,2010,0,0,-0.2994025808413718,1.0656690703882865,-0.88129572969099
-0.08150143081591646,1,12,3,2010,0,0,-1.2015583591223338,-0.9889667113516624,0.14152177175185157
-0.5381791422292902,1,12,3,2010,0,0,-0.3418631375181633,1.0425915516085171,0.05424702136859156
0.6343900705580522,2,12,3,2010,0,0,-1.0269982927844135,-0.9889667113516624,-1.2399736672417052
-0.1483451814265229,1,12,3,2010,0,0,-0.8005419905081933,-1.1245027175575113,0.6912462665439727
-0.034159492930900565,1,12,3,2010,0,0,-0.5043665025774878,-0.8898747430736902,0.03242833377277632
-0.9075748471041216,0,12,3,2010,0,0,0.09794435694884839,-1.1245027175575113,0.8210940658946767
-0.25570883086971885,1,12,3,2010,0,0,-0.6118284052780094,1.1378044846986375,-1.023383280619834
0.409163668762588,1,12,3,2010,0,0,-1.3567228625338181,0.5023856885200737,-0.3624366954002662
-1.191930361324644,0,12,3,2010,0,0,-0.05879275967288731,1.1366121639713709,-0.4545009137923638
0.6455589321870862,2,12,3,2010,0,0,-0.3418631375181633,1.0425915516085171,0.05424702136859156
-0.9305589082924309,0,12,3,2010,0,0,-0.33452427587032274,1.1425156048665654,-0.9616523596170404
1.3473198337634127,2,12,3,2010,0,0,-0.3062172380857949,-0.8898747430736902,0.007948830616496361
-1.4562002121550588,0,12,3,2010,0,0,0.30972293592938827,-1.1245027175575113,1.007351155127244
1.8019984234725068,2,12,3,2010,0,0,-0.20032794859552527,0.30267560122980103,0.4097319802467494
-1.376855708149767,0,12,3,2010,0,0,-0.8755032201968496,-1.1245027175575113,-0.05484641661048369
0.9579011416530114,2,12,3,2010,0,0,-0.23282862160739012,1.0904623307450325,-0.5125066930105062
-0.1532543914646637,1,12,3,2010,0,0,-0.9787714876700334,-0.9889667113516624,-1.2399736672417052
-0.48283908635581385,1,12,3,2010,0,0,-0.20032794859552527,0.30267560122980103,0.4097319802467494
-0.9389381283506959,0,12,3,2010,0,0,-0.5043665025774878,-0.9889667113516624,0.9802108364104983
1.6258211757285925,2,12,3,2010,0,0,-0.3628313136548503,1.0425915516085171,0.05424702136859156
0.06984690069365158,1,12,3,2010,0,0,-0.557311147322623,-0.9889667113516624,0.5214862337862893
1.9623971257156043,2,12,3,2010,0,0,-0.4031950527179727,0.8756906093142616,-0.01865932498815651
0.9403924192566392,2,12,3,2010,0,0,-0.35287142998992366,1.0513925945879787,-0.06176453706769328
-1.2233312978149107,0,12,3,2010,0,0,0.09846856135226584,-1.1245027175575113,3.061500767806416
-0.9763164935158085,0,12,3,2010,0,0,-1.483580328160775,0.5023856885200737,-0.6295825776709775
0.22127507692775497,1,12,3,2010,0,0,-1.1318391734678488,0.5023856885200737,0.42143956871279564
-0.7652654590723796,0,12,3,2010,0,0,-0.19141647373743317,0.8451409800955773,0.6912462665439727
-0.8812789017076371,0,12,3,2010,0,0,-1.826934212399026,0.5023856885200737,0.42143956871279564
1.577114680345175,2,12,3,2010,0,0,0.09794435694884839,-1.1245027175575113,0.8210940658946767
-0.23540340052032,1,12,3,2010,0,0,-0.3062172380857949,-0.8898747430736902,0.5534160205118726
-1.2459385906379226,0,12,3,2010,0,0,-0.12693933211712055,1.0196626798236603,0.17664453714999323
1.9384129158557557,2,12,3,2010,0,0,-0.9578033115333464,-1.1245027175575113,0.21336379188441318
-0.9769592987077368,0,12,3,2010,0,0,-0.12693933211712055,1.0196626798236603,0.17664453714999323
-0.07023490707221185,1,12,3,2010,0,0,0.09846856135226584,-1.1245027175575113,3.061500767806416
0.5724470756586781,2,12,3,2010,0,0,-0.004799706120918004,1.1366121639713709,-0.4545009137923638
-0.6294758300313095,1,12,3,2010,0,0,-0.64695010030696,0.8756906093142616,-0.01865932498815651
-0.9763164935158085,0,13,4,2010,0,0,-1.1528073496045361,0.5020062490669154,-0.7344187107533083
0.7468814399824394,2,13,4,2010,0,0,0.2688349924628484,1.0146818932257131,0.12874985706161884
1.9623971257156043,2,13,4,2010,0,0,-0.3764606281436968,0.8711417591729307,-0.19480531509095575
-1.2459385906379226,0,13,4,2010,0,0,0.2751254453038544,1.0146818932257131,0.12874985706161884
-0.9075748471041216,0,13,4,2010,0,0,0.2871821465824493,-1.1245434603463091,0.6928427558802509
-1.2233312978149107,0,13,4,2010,0,0,0.08693606447708799,-1.1245434603463091,3.1274889937059545
1.6258211757285925,2,13,4,2010,0,0,0.2667381748491797,1.0375206880300216,-0.011741204530946913
-0.48283908635581385,1,13,4,2010,0,0,-0.5473512636576964,0.29994027174981047,0.3602408108220948
0.5724470756586781,2,13,4,2010,0,0,0.41823324743674356,1.131301609787919,-0.46780499159469024
1.7698846401364374,2,13,4,2010,0,0,-0.8403815251678987,-1.1245434603463091,-0.06123237395560053
-0.1483451814265229,1,13,4,2010,0,0,-0.4252116376614942,-1.1245434603463091,0.7295620106146719
1.3473198337634127,2,13,4,2010,0,0,-0.5913844335447395,-0.888865916979054,-0.0873083664481597
-0.7652654590723796,0,13,4,2010,0,0,0.21012409928012432,0.8405381610962774,0.7295620106146719
-0.9305589082924309,0,13,4,2010,0,0,0.3684338291121116,1.1371900021951347,-0.9781494160919249
0.6455589321870862,2,13,4,2010,0,0,0.31129554913963986,1.0375206880300216,-0.011741204530946913
1.9384129158557557,2,13,4,2010,0,0,-0.4933582101057271,-1.1245434603463091,-0.1735187906072337
-1.3486181105998394,0,13,4,2010,0,0,0.26202033521842494,1.060539373872203,-0.9350442040123881
-0.25570883086971885,1,13,4,2010,0,0,0.10475901419327183,1.1324908914320533,-1.0281727486286716
-0.7837888727676563,0,13,4,2010,0,0,-0.6768297513017391,-0.9879655744724496,-0.019723651212342017
-0.9769592987077368,0,13,4,2010,0,0,0.2751254453038544,1.0146818932257131,0.12874985706161884
-0.8812789017076371,0,13,4,2010,0,0,-1.0442970380971806,0.5020062490669154,0.39429924999605004
0.409163668762588,1,13,4,2010,0,0,-0.8844146950549413,0.5020062490669154,-0.457161729352829
-0.23540340052032,1,13,4,2010,0,0,-0.5913844335447395,-0.888865916979054,0.4411296038602389
1.577114680345175,2,13,4,2010,0,0,0.2871821465824493,-1.1245434603463091,0.6928427558802509
-0.2837710107424666,1,13,4,2010,0,0,-1.113492019348248,-1.1245434603463091,-0.8445764749565696
-0.07023490707221185,1,13,4,2010,0,0,0.08693606447708799,-1.1245434603463091,3.1274889937059545
-1.1255585835694173,0,13,4,2010,0,0,0.31129554913963986,1.0375206880300216,-0.011741204530946913
0.9579011416530114,2,13,4,2010,0,0,0.354280310219848,1.085269429548364,-0.6013779327300459
-1.191930361324644,0,13,4,2010,0,0,0.3867809832317132,1.131301609787919,-0.46780499159469024
0.5116519662286834,1,13,4,2010,0,0,0.08693606447708799,-1.1245434603463091,3.1274889937059545
-0.6294758300313095,1,13,4,2010,0,0,-0.575658301442224,0.8711417591729307,-0.19480531509095575
-0.034159492930900565,1,13,4,2010,0,0,-0.6930800878076717,-0.888865916979054,0.06701893605882524
0.6343900705580522,2,13,4,2010,0,0,-0.9268752517317328,-0.9879655744724496,-1.4831722094682294
-1.4562002121550588,0,13,4,2010,0,0,0.45125812485202627,-1.1245434603463091,0.8657957673104927
-0.08150143081591646,1,13,4,2010,0,0,-1.134984399888352,-0.9879655744724496,0.15429368644208524
-0.5381791422292902,1,13,4,2010,0,0,0.31129554913963986,1.0375206880300216,-0.011741204530946913
0.22127507692775497,1,13,4,2010,0,0,-0.5190442258731689,0.5020062490669154,0.39429924999605004
1.8019984234725068,2,13,4,2010,0,0,-0.5473512636576964,0.29994027174981047,0.3602408108220948
0.7363931897707003,2,13,4,2010,0,0,-0.6773539557051566,-0.9879655744724496,-0.019723651212342017
0.06984690069365158,1,13,4,2010,0,0,-0.6579583927787207,-0.9879655744724496,0.5571411622965238
-0.9389381283506959,0,13,4,2010,0,0,-0.6930800878076717,-0.9879655744724496,1.0312984951714312
-0.1532543914646637,1,13,4,2010,0,0,-0.880221059827604,-0.9879655744724496,-1.4831722094682294
0.9403924192566392,2,13,4,2010,0,0,0.21431773450746203,1.046299294894483,-0.22034914447142215
0.573135801532393,2,13,4,2010,0,0,-0.6794507733188252,-0.9879655744724496,-0.005887410297922829
-1.376855708149767,0,13,4,2010,0,0,-0.8403815251678987,-1.1245434603463091,-0.13307439408816166
0.5724470756586781,2,14,4,2010,0,0,0.5969869490020008,1.1259910556044672,-0.46780499159469024
-0.9763164935158085,0,14,4,2010,0,0,-1.2565998214811371,0.5016268070360779,-0.7344187107533083
-0.23540340052032,1,14,4,2010,0,0,0.23266488862706292,-0.8878570883067401,0.4411296038602389
-0.6294758300313095,1,14,4,2010,0,0,0.1666151337964987,0.8665929090316006,-0.19480531509095575
0.06984690069365158,1,14,4,2010,0,0,0.09060549530100788,-0.9869644350155584,0.5571411622965238
1.9384129158557557,2,14,4,2010,0,0,-0.21081203666386897,-1.1245842057127857,-0.1735187906072337
0.9403924192566392,2,14,4,2010,0,0,0.4025071153342284,1.0412059952009871,-0.22034914447142215
1.577114680345175,2,14,4,2010,0,0,0.37262746433944965,-1.1245842057127857,0.6928427558802509
-0.48283908635581385,1,14,4,2010,0,0,0.38101473479412434,0.29720494226982064,0.3602408108220948
-0.07023490707221185,1,14,4,2010,0,0,0.056008004675474364,-1.1245842057127857,3.1274889937059545
-1.2233312978149107,0,14,4,2010,0,0,0.056008004675474364,-1.1245842057127857,3.1274889937059545
-1.191930361324644,0,14,4,2010,0,0,0.5146868576655044,1.1259910556044672,-0.46780499159469024
-0.1532543914646637,1,14,4,2010,0,0,-0.20294897061261102,-0.9869644350155584,-1.4831722094682294
0.9579011416530114,2,14,4,2010,0,0,0.4177090430333269,1.0800765257740172,-0.6013779327300459
0.6455589321870862,2,14,4,2010,0,0,0.39621666249322207,1.032449824451527,-0.011741204530946913
-1.376855708149767,0,14,4,2010,0,0,-1.007078525454561,-1.1245842057127857,-0.13307439408816166
1.6258211757285925,2,14,4,2010,0,0,0.3789179171804553,1.032449824451527,-0.011741204530946913
1.3473198337634127,2,14,4,2010,0,0,0.23266488862706292,-0.8878570883067401,-0.0873083664481597
-1.4562002121550588,0,14,4,2010,0,0,0.5372276470124433,-1.1245842057127857,0.8657957673104927
-0.9389381283506959,0,14,4,2010,0,0,-0.05879275967288731,-0.9869644350155584,1.0312984951714312
1.8019984234725068,2,14,4,2010,0,0,0.38101473479412434,0.29720494226982064,0.3602408108220948
0.7363931897707003,2,14,4,2010,0,0,-0.1321813761512924,-0.9869644350155584,-0.019723651212342017
0.409163668762588,1,14,4,2010,0,0,-1.0946206608252296,0.5016268070360779,-0.457161729352829
-0.7837888727676563,0,14,4,2010,0,0,-0.021574247030267685,-0.9869644350155584,-0.019723651212342017
-1.3486181105998394,0,14,4,2010,0,0,0.3673854203052775,1.0554096773561195,-0.9350442040123881
-0.08150143081591646,1,14,4,2010,0,0,-0.42206641124099104,-0.9869644350155584,0.15429368644208524
-0.1483451814265229,1,14,4,2010,0,0,-0.3628313136548503,-1.1245842057127857,0.7295620106146719
0.6343900705580522,2,14,4,2010,0,0,-0.07137366535489967,-0.9869644350155584,-1.4831722094682294
-0.034159492930900565,1,14,4,2010,0,0,-0.05879275967288731,-0.8878570883067401,0.06701893605882524
-0.9769592987077368,0,14,4,2010,0,0,0.5429938954500323,1.0097011066277661,0.12874985706161884
-0.5381791422292902,1,14,4,2010,0,0,0.39621666249322207,1.032449824451527,-0.011741204530946913
0.5116519662286834,1,14,4,2010,0,0,0.056008004675474364,-1.1245842057127857,3.1274889937059545
1.7698846401364374,2,14,4,2010,0,0,-1.007078525454561,-1.1245842057127857,-0.06123237395560053
1.9623971257156043,2,14,4,2010,0,0,0.3626675806745227,0.8665929090316006,-0.19480531509095575
0.22127507692775497,1,14,4,2010,0,0,-0.697273723035009,0.5016268070360779,0.39429924999605004
-0.9305589082924309,0,14,4,2010,0,0,0.35480451462326545,1.1318643995237037,-0.9781494160919249
0.573135801532393,2,14,4,2010,0,0,0.20330944203570125,-0.9869644350155584,-0.005887410297922829
0.7468814399824394,2,14,4,2010,0,0,0.5225499237167623,1.0097011066277661,0.12874985706161884
-0.2837710107424666,1,14,4,2010,0,0,-1.2649870919358122,-1.1245842057127857,-0.8445764749565696
-1.2459385906379226,0,14,4,2010,0,0,0.5429938954500323,1.0097011066277661,0.12874985706161884
-0.8812789017076371,0,14,4,2010,0,0,-1.2786164064246586,0.5016268070360779,0.39429924999605004
-0.25570883086971885,1,14,4,2010,0,0,0.056008004675474364,1.127177298165469,-1.0281727486286716
-1.1255585835694173,0,14,4,2010,0,0,0.39621666249322207,1.032449824451527,-0.011741204530946913
-0.9075748471041216,0,14,4,2010,0,0,0.37262746433944965,-1.1245842057127857,0.6928427558802509
-0.7652654590723796,0,14,4,2010,0,0,0.3244006592250693,0.8359353395192985,0.7295620106146719
0.7363931897707003,2,15,4,2010,0,0,-0.4461798137981812,-0.9859309534246019,-0.019723651212342017
0.9403924192566392,2,15,4,2010,0,0,0.42662051789141825,1.0377478485390434,-0.22034914447142215
-1.3486181105998394,0,15,4,2010,0,0,0.37315166874286637,1.0519290198264946,-0.9350442040123881
0.7468814399824394,2,15,4,2010,0,0,0.4271447222948357,1.0063115829269371,0.12874985706161884
-0.1483451814265229,1,15,4,2010,0,0,0.05233857385155411,-1.1256102043026113,0.7295620106146719
0.06984690069365158,1,15,4,2010,0,0,-0.415251753996568,-0.9859309534246019,0.5571411622965238
-0.1532543914646637,1,15,4,2010,0,0,-0.7800980187749234,-0.9859309534246019,-1.4831722094682294
0.573135801532393,2,15,4,2010,0,0,-0.37226699291635945,-0.9859309534246019,-0.005887410297922829
-1.1255585835694173,0,15,4,2010,0,0,0.5078722004210813,1.0290055560114535,-0.011741204530946913
-0.9389381283506959,0,15,4,2010,0,0,-0.36912176649585626,-0.9859309534246019,1.0312984951714312
1.3473198337634127,2,15,4,2010,0,0,-0.16939988879391166,-0.8867844105341774,-0.0873083664481597
0.6455589321870862,2,15,4,2010,0,0,0.5078722004210813,1.0290055560114535,-0.011741204530946913
0.9579011416530114,2,15,4,2010,0,0,0.3930714360727196,1.0765567725922542,-0.6013779327300459
1.7698846401364374,2,15,4,2010,0,0,-0.40843709675214457,-1.1256102043026113,-0.06123237395560053
0.5116519662286834,1,15,4,2010,0,0,0.35480451462326545,-1.1256102043026113,3.1274889937059545
-0.07023490707221185,1,15,4,2010,0,0,0.35480451462326545,-1.1256102043026113,3.1274889937059545
0.6343900705580522,2,15,4,2010,0,0,-0.7302986004502914,-0.9859309534246019,-1.4831722094682294
-0.9075748471041216,0,15,4,2010,0,0,0.605898423860093,-1.1256102043026113,0.6928427558802509
-0.2837710107424666,1,15,4,2010,0,0,-0.6794507733188252,-1.1256102043026113,-0.8445764749565696
-0.25570883086971885,1,15,4,2010,0,0,0.2347617062407316,1.1235828902545413,-1.0281727486286716
-0.9763164935158085,0,15,4,2010,0,0,-0.654813166358218,0.50092524796998,-0.7344187107533083
-0.8812789017076371,0,15,4,2010,0,0,-0.8540108396567451,0.50092524796998,0.39429924999605004
-0.23540340052032,1,15,4,2010,0,0,-0.16939988879391166,-0.8867844105341774,0.4411296038602389
0.409163668762588,1,15,4,2010,0,0,-0.5971506819823283,0.50092524796998,-0.457161729352829
-0.48283908635581385,1,15,4,2010,0,0,-0.20452158382286262,0.2954737526646739,0.3602408108220948
1.9623971257156043,2,15,4,2010,0,0,-0.1442380774298873,0.8635495778846559,-0.19480531509095575
1.8019984234725068,2,15,4,2010,0,0,-0.20452158382286262,0.2954737526646739,0.3602408108220948
-1.191930361324644,0,15,4,2010,0,0,0.4612180085169525,1.122398529398957,-0.46780499159469024
-0.7652654590723796,0,15,4,2010,0,0,0.5912207005644119,0.8327310710056205,0.7295620106146719
1.6258211757285925,2,15,4,2010,0,0,0.5183562884894243,1.0290055560114535,-0.011741204530946913
-1.2233312978149107,0,15,4,2010,0,0,0.35480451462326545,-1.1256102043026113,3.1274889937059545
-0.9769592987077368,0,15,4,2010,0,0,0.4486371028349398,1.0063115829269371,0.12874985706161884
-0.6294758300313095,1,15,4,2010,0,0,-0.3156529173473044,0.8635495778846559,-0.19480531509095575
-0.7837888727676563,0,15,4,2010,0,0,-0.4482766314118499,-0.9859309534246019,-0.019723651212342017
-1.2459385906379226,0,15,4,2010,0,0,0.4486371028349398,1.0063115829269371,0.12874985706161884
-1.376855708149767,0,15,4,2010,0,0,-0.40843709675214457,-1.1256102043026113,-0.13307439408816166
-0.9305589082924309,0,15,4,2010,0,0,0.4145638166128237,1.128262562742897,-0.9781494160919249
-0.5381791422292902,1,15,4,2010,0,0,0.5078722004210813,1.0290055560114535,-0.011741204530946913
-1.4562002121550588,0,15,4,2010,0,0,0.7474336127827309,-1.1256102043026113,0.8657957673104927
0.5724470756586781,2,15,4,2010,0,0,0.5047269740005781,1.122398529398957,-0.46780499159469024
-0.08150143081591646,1,15,4,2010,0,0,-1.1313149690644317,-0.9859309534246019,0.15429368644208524
1.9384129158557557,2,15,4,2010,0,0,-0.1023017251565133,-1.1256102043026113,-0.1735187906072337
0.22127507692775497,1,15,4,2010,0,0,-0.24593373169281957,0.50092524796998,0.39429924999605004
1.577114680345175,2,15,4,2010,0,0,0.605898423860093,-1.1256102043026113,0.6928427558802509
-0.034159492930900565,1,15,4,2010,0,0,-0.36912176649585626,-0.8867844105341774,0.06701893605882524
-0.6294758300313095,1,16,4,2010,0,0,-0.6322723770112794,0.8625136088337984,-0.19480531509095575
-0.9763164935158085,0,16,4,2010,0,0,-0.6962253142281749,0.4997941935089509,-0.7344187107533083
0.5724470756586781,2,16,4,2010,0,0,0.5340824205919401,1.1210967063048096,-0.46780499159469024
1.9384129158557557,2,16,4,2010,0,0,-0.06875264333781393,-1.1279498781530337,-0.1735187906072337
0.409163668762588,1,16,4,2010,0,0,-0.675781342494905,0.4997941935089509,-0.457161729352829
-0.23540340052032,1,16,4,2010,0,0,-0.2239171467492984,-0.8856266023464026,0.4411296038602389
-0.25570883086971885,1,16,4,2010,0,0,-0.10911638240093635,1.1222807320621693,-1.0281727486286716
1.577114680345175,2,16,4,2010,0,0,0.43186256192559047,-1.1279498781530337,0.6928427558802509
-0.7652654590723796,0,16,4,2010,0,0,0.2373827282578177,0.8313915390504505,0.7295620106146719
0.22127507692775497,1,16,4,2010,0,0,-0.4257358420649113,0.4997941935089509,0.39429924999605004
-0.9075748471041216,0,16,4,2010,0,0,0.43186256192559047,-1.1279498781530337,0.6928427558802509
0.7468814399824394,2,16,4,2010,0,0,0.495815499142486,1.005043741370479,0.12874985706161884
-1.1255585835694173,0,16,4,2010,0,0,0.3160133887703939,1.0277300819485027,-0.011741204530946913
0.7363931897707003,2,16,4,2010,0,0,-0.5929570467549911,-0.9848543421144137,-0.019723651212342017
0.573135801532393,2,16,4,2010,0,0,-0.3727911973197765,-0.9848543421144137,-0.005887410297922829
-0.08150143081591646,1,16,4,2010,0,0,-0.9698600128119413,-0.9848543421144137,0.15429368644208524
-0.1483451814265229,1,16,4,2010,0,0,-0.16468204916315726,-1.1279498781530337,0.7295620106146719
-0.034159492930900565,1,16,4,2010,0,0,-0.3743638105300281,-0.8856266023464026,0.06701893605882524
-0.8812789017076371,0,16,4,2010,0,0,-0.7921547200535182,0.4997941935089509,0.39429924999605004
-0.5381791422292902,1,16,4,2010,0,0,0.3160133887703939,1.0277300819485027,-0.011741204530946913
-1.2459385906379226,0,16,4,2010,0,0,0.516259470875756,1.005043741370479,0.12874985706161884
-0.7837888727676563,0,16,4,2010,0,0,-0.6102557920677578,-0.9848543421144137,-0.019723651212342017
0.5116519662286834,1,16,4,2010,0,0,0.3338363384865781,-1.1279498781530337,3.1274889937059545
0.6343900705580522,2,16,4,2010,0,0,-0.6175946537155983,-0.9848543421144137,-1.4831722094682294
-0.2837710107424666,1,16,4,2010,0,0,-0.3109350777165496,-1.1279498781530337,-0.8445764749565696
-1.191930361324644,0,16,4,2010,0,0,0.5078722004210813,1.1210967063048096,-0.46780499159469024
-0.9305589082924309,0,16,4,2010,0,0,0.16137308976232687,1.1269590847790538,-0.9781494160919249
-1.3486181105998394,0,16,4,2010,0,0,0.3642401938847743,1.0506470783678015,-0.9350442040123881
1.7698846401364374,2,16,4,2010,0,0,-0.1321813761512924,-1.1279498781530337,-0.06123237395560053
-0.9769592987077368,0,16,4,2010,0,0,0.516259470875756,1.005043741370479,0.12874985706161884
-1.2233312978149107,0,16,4,2010,0,0,0.3338363384865781,-1.1279498781530337,3.1274889937059545
0.06984690069365158,1,16,4,2010,0,0,-0.4131549363828993,-0.9848543421144137,0.5571411622965238
-0.48283908635581385,1,16,4,2010,0,0,-0.24698214049965408,0.2950814170852119,0.3602408108220948
1.9623971257156043,2,16,4,2010,0,0,-0.39480778226329805,0.8625136088337984,-0.19480531509095575
-1.376855708149767,0,16,4,2010,0,0,-0.1321813761512924,-1.1279498781530337,-0.13307439408816166
-0.9389381283506959,0,16,4,2010,0,0,-0.3743638105300281,-0.9848543421144137,1.0312984951714312
0.9403924192566392,2,16,4,2010,0,0,0.34903826618567657,1.0364699076376211,-0.22034914447142215
1.3473198337634127,2,16,4,2010,0,0,-0.2239171467492984,-0.8856266023464026,-0.0873083664481597
-0.07023490707221185,1,16,4,2010,0,0,0.3338363384865781,-1.1279498781530337,3.1274889937059545
-0.1532543914646637,1,16,4,2010,0,0,-0.6464258959035429,-0.9848543421144137,-1.4831722094682294
1.8019984234725068,2,16,4,2010,0,0,-0.24698214049965408,0.2950814170852119,0.3602408108220948
0.6455589321870862,2,16,4,2010,0,0,0.3160133887703939,1.0277300819485027,-0.011741204530946913
0.9579011416530114,2,16,4,2010,0,0,0.3107713447362224,1.075267881711911,-0.6013779327300459
-1.4562002121550588,0,16,4,2010,0,0,0.7028762384922711,-1.1279498781530337,0.8657957673104927
1.6258211757285925,2,16,4,2010,0,0,0.36319178507794014,1.0277300819485027,-0.011741204530946913
0.5116519662286834,1,17,4,2010,0,0,0.48218618465363916,-1.1302895494257774,3.1274889937059545
-0.7837888727676563,0,17,4,2010,0,0,-0.4765836691963774,-0.9837777333819047,-0.019723651212342017
0.6343900705580522,2,17,4,2010,0,0,-0.6663456632333958,-0.9837777333819047,-1.4831722094682294
-1.2233312978149107,0,17,4,2010,0,0,0.48218618465363916,-1.1302895494257774,3.1274889937059545
1.6258211757285925,2,17,4,2010,0,0,0.4612180085169525,1.026454607885551,-0.011741204530946913
1.577114680345175,2,17,4,2010,0,0,0.6069468326669278,-1.1302895494257774,0.6928427558802509
-1.4562002121550588,0,17,4,2010,0,0,0.7919909870731914,-1.1302895494257774,0.8657957673104927
-1.2459385906379226,0,17,4,2010,0,0,0.666706134656486,1.003775899814021,0.12874985706161884
-1.191930361324644,0,17,4,2010,0,0,0.6321086440309518,1.1197948832106617,-0.46780499159469024
0.9403924192566392,2,17,4,2010,0,0,0.4837587978638907,1.035191966736198,-0.22034914447142215
-0.5381791422292902,1,17,4,2010,0,0,0.45859698649986674,1.026454607885551,-0.011741204530946913
0.06984690069365158,1,17,4,2010,0,0,-0.37017017530269075,-0.9837777333819047,0.5571411622965238
-0.1483451814265229,1,17,4,2010,0,0,-0.08395457103691202,-1.1302895494257774,0.7295620106146719
-0.034159492930900565,1,17,4,2010,0,0,-0.37855744575736544,-0.8844687967363069,0.06701893605882524
1.9623971257156043,2,17,4,2010,0,0,-0.17988397686225535,0.8614776372052624,-0.19480531509095575
-0.08150143081591646,1,17,4,2010,0,0,-0.9237300253112296,-0.9837777333819047,0.15429368644208524
0.22127507692775497,1,17,4,2010,0,0,-0.5594079649362917,0.4986631416256003,0.39429924999605004
0.573135801532393,2,17,4,2010,0,0,-0.35129881677967245,-0.9837777333819047,-0.005887410297922829
1.8019984234725068,2,17,4,2010,0,0,-0.26375668140900377,0.29468908150574996,0.3602408108220948
0.7363931897707003,2,17,4,2010,0,0,-0.4346473169230034,-0.9837777333819047,-0.019723651212342017
0.6455589321870862,2,17,4,2010,0,0,0.45859698649986674,1.026454607885551,-0.011741204530946913
0.7468814399824394,2,17,4,2010,0,0,0.6211003515591914,1.003775899814021,0.12874985706161884
-1.3486181105998394,0,17,4,2010,0,0,0.4900492507048971,1.0493651369091088,-0.9350442040123881
-0.9305589082924309,0,17,4,2010,0,0,0.41351540780598883,1.1256556068152104,-0.9781494160919249
-0.2837710107424666,1,17,4,2010,0,0,-0.75283938979723,-1.1302895494257774,-0.8445764749565696
-0.9389381283506959,0,17,4,2010,0,0,-0.37855744575736544,-0.9837777333819047,1.0312984951714312
1.7698846401364374,2,17,4,2010,0,0,-0.5164232038560832,-1.1302895494257774,-0.06123237395560053
1.9384129158557557,2,17,4,2010,0,0,-0.26952292984659265,-1.1302895494257774,-0.1735187906072337
0.9579011416530114,2,17,4,2010,0,0,0.5623894583764673,1.073978990831568,-0.6013779327300459
-0.07023490707221185,1,17,4,2010,0,0,0.48218618465363916,-1.1302895494257774,3.1274889937059545
0.5724470756586781,2,17,4,2010,0,0,0.6787628359350806,1.1197948832106617,-0.46780499159469024
-0.9763164935158085,0,17,4,2010,0,0,-1.0710314626714565,0.4986631416256003,-0.7344187107533083
-0.6294758300313095,1,17,4,2010,0,0,-0.37803324135394833,0.8614776372052624,-0.19480531509095575
-1.376855708149767,0,17,4,2010,0,0,-0.5164232038560832,-1.1302895494257774,-0.13307439408816166
-1.1255585835694173,0,17,4,2010,0,0,0.45859698649986674,1.026454607885551,-0.011741204530946913
1.3473198337634127,2,17,4,2010,0,0,-0.24278850527231674,-0.8844687967363069,-0.0873083664481597
-0.48283908635581385,1,17,4,2010,0,0,-0.26375668140900377,0.29468908150574996,0.3602408108220948
-0.25570883086971885,1,17,4,2010,0,0,0.14826797967689745,1.120978576447475,-1.0281727486286716
-0.1532543914646637,1,17,4,2010,0,0,-0.6123526096814265,-0.9837777333819047,-1.4831722094682294
-0.7652654590723796,0,17,4,2010,0,0,0.45754857769303187,0.8300520045176013,0.7295620106146719
0.409163668762588,1,17,4,2010,0,0,-0.942601383834248,0.4986631416256003,-0.457161729352829
-0.9769592987077368,0,17,4,2010,0,0,0.666706134656486,1.003775899814021,0.12874985706161884
-0.9075748471041216,0,17,4,2010,0,0,0.6069468326669278,-1.1302895494257774,0.6928427558802509
-0.8812789017076371,0,17,4,2010,0,0,-1.0060301166477263,0.4986631416256003,0.39429924999605004
-0.23540340052032,1,17,4,2010,0,0,-0.24278850527231674,-0.8844687967363069,0.4411296038602389
1.577114680345175,2,18,5,2010,0,0,0.6750934051111607,-1.1326292232761999,0.6928427558802509
-1.191930361324644,0,18,5,2010,0,0,0.8014266663347002,1.1184930601165137,-0.46780499159469024
-1.4562002121550588,0,18,5,2010,0,0,0.9025981161942157,-1.1326292232761999,0.8657957673104927
-0.2837710107424666,1,18,5,2010,0,0,-0.9394561574137451,-1.1326292232761999,-0.8445764749565696
0.7363931897707003,2,18,5,2010,0,0,0.2284712533997256,-0.9827011220717164,-0.019723651212342017
-0.8812789017076371,0,18,5,2010,0,0,-0.9494160410786714,0.49753208974224905,0.39429924999605004
-0.9389381283506959,0,18,5,2010,0,0,0.29504521263370725,-0.9827011220717164,1.0312984951714312
0.9579011416530114,2,18,5,2010,0,0,0.8124349588064613,1.0726901025289035,-0.6013779327300459
0.6343900705580522,2,18,5,2010,0,0,0.14984059288714902,-0.9827011220717164,-1.4831722094682294
1.8019984234725068,2,18,5,2010,0,0,0.658843068605228,0.294296745926288,0.3602408108220948
-0.08150143081591646,1,18,5,2010,0,0,-0.18145659007250695,-0.9827011220717164,0.15429368644208524
-0.6294758300313095,1,18,5,2010,0,0,0.2877063509858667,0.8604416655767256,-0.19480531509095575
-0.034159492930900565,1,18,5,2010,0,0,0.29504521263370725,-0.8833109885485327,0.06701893605882524
-0.07023490707221185,1,18,5,2010,0,0,0.6273908044001978,-1.1326292232761999,3.1274889937059545
0.5116519662286834,1,18,5,2010,0,0,0.6273908044001978,-1.1326292232761999,3.1274889937059545
-0.1532543914646637,1,18,5,2010,0,0,0.09794435694884839,-0.9827011220717164,-1.4831722094682294
-0.9769592987077368,0,18,5,2010,0,0,0.9109853866488904,1.0025080608352412,0.12874985706161884
0.9403924192566392,2,18,5,2010,0,0,0.7531998612203198,1.0339140258347757,-0.22034914447142215
-0.5381791422292902,1,18,5,2010,0,0,0.6651335214462344,1.0251791338225995,-0.011741204530946913
0.409163668762588,1,18,5,2010,0,0,-0.874454811390015,0.49753208974224905,-0.457161729352829
-1.376855708149767,0,18,5,2010,0,0,-0.7213871255921992,-1.1326292232761999,-0.13307439408816166
0.06984690069365158,1,18,5,2010,0,0,0.39097461845905057,-0.9827011220717164,0.5571411622965238
-0.23540340052032,1,18,5,2010,0,0,0.5681557068140562,-0.8833109885485327,0.4411296038602389
0.22127507692775497,1,18,5,2010,0,0,-0.4844467352476354,0.49753208974224905,0.39429924999605004
-1.1255585835694173,0,18,5,2010,0,0,0.6651335214462344,1.0251791338225995,-0.011741204530946913
0.6455589321870862,2,18,5,2010,0,0,0.6651335214462344,1.0251791338225995,-0.011741204530946913
-1.2233312978149107,0,18,5,2010,0,0,0.6273908044001978,-1.1326292232761999,3.1274889937059545
-1.3486181105998394,0,18,5,2010,0,0,0.6997310120717679,1.0480831954504155,-0.9350442040123881
-0.9763164935158085,0,18,5,2010,0,0,-1.0878060035808061,0.49753208974224905,-0.7344187107533083
-1.2459385906379226,0,18,5,2010,0,0,0.9109853866488904,1.0025080608352412,0.12874985706161884
-0.1483451814265229,1,18,5,2010,0,0,-0.041494014360120554,-1.1326292232761999,0.7295620106146719
1.3473198337634127,2,18,5,2010,0,0,0.5681557068140562,-0.8833109885485327,-0.0873083664481597
1.7698846401364374,2,18,5,2010,0,0,-0.7213871255921992,-1.1326292232761999,-0.06123237395560053
0.573135801532393,2,18,5,2010,0,0,0.44391926320418573,-0.9827011220717164,-0.005887410297922829
-0.7837888727676563,0,18,5,2010,0,0,0.26097192641159045,-0.9827011220717164,-0.019723651212342017
0.5724470756586781,2,18,5,2010,0,0,0.9115095910523071,1.1184930601165137,-0.46780499159469024
-0.25570883086971885,1,18,5,2010,0,0,0.2358101150475661,1.1196764182551022,-1.0281727486286716
-0.48283908635581385,1,18,5,2010,0,0,0.658843068605228,0.294296745926288,0.3602408108220948
1.9623971257156043,2,18,5,2010,0,0,0.4486371028349398,0.8604416655767256,-0.19480531509095575
-0.9075748471041216,0,18,5,2010,0,0,0.6750934051111607,-1.1326292232761999,0.6928427558802509
1.9384129158557557,2,18,5,2010,0,0,-0.0739946873719854,-1.1326292232761999,-0.1735187906072337
-0.9305589082924309,0,18,5,2010,0,0,0.5450907130637005,1.124352128851367,-0.9781494160919249
-0.7652654590723796,0,18,5,2010,0,0,0.4706536877784613,0.828712469984752,0.7295620106146719
0.7468814399824394,2,18,5,2010,0,0,0.8742910784096878,1.0025080608352412,0.12874985706161884
1.6258211757285925,2,18,5,2010,0,0,0.6866259019863385,1.0251791338225995,-0.011741204530946913
-0.9389381283506959,0,19,5,2010,0,0,-0.37698483254711385,-0.9815172200429322,1.0312984951714312
1.6258211757285925,2,19,5,2010,0,0,0.7930393958800255,1.0251109980427506,-0.011741204530946913
-0.8812789017076371,0,19,5,2010,0,0,-0.8791726510207698,0.496479450843539,0.39429924999605004
0.5116519662286834,1,19,5,2010,0,0,0.53775185141586,-1.1347236284250595,3.1274889937059545
-0.9763164935158085,0,19,5,2010,0,0,-0.8870357170720274,0.496479450843539,-0.7344187107533083
-0.1532543914646637,1,19,5,2010,0,0,-0.6647730500231442,-0.9815172200429322,-1.4831722094682294
-0.9769592987077368,0,19,5,2010,0,0,1.0142536541220741,1.002429423592558,0.12874985706161884
0.06984690069365158,1,19,5,2010,0,0,-0.43412311251958635,-0.9815172200429322,0.5571411622965238
-0.5381791422292902,1,19,5,2010,0,0,0.7809826946014302,1.0251109980427506,-0.011741204530946913
1.3473198337634127,2,19,5,2010,0,0,-0.2286349863800528,-0.8820635467409387,-0.0873083664481597
0.5724470756586781,2,19,5,2010,0,0,1.0200199025596632,1.1184527478000508,-0.46780499159469024
-0.2837710107424666,1,19,5,2010,0,0,-0.5714646662148866,-1.1347236284250595,-0.8445764749565696
-1.2233312978149107,0,19,5,2010,0,0,0.53775185141586,-1.1347236284250595,3.1274889937059545
0.6343900705580522,2,19,5,2010,0,0,-0.6736845248812363,-0.9815172200429322,-1.4831722094682294
-0.25570883086971885,1,19,5,2010,0,0,0.16609092939308165,1.1196364590806152,-1.0281727486286716
0.409163668762588,1,19,5,2010,0,0,-0.9410287706239967,0.496479450843539,-0.457161729352829
-1.376855708149767,0,19,5,2010,0,0,-0.4210180024341569,-1.1347236284250595,-0.13307439408816166
-0.23540340052032,1,19,5,2010,0,0,-0.2286349863800528,-0.8820635467409387,0.4411296038602389
-0.9305589082924309,0,19,5,2010,0,0,0.6473105717300502,1.1243135642010313,-0.9781494160919249
-0.7652654590723796,0,19,5,2010,0,0,0.7317074806802157,0.828486977233819,0.7295620106146719
0.22127507692775497,1,19,5,2010,0,0,-0.6165462449087638,0.496479450843539,0.39429924999605004
-0.7837888727676563,0,19,5,2010,0,0,-0.5793277322661442,-0.9815172200429322,-0.019723651212342017
-1.3486181105998394,0,19,5,2010,0,0,0.870621647585768,1.04802188794132,-0.9350442040123881
0.9579011416530114,2,19,5,2010,0,0,0.8790089180404426,1.0726361336709345,-0.6013779327300459
1.9623971257156043,2,19,5,2010,0,0,-0.11907626606586298,0.8605244889695428,-0.19480531509095575
1.9384129158557557,2,19,5,2010,0,0,0.21851136973479934,-1.1347236284250595,-0.1735187906072337
-1.1255585835694173,0,19,5,2010,0,0,0.7809826946014302,1.0251109980427506,-0.011741204530946913
0.7468814399824394,2,19,5,2010,0,0,1.0121568365084053,1.002429423592558,0.12874985706161884
1.8019984234725068,2,19,5,2010,0,0,-0.20556999262969713,0.29466957621137835,0.3602408108220948
-0.48283908635581385,1,19,5,2010,0,0,-0.20556999262969713,0.29466957621137835,0.3602408108220948
-0.07023490707221185,1,19,5,2010,0,0,0.53775185141586,-1.1347236284250595,3.1274889937059545
0.7363931897707003,2,19,5,2010,0,0,-0.6107799964711749,-0.9815172200429322,-0.019723651212342017
-1.191930361324644,0,19,5,2010,0,0,0.9959065000024733,1.1184527478000508,-0.46780499159469024
-0.6294758300313095,1,19,5,2010,0,0,-0.41472754959315056,0.8605244889695428,-0.19480531509095575
-1.2459385906379226,0,19,5,2010,0,0,1.0142536541220741,1.002429423592558,0.12874985706161884
0.6455589321870862,2,19,5,2010,0,0,0.7809826946014302,1.0251109980427506,-0.011741204530946913
-0.9075748471041216,0,19,5,2010,0,0,0.8229190468748042,-1.1347236284250595,0.6928427558802509
0.573135801532393,2,19,5,2010,0,0,-0.36021029163776414,-0.9815172200429322,-0.005887410297922829
0.9403924192566392,2,19,5,2010,0,0,0.8700974431823505,1.0338484935103662,-0.22034914447142215
1.577114680345175,2,19,5,2010,0,0,0.8229190468748042,-1.1347236284250595,0.6928427558802509
-0.1483451814265229,1,19,5,2010,0,0,0.13411446078463385,-1.1347236284250595,0.7295620106146719
-0.08150143081591646,1,19,5,2010,0,0,-1.001312277016972,-0.9815172200429322,0.15429368644208524
1.7698846401364374,2,19,5,2010,0,0,-0.4210180024341569,-1.1347236284250595,-0.06123237395560053
-1.4562002121550588,0,19,5,2010,0,0,0.97598673267262,-1.1347236284250595,0.8657957673104927
-0.034159492930900565,1,19,5,2010,0,0,-0.37698483254711385,-0.8820635467409387,0.06701893605882524
0.9579011416530114,2,20,5,2010,0,0,0.8711458519891847,1.0799916814811363,-0.6013779327300459
-0.6294758300313095,1,20,5,2010,0,0,-0.05302651123529839,0.8673200747574427,-0.19480531509095575
-0.9769592987077368,0,20,5,2010,0,0,1.004293770457148,1.0094860173878795,0.12874985706161884
-0.9075748471041216,0,20,5,2010,0,0,1.0556658019920309,-1.1353464290975772,0.6928427558802509
1.6258211757285925,2,20,5,2010,0,0,0.8727184651994363,1.0322868893838364,-0.011741204530946913
1.3473198337634127,2,20,5,2010,0,0,0.2688349924628484,-0.8802782954813911,-0.0873083664481597
0.409163668762588,1,20,5,2010,0,0,-0.39795300868380085,0.495897292430352,-0.457161729352829
0.5724470756586781,2,20,5,2010,0,0,0.9848982075307122,1.125981494994341,-0.46780499159469024
-0.07023490707221185,1,20,5,2010,0,0,0.9445344684675897,-1.1353464290975772,3.1274889937059545
0.9403924192566392,2,20,5,2010,0,0,0.9571153741496017,1.0410574178033971,-0.22034914447142215
-0.25570883086971885,1,20,5,2010,0,0,0.4114185901923205,1.1271696837027265,-1.0281727486286716
1.7698846401364374,2,20,5,2010,0,0,-0.024719473450770867,-1.1353464290975772,-0.06123237395560053
0.7468814399824394,2,20,5,2010,0,0,0.969172075428197,1.0094860173878795,0.12874985706161884
-0.9763164935158085,0,20,5,2010,0,0,-0.5683194397943834,0.495897292430352,-0.7344187107533083
-1.191930361324644,0,20,5,2010,0,0,0.9240904967343199,1.125981494994341,-0.46780499159469024
-0.48283908635581385,1,20,5,2010,0,0,0.23266488862706292,0.29963339652842774,0.3602408108220948
-0.8812789017076371,0,20,5,2010,0,0,-0.6071105656472546,0.495897292430352,0.39429924999605004
1.9623971257156043,2,20,5,2010,0,0,0.11524310226161552,0.8673200747574427,-0.19480531509095575
-1.1255585835694173,0,20,5,2010,0,0,0.8417904053978226,1.0322868893838364,-0.011741204530946913
1.8019984234725068,2,20,5,2010,0,0,0.23266488862706292,0.29963339652842774,0.3602408108220948
-1.4562002121550588,0,20,5,2010,0,0,1.2905093747229264,-1.1353464290975772,0.8657957673104927
0.7363931897707003,2,20,5,2010,0,0,-0.03415515271228004,-0.979689560814177,-0.019723651212342017
0.6455589321870862,2,20,5,2010,0,0,0.8417904053978226,1.0322868893838364,-0.011741204530946913
-1.2459385906379226,0,20,5,2010,0,0,1.004293770457148,1.0094860173878795,0.12874985706161884
-0.034159492930900565,1,20,5,2010,0,0,0.09479913052834557,-0.8802782954813911,0.06701893605882524
-0.08150143081591646,1,20,5,2010,0,0,-0.386420511808623,-0.979689560814177,0.15429368644208524
0.573135801532393,2,20,5,2010,0,0,0.11838832868211832,-0.979689560814177,-0.005887410297922829
1.577114680345175,2,20,5,2010,0,0,1.0556658019920309,-1.1353464290975772,0.6928427558802509
-0.1483451814265229,1,20,5,2010,0,0,0.30448089189521643,-1.1353464290975772,0.7295620106146719
-0.7652654590723796,0,20,5,2010,0,0,0.8680006255686815,0.8349457248636681,0.7295620106146719
-0.7837888727676563,0,20,5,2010,0,0,0.04762073422079971,-0.979689560814177,-0.019723651212342017
0.5116519662286834,1,20,5,2010,0,0,0.9445344684675897,-1.1353464290975772,3.1274889937059545
-1.3486181105998394,0,20,5,2010,0,0,0.892114028125872,1.0552843892851649,-0.9350442040123881
0.06984690069365158,1,20,5,2010,0,0,0.1094768538240266,-0.979689560814177,0.5571411622965238
-0.1532543914646637,1,20,5,2010,0,0,-0.07504309617881992,-0.979689560814177,-1.4831722094682294
-0.2837710107424666,1,20,5,2010,0,0,-0.22234453353904682,-1.1353464290975772,-0.8445764749565696
-0.9389381283506959,0,20,5,2010,0,0,0.09479913052834557,-0.979689560814177,1.0312984951714312
0.22127507692775497,1,20,5,2010,0,0,-0.12012467487269712,0.495897292430352,0.39429924999605004
-0.5381791422292902,1,20,5,2010,0,0,0.8417904053978226,1.0322868893838364,-0.011741204530946913
-1.376855708149767,0,20,5,2010,0,0,-0.024719473450770867,-1.1353464290975772,-0.13307439408816166
-0.23540340052032,1,20,5,2010,0,0,0.2688349924628484,-0.8802782954813911,0.4411296038602389
-1.2233312978149107,0,20,5,2010,0,0,0.9445344684675897,-1.1353464290975772,3.1274889937059545
0.6343900705580522,2,20,5,2010,0,0,-0.012662772172175958,-0.979689560814177,-1.4831722094682294
-0.9305589082924309,0,20,5,2010,0,0,0.6981583988615163,1.131864469121027,-0.9781494160919249
1.9384129158557557,2,20,5,2010,0,0,0.48323459346047404,-1.1353464290975772,-0.1735187906072337
1.577114680345175,2,21,5,2010,0,0,0.969172075428197,-1.1359692297700945,0.6928427558802509
0.9403924192566392,2,21,5,2010,0,0,1.1667971355164726,1.0482663395187495,-0.22034914447142215
-0.07023490707221185,1,21,5,2010,0,0,0.5062995872108297,-1.1359692297700945,3.1274889937059545
1.6258211757285925,2,21,5,2010,0,0,1.2029672393522577,1.039462780724922,-0.011741204530946913
1.3473198337634127,2,21,5,2010,0,0,0.508396404824498,-0.8784930467995229,-0.0873083664481597
1.8019984234725068,2,21,5,2010,0,0,0.5812608168994856,0.3045972194231564,0.3602408108220948
0.06984690069365158,1,21,5,2010,0,0,0.5733977508482284,-0.9778619041631004,0.5571411622965238
-0.9389381283506959,0,21,5,2010,0,0,0.39097461845905057,-0.9778619041631004,1.0312984951714312
-0.1532543914646637,1,21,5,2010,0,0,0.508396404824498,-0.9778619041631004,-1.4831722094682294
-1.2233312978149107,0,21,5,2010,0,0,0.5062995872108297,-1.1359692297700945,3.1274889937059545
1.9623971257156043,2,21,5,2010,0,0,0.6703755654804059,0.874115663123021,-0.19480531509095575
0.6455589321870862,2,21,5,2010,0,0,1.1930073556873315,1.039462780724922,-0.011741204530946913
-1.376855708149767,0,21,5,2010,0,0,-0.2658534990226724,-1.1359692297700945,-0.13307439408816166
0.7468814399824394,2,21,5,2010,0,0,1.1552646386412948,1.0165426111832,0.12874985706161884
0.9579011416530114,2,21,5,2010,0,0,1.0855454529868103,1.0873472318690165,-0.6013779327300459
-0.23540340052032,1,21,5,2010,0,0,0.508396404824498,-0.8784930467995229,0.4411296038602389
1.9384129158557557,2,21,5,2010,0,0,0.5005333387732408,-1.1359692297700945,-0.1735187906072337
0.6343900705580522,2,21,5,2010,0,0,0.5807366124960689,-0.9778619041631004,-1.4831722094682294
-0.9305589082924309,0,21,5,2010,0,0,0.9927612735819701,1.1394153740410233,-0.9781494160919249
-0.5381791422292902,1,21,5,2010,0,0,1.1930073556873315,1.039462780724922,-0.011741204530946913
0.5116519662286834,1,21,5,2010,0,0,0.5062995872108297,-1.1359692297700945,3.1274889937059545
-0.7837888727676563,0,21,5,2010,0,0,0.6515042069573875,-0.9778619041631004,-0.019723651212342017
0.22127507692775497,1,21,5,2010,0,0,0.3411752001344186,0.4953151365948435,0.39429924999605004
-1.3486181105998394,0,21,5,2010,0,0,1.1337722581011906,1.062546890629009,-0.9350442040123881
0.573135801532393,2,21,5,2010,0,0,0.5980353578088357,-0.9778619041631004,-0.005887410297922829
-0.08150143081591646,1,21,5,2010,0,0,0.1818170614955968,-0.9778619041631004,0.15429368644208524
-0.034159492930900565,1,21,5,2010,0,0,0.39097461845905057,-0.8784930467995229,0.06701893605882524
-1.2459385906379226,0,21,5,2010,0,0,1.1893379248634115,1.0165426111832,0.12874985706161884
0.7363931897707003,2,21,5,2010,0,0,0.5592442319559641,-0.9778619041631004,-0.019723651212342017
-1.4562002121550588,0,21,5,2010,0,0,1.0635288680432888,-1.1359692297700945,0.8657957673104927
-1.1255585835694173,0,21,5,2010,0,0,1.1930073556873315,1.039462780724922,-0.011741204530946913
-0.1483451814265229,1,21,5,2010,0,0,0.5503327570978728,-1.1359692297700945,0.7295620106146719
-0.7652654590723796,0,21,5,2010,0,0,1.0698193208842952,0.8414044724935165,0.7295620106146719
0.409163668762588,1,21,5,2010,0,0,-0.06351059930364208,0.4953151365948435,-0.457161729352829
-0.9763164935158085,0,21,5,2010,0,0,-0.31984655257464173,0.4953151365948435,-0.7344187107533083
-0.2837710107424666,1,21,5,2010,0,0,-0.5237620655039237,-1.1359692297700945,-0.8445764749565696
1.7698846401364374,2,21,5,2010,0,0,-0.2658534990226724,-1.1359692297700945,-0.06123237395560053
-0.25570883086971885,1,21,5,2010,0,0,0.8664280123584299,1.1347029083248374,-1.0281727486286716
-0.6294758300313095,1,21,5,2010,0,0,0.5833576345131547,0.874115663123021,-0.19480531509095575
-0.9075748471041216,0,21,5,2010,0,0,0.969172075428197,-1.1359692297700945,0.6928427558802509
-0.9769592987077368,0,21,5,2010,0,0,1.1893379248634115,1.0165426111832,0.12874985706161884
-1.191930361324644,0,21,5,2010,0,0,1.0703435252877118,1.1335102447663103,-0.46780499159469024
0.5724470756586781,2,21,5,2010,0,0,1.1274818052601843,1.1335102447663103,-0.46780499159469024
-0.48283908635581385,1,21,5,2010,0,0,0.5812608168994856,0.3045972194231564,0.3602408108220948
-0.8812789017076371,0,21,5,2010,0,0,-0.20661840143653126,0.4953151365948435,0.39429924999605004
-1.4562002121550588,0,22,6,2010,0,0,1.4614000102369264,-1.1365920304426125,0.8657957673104927
-1.2459385906379226,0,22,6,2010,0,0,1.140062710942197,1.0235992049785214,0.12874985706161884
-0.07023490707221185,1,22,6,2010,0,0,1.2165965538411045,-1.1365920304426125,3.1274889937059545
1.7698846401364374,2,22,6,2010,0,0,0.08746026888050507,-1.1365920304426125,-0.06123237395560053
-1.1255585835694173,0,22,6,2010,0,0,1.2842189218819207,1.0466386746436869,-0.011741204530946913
1.8019984234725068,2,22,6,2010,0,0,0.9303809495753261,0.3095610423178843,0.3602408108220948
0.7468814399824394,2,22,6,2010,0,0,1.1348206669080247,1.0235992049785214,0.12874985706161884
0.5724470756586781,2,22,6,2010,0,0,1.1259091920499327,1.141038994538279,-0.46780499159469024
-0.1532543914646637,1,22,6,2010,0,0,0.39411984487955376,-0.9760342475120237,-1.4831722094682294
0.6455589321870862,2,22,6,2010,0,0,1.2842189218819207,1.0466386746436869,-0.011741204530946913
-1.2233312978149107,0,22,6,2010,0,0,1.2165965538411045,-1.1365920304426125,3.1274889937059545
-0.9763164935158085,0,22,6,2010,0,0,-0.231780212800556,0.494732980759335,-0.7344187107533083
-0.25570883086971885,1,22,6,2010,0,0,0.9188484527001476,1.1422361303692703,-1.0281727486286716
-0.7837888727676563,0,22,6,2010,0,0,0.6190035339455223,-0.9760342475120237,-0.019723651212342017
-0.9305589082924309,0,22,6,2010,0,0,1.125384987646516,1.1469662789610195,-0.9781494160919249
-0.23540340052032,1,22,6,2010,0,0,0.844411427414909,-0.8767077955399754,0.4411296038602389
-0.8812789017076371,0,22,6,2010,0,0,-0.23859487004497906,0.494732980759335,0.39429924999605004
-0.2837710107424666,1,22,6,2010,0,0,-0.2302075995903044,-1.1365920304426125,-0.8445764749565696
0.22127507692775497,1,22,6,2010,0,0,0.44601608081785404,0.494732980759335,0.39429924999605004
-0.9769592987077368,0,22,6,2010,0,0,1.140062710942197,1.0235992049785214,0.12874985706161884
1.577114680345175,2,22,6,2010,0,0,1.2915577835297605,-1.1365920304426125,0.6928427558802509
-0.1483451814265229,1,22,6,2010,0,0,0.7332800938904673,-1.1365920304426125,0.7295620106146719
-0.9389381283506959,0,22,6,2010,0,0,0.5927933137746635,-0.9760342475120237,1.0312984951714312
-0.08150143081591646,1,22,6,2010,0,0,0.014595856805517416,-0.9760342475120237,0.15429368644208524
-0.034159492930900565,1,22,6,2010,0,0,0.5927933137746635,-0.8767077955399754,0.06701893605882524
-0.7652654590723796,0,22,6,2010,0,0,1.2884125571092582,0.8478632227010434,0.7295620106146719
1.9384129158557557,2,22,6,2010,0,0,0.6630367038325654,-1.1365920304426125,-0.1735187906072337
-0.9075748471041216,0,22,6,2010,0,0,1.2915577835297605,-1.1365920304426125,0.6928427558802509
-1.3486181105998394,0,22,6,2010,0,0,1.1196187392089272,1.069809391972854,-0.9350442040123881
0.7363931897707003,2,22,6,2010,0,0,0.5608168451662157,-0.9760342475120237,-0.019723651212342017
-0.5381791422292902,1,22,6,2010,0,0,1.2842189218819207,1.0466386746436869,-0.011741204530946913
0.6343900705580522,2,22,6,2010,0,0,0.354280310219848,-0.9760342475120237,-1.4831722094682294
-1.191930361324644,0,22,6,2010,0,0,1.066674094463792,1.141038994538279,-0.46780499159469024
-1.376855708149767,0,22,6,2010,0,0,0.08746026888050507,-1.1365920304426125,-0.13307439408816166
0.06984690069365158,1,22,6,2010,0,0,0.6342054616446208,-0.9760342475120237,0.5571411622965238
0.5116519662286834,1,22,6,2010,0,0,1.2165965538411045,-1.1365920304426125,3.1274889937059545
-0.6294758300313095,1,22,6,2010,0,0,0.5786397948823999,0.8809112514885993,-0.19480531509095575
-0.48283908635581385,1,22,6,2010,0,0,0.9303809495753261,0.3095610423178843,0.3602408108220948
0.409163668762588,1,22,6,2010,0,0,0.10213799217618609,0.494732980759335,-0.457161729352829
0.9579011416530114,2,22,6,2010,0,0,1.114376695174755,1.0947027822568967,-0.6013779327300459
1.3473198337634127,2,22,6,2010,0,0,0.844411427414909,-0.8767077955399754,-0.0873083664481597
1.6258211757285925,2,22,6,2010,0,0,1.2386131387846262,1.0466386746436869,-0.011741204530946913
1.9623971257156043,2,22,6,2010,0,0,0.7516272480100682,0.8809112514885993,-0.19480531509095575
0.573135801532393,2,22,6,2010,0,0,0.7238444146289578,-0.9760342475120237,-0.005887410297922829
0.9403924192566392,2,22,6,2010,0,0,1.179902245601902,1.0554752612341018,-0.22034914447142215
-0.6294758300313095,1,23,6,2010,0,0,0.2882305553892838,0.8877068398541776,-0.19480531509095575
0.5724470756586781,2,23,6,2010,0,0,1.2910335791263439,1.1485677443102478,-0.46780499159469024
-0.25570883086971885,1,23,6,2010,0,0,1.2595813149213126,1.1497693549913819,-1.0281727486286716
0.22127507692775497,1,23,6,2010,0,0,0.664609317042817,0.49415082234614727,0.39429924999605004
-0.034159492930900565,1,23,6,2010,0,0,0.35794974104376864,-0.8749225442804286,0.06701893605882524
-0.9305589082924309,0,23,6,2010,0,0,1.3403087930475583,1.154517183881015,-0.9781494160919249
0.409163668762588,1,23,6,2010,0,0,0.2714560144799341,0.49415082234614727,-0.457161729352829
-0.08150143081591646,1,23,6,2010,0,0,-0.3439599551318319,-0.9742065908609471,0.15429368644208524
-0.5381791422292902,1,23,6,2010,0,0,1.3277278873655463,1.0538145659847724,-0.011741204530946913
-0.1532543914646637,1,23,6,2010,0,0,0.06491947953356647,-0.9742065908609471,-1.4831722094682294
-0.9075748471041216,0,23,6,2010,0,0,1.6506377998705273,-1.1372148311151302,0.6928427558802509
-0.7837888727676563,0,23,6,2010,0,0,0.14984059288714902,-0.9742065908609471,-0.019723651212342017
0.7468814399824394,2,23,6,2010,0,0,1.2370405255743746,1.0306557987738427,0.12874985706161884
-1.4562002121550588,0,23,6,2010,0,0,1.8524564951861402,-1.1372148311151302,0.8657957673104927
1.7698846401364374,2,23,6,2010,0,0,0.3700064423223632,-1.1372148311151302,-0.06123237395560053
-0.8812789017076371,0,23,6,2010,0,0,0.28351271575852943,0.49415082234614727,0.39429924999605004
1.6258211757285925,2,23,6,2010,0,0,1.3219616389279574,1.0538145659847724,-0.011741204530946913
0.9579011416530114,2,23,6,2010,0,0,1.2386131387846262,1.1020583326447762,-0.6013779327300459
-0.48283908635581385,1,23,6,2010,0,0,0.6043258106498414,0.3145248652126122,0.3602408108220948
-1.3486181105998394,0,23,6,2010,0,0,1.1804264500053194,1.0770718958943775,-0.9350442040123881
0.06984690069365158,1,23,6,2010,0,0,0.3091987315259708,-0.9742065908609471,0.5571411622965238
-0.1483451814265229,1,23,6,2010,0,0,1.18776531165316,-1.1372148311151302,0.7295620106146719
-1.376855708149767,0,23,6,2010,0,0,0.3700064423223632,-1.1372148311151302,-0.13307439408816166
0.6455589321870862,2,23,6,2010,0,0,1.3277278873655463,1.0538145659847724,-0.011741204530946913
0.9403924192566392,2,23,6,2010,0,0,1.166272931113056,1.0626841855271327,-0.22034914447142215
-1.191930361324644,0,23,6,2010,0,0,1.2538150664837238,1.1485677443102478,-0.46780499159469024
-0.9763164935158085,0,23,6,2010,0,0,0.23318909303048038,0.49415082234614727,-0.7344187107533083
-0.07023490707221185,1,23,6,2010,0,0,1.711969715070337,-1.1372148311151302,3.1274889937059545
0.573135801532393,2,23,6,2010,0,0,0.34903826618567657,-0.9742065908609471,-0.005887410297922829
1.8019984234725068,2,23,6,2010,0,0,0.6043258106498414,0.3145248652126122,0.3602408108220948
1.577114680345175,2,23,6,2010,0,0,1.6506377998705273,-1.1372148311151302,0.6928427558802509
-1.2233312978149107,0,23,6,2010,0,0,1.711969715070337,-1.1372148311151302,3.1274889937059545
-1.2459385906379226,0,23,6,2010,0,0,1.2642991545520674,1.0306557987738427,0.12874985706161884
0.6343900705580522,2,23,6,2010,0,0,0.008829608367928498,-0.9742065908609471,-1.4831722094682294
-0.23540340052032,1,23,6,2010,0,0,0.5618652539730506,-0.8749225442804286,0.4411296038602389
1.3473198337634127,2,23,6,2010,0,0,0.5618652539730506,-0.8749225442804286,-0.0873083664481597
0.7363931897707003,2,23,6,2010,0,0,0.18129285709217974,-0.9742065908609471,-0.019723651212342017
-0.9769592987077368,0,23,6,2010,0,0,1.2642991545520674,1.0306557987738427,0.12874985706161884
-1.1255585835694173,0,23,6,2010,0,0,1.3277278873655463,1.0538145659847724,-0.011741204530946913
1.9384129158557557,2,23,6,2010,0,0,1.0624804592364545,-1.1372148311151302,-0.1735187906072337
0.5116519662286834,1,23,6,2010,0,0,1.711969715070337,-1.1372148311151302,3.1274889937059545
-0.7652654590723796,0,23,6,2010,0,0,1.569386117340865,0.8543219703308917,0.7295620106146719
-0.2837710107424666,1,23,6,2010,0,0,-0.05459912444554998,-1.1372148311151302,-0.8445764749565696
1.9623971257156043,2,23,6,2010,0,0,0.47904095823313597,0.8877068398541776,-0.19480531509095575
-0.9389381283506959,0,23,6,2010,0,0,0.35794974104376864,-0.9742065908609471,1.0312984951714312
-0.48283908635581385,1,24,6,2010,0,0,0.7568692920442405,0.3148048732893892,0.3602408108220948
-1.4562002121550588,0,24,6,2010,0,0,1.546845327993926,-1.1371607823491225,0.8657957673104927
0.22127507692775497,1,24,6,2010,0,0,0.14459854885297718,0.49462646849969155,0.39429924999605004
-1.191930361324644,0,24,6,2010,0,0,1.328252091768963,1.1485139455790694,-0.46780499159469024
-1.2459385906379226,0,24,6,2010,0,0,1.3728094660594237,1.0305855544528555,0.12874985706161884
-0.2837710107424666,1,24,6,2010,0,0,-0.1699240931973291,-1.1371607823491225,-0.8445764749565696
-0.8812789017076371,0,24,6,2010,0,0,-0.2873458795627765,0.49462646849969155,0.39429924999605004
-0.5381791422292902,1,24,6,2010,0,0,1.4676904630779328,1.0537540549783802,-0.011741204530946913
-0.9769592987077368,0,24,6,2010,0,0,1.3728094660594237,1.0305855544528555,0.12874985706161884
-0.034159492930900565,1,24,6,2010,0,0,0.4690810745682097,-0.8739710457590475,0.06701893605882524
-1.376855708149767,0,24,6,2010,0,0,0.011974834788431307,-1.1371607823491225,-0.13307439408816166
1.6258211757285925,2,24,6,2010,0,0,1.4482949001514969,1.0537540549783802,-0.011741204530946913
-1.3486181105998394,0,24,6,2010,0,0,1.348696063502233,1.0770130320246452,-0.9350442040123881
0.7468814399824394,2,24,6,2010,0,0,1.3513170855193188,1.0305855544528555,0.12874985706161884
0.06984690069365158,1,24,6,2010,0,0,0.4077491593683999,-0.9732376053675804,0.5571411622965238
1.3473198337634127,2,24,6,2010,0,0,0.6195277383489398,-0.8739710457590475,-0.0873083664481597
-0.07023490707221185,1,24,6,2010,0,0,1.199297808528338,-1.1371607823491225,3.1274889937059545
-0.9389381283506959,0,24,6,2010,0,0,0.4690810745682097,-0.9732376053675804,1.0312984951714312
1.9623971257156043,2,24,6,2010,0,0,0.7568692920442405,0.8877613886898443,-0.19480531509095575
0.9403924192566392,2,24,6,2010,0,0,1.3591801515705766,1.0626243008966534,-0.22034914447142215
0.6455589321870862,2,24,6,2010,0,0,1.4676904630779328,1.0537540549783802,-0.011741204530946913
1.8019984234725068,2,24,6,2010,0,0,0.7568692920442405,0.3148048732893892,0.3602408108220948
-0.9763164935158085,0,24,6,2010,0,0,-0.303072011665292,0.49462646849969155,-0.7344187107533083
-1.2233312978149107,0,24,6,2010,0,0,1.199297808528338,-1.1371607823491225,3.1274889937059545
0.6343900705580522,2,24,6,2010,0,0,0.11052526263086074,-0.9732376053675804,-1.4831722094682294
-0.23540340052032,1,24,6,2010,0,0,0.6195277383489398,-0.8739710457590475,0.4411296038602389
1.9384129158557557,2,24,6,2010,0,0,1.223935415488945,-1.1371607823491225,-0.1735187906072337
0.7363931897707003,2,24,6,2010,0,0,0.42295108706749834,-0.9732376053675804,-0.019723651212342017
0.5724470756586781,2,24,6,2010,0,0,1.360228560377411,1.1485139455790694,-0.46780499159469024
-0.25570883086971885,1,24,6,2010,0,0,1.0803034089526389,1.1497156413235992,-1.0281727486286716
0.573135801532393,2,24,6,2010,0,0,0.4711778921818787,-0.9732376053675804,-0.005887410297922829
-0.7652654590723796,0,24,6,2010,0,0,1.400592299440534,0.8542665940603781,0.7295620106146719
1.577114680345175,2,24,6,2010,0,0,1.3266794785587115,-1.1371607823491225,0.6928427558802509
-0.9075748471041216,0,24,6,2010,0,0,1.3266794785587115,-1.1371607823491225,0.6928427558802509
-0.1532543914646637,1,24,6,2010,0,0,0.14617116206322878,-0.9732376053675804,-1.4831722094682294
1.7698846401364374,2,24,6,2010,0,0,0.011974834788431307,-1.1371607823491225,-0.06123237395560053
-0.6294758300313095,1,24,6,2010,0,0,0.5964627445985841,0.8877613886898443,-0.19480531509095575
-0.9305589082924309,0,24,6,2010,0,0,1.3004692583878525,1.1544638078891365,-0.9781494160919249
-0.7837888727676563,0,24,6,2010,0,0,0.40093450212397685,-0.9732376053675804,-0.019723651212342017
0.5116519662286834,1,24,6,2010,0,0,1.199297808528338,-1.1371607823491225,3.1274889937059545
-0.08150143081591646,1,24,6,2010,0,0,-0.2391190744483965,-0.9732376053675804,0.15429368644208524
0.9579011416530114,2,24,6,2010,0,0,1.3476476546953988,1.1020012396402794,-0.6013779327300459
0.409163668762588,1,24,6,2010,0,0,-0.17202091081099777,0.49462646849969155,-0.457161729352829
-0.1483451814265229,1,24,6,2010,0,0,0.8019508707381177,-1.1371607823491225,0.7295620106146719
-1.1255585835694173,0,24,6,2010,0,0,1.4676904630779328,1.0537540549783802,-0.011741204530946913
0.7363931897707003,2,25,6,2010,0,0,0.7400947511348904,-0.9726120878217619,-0.019723651212342017
-0.08150143081591646,1,25,6,2010,0,0,0.29347259942345566,-0.9726120878217619,0.15429368644208524
-1.376855708149767,0,25,6,2010,0,0,0.7154571441742831,-1.1368359948387767,-0.13307439408816166
1.3473198337634127,2,25,6,2010,0,0,1.0399396698895156,-0.8733530473018611,-0.0873083664481597
1.9623971257156043,2,25,6,2010,0,0,0.8905414149156204,0.8851195232601525,-0.19480531509095575
0.6455589321870862,2,25,6,2010,0,0,1.5111994285615584,1.050798980970855,-0.011741204530946913
-0.9763164935158085,0,25,6,2010,0,0,0.2195597785416335,0.4955252328711787,-0.7344187107533083
-1.2233312978149107,0,25,6,2010,0,0,1.5248287430504044,-1.1368359948387767,3.1274889937059545
1.9384129158557557,2,25,6,2010,0,0,1.201394626142006,-1.1368359948387767,-0.1735187906072337
-0.25570883086971885,1,25,6,2010,0,0,1.2370405255743746,1.146627154402002,-1.0281727486286716
-0.7652654590723796,0,25,6,2010,0,0,1.5882574758638834,0.8516055713229335,0.7295620106146719
-0.9075748471041216,0,25,6,2010,0,0,1.6847110860926433,-1.1368359948387767,0.6928427558802509
-1.3486181105998394,0,25,6,2010,0,0,1.3387361798373068,1.0740256210384107,-0.9350442040123881
-0.9305589082924309,0,25,6,2010,0,0,1.4068827522815397,1.151368716954829,-0.9781494160919249
-0.7837888727676563,0,25,6,2010,0,0,0.7657807669023325,-0.9726120878217619,-0.019723651212342017
0.7468814399824394,2,25,6,2010,0,0,1.3135743684732821,1.0276645702455227,0.12874985706161884
-0.5381791422292902,1,25,6,2010,0,0,1.5111994285615584,1.050798980970855,-0.011741204530946913
0.22127507692775497,1,25,6,2010,0,0,0.7463852039758967,0.4955252328711787,0.39429924999605004
-0.9769592987077368,0,25,6,2010,0,0,1.3607527647808282,1.0276645702455227,0.12874985706161884
-1.191930361324644,0,25,6,2010,0,0,1.3424056106612274,1.14542712899324,-0.46780499159469024
-1.1255585835694173,0,25,6,2010,0,0,1.5111994285615584,1.050798980970855,-0.011741204530946913
0.5116519662286834,1,25,6,2010,0,0,1.5248287430504044,-1.1368359948387767,3.1274889937059545
1.577114680345175,2,25,6,2010,0,0,1.6847110860926433,-1.1368359948387767,0.6928427558802509
-0.1532543914646637,1,25,6,2010,0,0,0.6048500150532587,-0.9726120878217619,-1.4831722094682294
-0.23540340052032,1,25,6,2010,0,0,1.0399396698895156,-0.8733530473018611,0.4411296038602389
-0.8812789017076371,0,25,6,2010,0,0,0.09217810851125947,0.4955252328711787,0.39429924999605004
1.6258211757285925,2,25,6,2010,0,0,1.4718840983052701,1.050798980970855,-0.011741204530946913
-0.034159492930900565,1,25,6,2010,0,0,0.8486050626422464,-0.8733530473018611,0.06701893605882524
-1.2459385906379226,0,25,6,2010,0,0,1.3607527647808282,1.0276645702455227,0.12874985706161884
0.409163668762588,1,25,6,2010,0,0,0.4098459769820689,0.4955252328711787,-0.457161729352829
0.9403924192566392,2,25,6,2010,0,0,1.371236852849172,1.059656895274449,-0.22034914447142215
0.9579011416530114,2,25,6,2010,0,0,1.3638979912013314,1.0989790892788311,-0.6013779327300459
0.5724470756586781,2,25,6,2010,0,0,1.3796241233038467,1.14542712899324,-0.46780499159469024
-0.1483451814265229,1,25,6,2010,0,0,1.0635288680432888,-1.1368359948387767,0.7295620106146719
-0.2837710107424666,1,25,6,2010,0,0,0.23371329743389743,-1.1368359948387767,-0.8445764749565696
-0.6294758300313095,1,25,6,2010,0,0,0.7332800938904673,0.8851195232601525,-0.19480531509095575
-0.9389381283506959,0,25,6,2010,0,0,0.8486050626422464,-0.9726120878217619,1.0312984951714312
-1.4562002121550588,0,25,6,2010,0,0,1.8597953568339807,-1.1368359948387767,0.8657957673104927
0.6343900705580522,2,25,6,2010,0,0,0.6106162634908476,-0.9726120878217619,-1.4831722094682294
-0.07023490707221185,1,25,6,2010,0,0,1.5248287430504044,-1.1368359948387767,3.1274889937059545
-0.48283908635581385,1,25,6,2010,0,0,1.1080862423337485,0.31321135492344915,0.3602408108220948
1.7698846401364374,2,25,6,2010,0,0,0.7154571441742831,-1.1368359948387767,-0.06123237395560053
0.06984690069365158,1,25,6,2010,0,0,0.8313063173294797,-0.9726120878217619,0.5571411622965238
1.8019984234725068,2,25,6,2010,0,0,1.1080862423337485,0.31321135492344915,0.3602408108220948
0.573135801532393,2,25,6,2010,0,0,0.8763878960233569,-0.9726120878217619,-0.005887410297922829
1.9384129158557557,2,26,7,2010,0,0,0.8113865499996264,-1.1365112073284307,-0.45237226134399183
1.6258211757285925,2,26,7,2010,0,0,1.2873641483024232,1.0478439095410073,-0.06548967885234445
-0.5381791422292902,1,26,7,2010,0,0,1.2637749501486508,1.0478439095410073,-0.06548967885234445
-0.23540340052032,1,26,7,2010,0,0,0.9471554904846755,-0.8727350488446749,0.3400186125625597
-0.8812789017076371,0,26,7,2010,0,0,0.16399411177941298,0.49642399724266595,0.42303605804907485
-1.3486181105998394,0,26,7,2010,0,0,1.209257692193264,1.0710382100521763,-0.9185471475375032
-0.1532543914646637,1,26,7,2010,0,0,0.3820631436009585,-0.9719865702759435,-1.541177988686372
0.573135801532393,2,26,7,2010,0,0,0.6782386315316639,-0.9719865702759435,-0.0559107428346692
1.7698846401364374,2,26,7,2010,0,0,1.0818760221628896,-1.1365112073284307,-0.14424981944211615
-0.9075748471041216,0,26,7,2010,0,0,1.8194316177708583,-1.1365112073284307,0.5198897444500101
0.9579011416530114,2,26,7,2010,0,0,1.1615550914823012,1.095956936339704,-0.6647053430691188
-0.9305589082924309,0,26,7,2010,0,0,1.0677225032706261,1.1482736260205215,-0.947283955590528
-0.08150143081591646,1,26,7,2010,0,0,0.03766085055587309,-0.9719865702759435,0.11863875793185082
-0.25570883086971885,1,26,7,2010,0,0,0.8700974431823505,1.1435386649027262,-1.0148686708263452
0.22127507692775497,1,26,7,2010,0,0,0.8680006255686815,0.49642399724266595,0.42303605804907485
-0.1483451814265229,1,26,7,2010,0,0,0.8113865499996264,-1.1365112073284307,0.8482343846114223
0.5724470756586781,2,26,7,2010,0,0,1.3057113024220248,1.1423403098297316,-0.46620850225841104
-0.7652654590723796,0,26,7,2010,0,0,1.152643616624209,0.848944548585489,0.8482343846114223
0.7468814399824394,2,26,7,2010,0,0,1.2144997362274355,1.0247435886158685,0.07340489340394113
0.409163668762588,1,26,7,2010,0,0,0.587551269740492,0.49642399724266595,-0.47206229649143466
-0.7837888727676563,0,26,7,2010,0,0,0.41666063422649197,-0.9719865702759435,-0.06548967885234445
-0.48283908635581385,1,26,7,2010,0,0,0.9660268490076939,0.31161783655750985,0.2772233653355797
0.7363931897707003,2,26,7,2010,0,0,0.42295108706749834,-0.9719865702759435,-0.06548967885234445
-0.9389381283506959,0,26,7,2010,0,0,0.7704986065330865,-0.9719865702759435,1.1638071100826008
-0.2837710107424666,1,26,7,2010,0,0,0.5660588892003879,-1.1365112073284307,-0.8115823620068003
1.9623971257156043,2,26,7,2010,0,0,0.6247697823831112,0.8824776604081399,-0.36988697896956896
-1.1255585835694173,0,26,7,2010,0,0,1.2637749501486508,1.0478439095410073,-0.06548967885234445
0.6343900705580522,2,26,7,2010,0,0,0.3448446309583392,-0.9719865702759435,-1.541177988686372
-1.376855708149767,0,26,7,2010,0,0,1.0818760221628896,-1.1365112073284307,-0.2224777969197941
-1.4562002121550588,0,26,7,2010,0,0,2.0694771182008513,-1.1365112073284307,0.6774100256295525
0.9403924192566392,2,26,7,2010,0,0,1.19143474247708,1.0566894896522454,-0.23152456982537614
-0.07023490707221185,1,26,7,2010,0,0,1.7717290170598954,-1.1365112073284307,3.1705942057854912
-0.6294758300313095,1,26,7,2010,0,0,0.43186256192559047,0.8824776604081399,-0.36988697896956896
-1.2459385906379226,0,26,7,2010,0,0,1.2407099563982944,1.0247435886158685,0.07340489340394113
-1.191930361324644,0,26,7,2010,0,0,1.259057110517896,1.1423403098297316,-0.46620850225841104
-0.9763164935158085,0,26,7,2010,0,0,0.3280700900489892,0.49642399724266595,-0.7205824698388887
0.06984690069365158,1,26,7,2010,0,0,0.6834806755658354,-0.9719865702759435,0.5959890694793166
0.6455589321870862,2,26,7,2010,0,0,1.2637749501486508,1.0478439095410073,-0.06548967885234445
0.5116519662286834,1,26,7,2010,0,0,1.7717290170598954,-1.1365112073284307,3.1705942057854912
-0.034159492930900565,1,26,7,2010,0,0,0.7704986065330865,-0.8727350488446749,0.11225280058673398
1.3473198337634127,2,26,7,2010,0,0,0.9471554904846755,-0.8727350488446749,-0.1277527629672313
-1.2233312978149107,0,26,7,2010,0,0,1.7717290170598954,-1.1365112073284307,3.1705942057854912
-0.9769592987077368,0,26,7,2010,0,0,1.2407099563982944,1.0247435886158685,0.07340489340394113
1.577114680345175,2,26,7,2010,0,0,1.8194316177708583,-1.1365112073284307,0.5198897444500101
1.8019984234725068,2,26,7,2010,0,0,0.9660268490076939,0.31161783655750985,0.2772233653355797
0.06984690069365158,1,27,7,2010,0,0,1.1306270316806875,-0.9713610553078035,0.5959890694793166
-0.9075748471041216,0,27,7,2010,0,0,1.7219295987352634,-1.1361864198180849,0.5198897444500101
-0.1532543914646637,1,27,7,2010,0,0,0.969172075428197,-0.9713610553078035,-1.541177988686372
-0.7652654590723796,0,27,7,2010,0,0,1.2234112110855275,0.8462835232703658,0.8482343846114223
1.9623971257156043,2,27,7,2010,0,0,1.0436091007134363,0.8798357949784481,-0.36988697896956896
0.573135801532393,2,27,7,2010,0,0,1.0939327234414848,-0.9713610553078035,-0.0559107428346692
-0.25570883086971885,1,27,7,2010,0,0,0.7500546347998166,1.140450175403451,-1.0148686708263452
-0.9389381283506959,0,27,7,2010,0,0,1.1028441982995771,-0.9713610553078035,1.1638071100826008
0.9403924192566392,2,27,7,2010,0,0,1.1688939531301417,1.053722084030041,-0.23152456982537614
-0.1483451814265229,1,27,7,2010,0,0,0.8816299400575284,-1.1361864198180849,0.8482343846114223
-0.23540340052032,1,27,7,2010,0,0,1.2847431262853375,-0.8721170503874885,0.3400186125625597
-0.9763164935158085,0,27,7,2010,0,0,0.18915592314343732,0.49732276419183163,-0.7205824698388887
0.6455589321870862,2,27,7,2010,0,0,1.2312742771367855,1.0448888355334818,-0.06548967885234445
-1.2233312978149107,0,27,7,2010,0,0,1.68733210810973,-1.1361864198180849,3.1705942057854912
1.9384129158557557,2,27,7,2010,0,0,1.1620792958857178,-1.1361864198180849,-0.45237226134399183
-0.07023490707221185,1,27,7,2010,0,0,1.68733210810973,-1.1361864198180849,3.1705942057854912
0.6343900705580522,2,27,7,2010,0,0,0.9948580911956384,-0.9713610553078035,-1.541177988686372
1.577114680345175,2,27,7,2010,0,0,1.7219295987352634,-1.1361864198180849,0.5198897444500101
-0.9769592987077368,0,27,7,2010,0,0,1.2349437079607055,1.0218226069862144,0.07340489340394113
-0.5381791422292902,1,27,7,2010,0,0,1.2312742771367855,1.0448888355334818,-0.06548967885234445
-1.2459385906379226,0,27,7,2010,0,0,1.2349437079607055,1.0218226069862144,0.07340489340394113
-0.034159492930900565,1,27,7,2010,0,0,1.1028441982995771,-0.8721170503874885,0.11225280058673398
-1.4562002121550588,0,27,7,2010,0,0,1.976168734392594,-1.1361864198180849,0.6774100256295525
-1.1255585835694173,0,27,7,2010,0,0,1.2312742771367855,1.0448888355334818,-0.06548967885234445
0.22127507692775497,1,27,7,2010,0,0,0.49109765951173123,0.49732276419183163,0.42303605804907485
-0.2837710107424666,1,27,7,2010,0,0,0.22165659615530217,-1.1361864198180849,-0.8115823620068003
1.6258211757285925,2,27,7,2010,0,0,1.2795010822511659,1.0448888355334818,-0.06548967885234445
-0.8812789017076371,0,27,7,2010,0,0,-0.009517545751672777,0.49732276419183163,0.42303605804907485
0.409163668762588,1,27,7,2010,0,0,0.1440743444495601,0.49732276419183163,-0.47206229649143466
-1.376855708149767,0,27,7,2010,0,0,0.6892469240034242,-1.1361864198180849,-0.2224777969197941
0.7468814399824394,2,27,7,2010,0,0,1.201394626142006,1.0218226069862144,0.07340489340394113
0.9579011416530114,2,27,7,2010,0,0,1.1924831512839147,1.0929347859782557,-0.6647053430691188
0.7363931897707003,2,27,7,2010,0,0,1.0504237579578592,-0.9713610553078035,-0.06548967885234445
-0.6294758300313095,1,27,7,2010,0,0,0.8942108457395403,0.8798357949784481,-0.36988697896956896
-0.48283908635581385,1,27,7,2010,0,0,1.2721622206033254,0.3100243207692491,0.2772233653355797
-1.3486181105998394,0,27,7,2010,0,0,1.2034914437556752,1.0680507990659418,-0.9185471475375032
1.7698846401364374,2,27,7,2010,0,0,0.6892469240034242,-1.1361864198180849,-0.14424981944211615
-0.9305589082924309,0,27,7,2010,0,0,1.0656256856569577,1.1451785376638925,-0.947283955590528
-0.08150143081591646,1,27,7,2010,0,0,0.6761418139179948,-0.9713610553078035,0.11863875793185082
0.5116519662286834,1,27,7,2010,0,0,1.68733210810973,-1.1361864198180849,3.1705942057854912
1.3473198337634127,2,27,7,2010,0,0,1.2847431262853375,-0.8721170503874885,-0.1277527629672313
-0.7837888727676563,0,27,7,2010,0,0,1.0037695660537305,-0.9713610553078035,-0.06548967885234445
1.8019984234725068,2,27,7,2010,0,0,1.2721622206033254,0.3100243207692491,0.2772233653355797
0.5724470756586781,2,27,7,2010,0,0,1.3015176671946875,1.1392534932439022,-0.46620850225841104
-1.191930361324644,0,27,7,2010,0,0,1.235467912364123,1.1392534932439022,-0.46620850225841104
1.9623971257156043,2,28,7,2010,0,0,0.8889688017053688,0.8796965951757998,-0.36988697896956896
-1.376855708149767,0,28,7,2010,0,0,1.027882968610921,-1.136237805842043,-0.2224777969197941
-1.4562002121550588,0,28,7,2010,0,0,2.1994798102483117,-1.136237805842043,0.6774100256295525
-1.2459385906379226,0,28,7,2010,0,0,1.3759546924799266,1.0216206845288893,0.07340489340394113
-0.6294758300313095,1,28,7,2010,0,0,0.7993298487210319,0.8796965951757998,-0.36988697896956896
0.6343900705580522,2,28,7,2010,0,0,0.8260642732953074,-0.9708289992346053,-1.541177988686372
0.9403924192566392,2,28,7,2010,0,0,1.308856528842528,1.0535151325216625,-0.23152456982537614
1.8019984234725068,2,28,7,2010,0,0,1.030503990628007,0.3101140446078216,0.2772233653355797
0.573135801532393,2,28,7,2010,0,0,0.9634058269906081,-0.9708289992346053,-0.0559107428346692
-0.5381791422292902,1,28,7,2010,0,0,1.4378108120831532,1.0446842632225006,-0.06548967885234445
-0.9305589082924309,0,28,7,2010,0,0,1.2973240319673502,1.144946938392229,-0.947283955590528
-0.7652654590723796,0,28,7,2010,0,0,1.3623253779910798,0.8461014308949224,0.8482343846114223
-0.7837888727676563,0,28,7,2010,0,0,0.7678775845160009,-0.9708289992346053,-0.06548967885234445
1.577114680345175,2,28,7,2010,0,0,1.7622933377983858,-1.136237805842043,0.5198897444500101
1.7698846401364374,2,28,7,2010,0,0,1.027882968610921,-1.136237805842043,-0.14424981944211615
0.5724470756586781,2,28,7,2010,0,0,1.400592299440534,1.1390234921330045,-0.46620850225841104
-0.08150143081591646,1,28,7,2010,0,0,0.49686390794932017,-0.9708289992346053,0.11863875793185082
-0.1483451814265229,1,28,7,2010,0,0,1.066674094463792,-1.136237805842043,0.8482343846114223
-0.23540340052032,1,28,7,2010,0,0,1.0525205755715283,-0.8715572198267982,0.3400186125625597
1.6258211757285925,2,28,7,2010,0,0,1.4226088843840548,1.0446842632225006,-0.06548967885234445
1.9384129158557557,2,28,7,2010,0,0,1.066674094463792,-1.136237805842043,-0.45237226134399183
0.22127507692775497,1,28,7,2010,0,0,0.9445344684675897,0.4996276728902536,0.42303605804907485
-0.9769592987077368,0,28,7,2010,0,0,1.3759546924799266,1.0216206845288893,0.07340489340394113
-0.48283908635581385,1,28,7,2010,0,0,1.030503990628007,0.3101140446078216,0.2772233653355797
-0.034159492930900565,1,28,7,2010,0,0,0.9497765125017612,-0.8715572198267982,0.11225280058673398
-1.2233312978149107,0,28,7,2010,0,0,2.0443153068368276,-1.136237805842043,3.1705942057854912
0.6455589321870862,2,28,7,2010,0,0,1.4378108120831532,1.0446842632225006,-0.06548967885234445
-1.191930361324644,0,28,7,2010,0,0,1.370188444042337,1.1390234921330045,-0.46620850225841104
1.3473198337634127,2,28,7,2010,0,0,1.0525205755715283,-0.8715572198267982,-0.1277527629672313
-0.07023490707221185,1,28,7,2010,0,0,2.0443153068368276,-1.136237805842043,3.1705942057854912
-0.9075748471041216,0,28,7,2010,0,0,1.7622933377983858,-1.136237805842043,0.5198897444500101
-1.3486181105998394,0,28,7,2010,0,0,1.3523654943261536,1.0678399861949404,-0.9185471475375032
0.9579011416530114,2,28,7,2010,0,0,1.3403087930475583,1.092717265987398,-0.6647053430691188
-1.1255585835694173,0,28,7,2010,0,0,1.4378108120831532,1.0446842632225006,-0.06548967885234445
0.7468814399824394,2,28,7,2010,0,0,1.3460750414851472,1.0216206845288893,0.07340489340394113
-0.9763164935158085,0,28,7,2010,0,0,0.49791231675615505,0.4996276728902536,-0.7205824698388887
-0.25570883086971885,1,28,7,2010,0,0,1.0121568365084053,1.140219852082721,-1.0148686708263452
-0.9389381283506959,0,28,7,2010,0,0,0.9497765125017612,-0.9708289992346053,1.1638071100826008
0.409163668762588,1,28,7,2010,0,0,0.5702525244277252,0.4996276728902536,-0.47206229649143466
0.5116519662286834,1,28,7,2010,0,0,2.0443153068368276,-1.136237805842043,3.1705942057854912
-0.1532543914646637,1,28,7,2010,0,0,0.8423146098012401,-0.9708289992346053,-1.541177988686372
0.06984690069365158,1,28,7,2010,0,0,0.9812287767067923,-0.9708289992346053,0.5959890694793166
-0.2837710107424666,1,28,7,2010,0,0,0.3920230272658847,-1.136237805842043,-0.8115823620068003
-0.8812789017076371,0,28,7,2010,0,0,0.21012409928012432,0.4996276728902536,0.42303605804907485
0.7363931897707003,2,28,7,2010,0,0,0.8606617639208409,-0.9708289992346053,-0.06548967885234445
-0.07023490707221185,1,29,7,2010,0,0,2.151253005133931,-1.1367907617337645,3.1705942057854912
0.7363931897707003,2,29,7,2010,0,0,0.864855399148179,-0.970421561035912,-0.06548967885234445
-1.1255585835694173,0,29,7,2010,0,0,1.519586699016233,1.0481470265069135,-0.06548967885234445
-0.9769592987077368,0,29,7,2010,0,0,1.2800252866545827,1.0250441794566933,0.07340489340394113
-0.5381791422292902,1,29,7,2010,0,0,1.519586699016233,1.0481470265069135,-0.06548967885234445
0.5116519662286834,1,29,7,2010,0,0,2.151253005133931,-1.1367907617337645,3.1705942057854912
-1.2233312978149107,0,29,7,2010,0,0,2.151253005133931,-1.1367907617337645,3.1705942057854912
-0.7837888727676563,0,29,7,2010,0,0,0.7872731474424366,-0.970421561035912,-0.06548967885234445
1.6258211757285925,2,29,7,2010,0,0,1.5452727147836745,1.0481470265069135,-0.06548967885234445
-1.3486181105998394,0,29,7,2010,0,0,1.3355909534168036,1.0713313024257984,-0.9185471475375032
0.573135801532393,2,29,7,2010,0,0,0.8957834589497919,-0.970421561035912,-0.0559107428346692
1.9623971257156043,2,29,7,2010,0,0,1.0257861509972521,0.8828942880312325,-0.36988697896956896
-0.7652654590723796,0,29,7,2010,0,0,1.4897070480214536,0.8492245798613732,0.8482343846114223
-0.9075748471041216,0,29,7,2010,0,0,1.5861606582502144,-1.1367907617337645,0.5198897444500101
-1.191930361324644,0,29,7,2010,0,0,1.3177680037006194,1.1426025783220146,-0.46620850225841104
-0.1483451814265229,1,29,7,2010,0,0,1.1217155568225954,-1.1367907617337645,0.8482343846114223
-1.4562002121550588,0,29,7,2010,0,0,2.036976445188987,-1.1367907617337645,0.6774100256295525
-0.6294758300313095,1,29,7,2010,0,0,0.9010255029839641,0.8828942880312325,-0.36988697896956896
-0.25570883086971885,1,29,7,2010,0,0,1.05409318878178,1.1438004152816006,-1.0148686708263452
-0.1532543914646637,1,29,7,2010,0,0,0.7133603265606148,-0.970421561035912,-1.541177988686372
-0.2837710107424666,1,29,7,2010,0,0,0.6017047886327556,-1.1367907617337645,-0.8115823620068003
-0.9305589082924309,0,29,7,2010,0,0,1.3790999189004292,1.1485333297225442,-0.947283955590528
-0.48283908635581385,1,29,7,2010,0,0,1.2202659846650243,0.3124480913857431,0.2772233653355797
1.9384129158557557,2,29,7,2010,0,0,1.132199644890939,-1.1367907617337645,-0.45237226134399183
-0.23540340052032,1,29,7,2010,0,0,1.2255080286991966,-0.8710749438837572,0.3400186125625597
-0.8812789017076371,0,29,7,2010,0,0,0.33855417811733285,0.5038074406912558,0.42303605804907485
1.3473198337634127,2,29,7,2010,0,0,1.2255080286991966,-0.8710749438837572,-0.1277527629672313
0.06984690069365158,1,29,7,2010,0,0,0.9188484527001476,-0.970421561035912,0.5959890694793166
0.22127507692775497,1,29,7,2010,0,0,0.9178000438933135,0.5038074406912558,0.42303605804907485
1.8019984234725068,2,29,7,2010,0,0,1.2202659846650243,0.3124480913857431,0.2772233653355797
-0.9389381283506959,0,29,7,2010,0,0,0.981752981110209,-0.970421561035912,1.1638071100826008
0.7468814399824394,2,29,7,2010,0,0,1.259057110517896,1.0250441794566933,0.07340489340394113
0.9403924192566392,2,29,7,2010,0,0,1.3198648213142885,1.0569887839207075,-0.23152456982537614
-0.08150143081591646,1,29,7,2010,0,0,0.3783937127770386,-0.970421561035912,0.11863875793185082
0.409163668762588,1,29,7,2010,0,0,0.6598914774120622,0.5038074406912558,-0.47206229649143466
-0.9763164935158085,0,29,7,2010,0,0,0.6546494333778907,0.5038074406912558,-0.7205824698388887
0.6455589321870862,2,29,7,2010,0,0,1.519586699016233,1.0481470265069135,-0.06548967885234445
-1.376855708149767,0,29,7,2010,0,0,1.2627265413418158,-1.1367907617337645,-0.2224777969197941
0.9579011416530114,2,29,7,2010,0,0,1.3481718590988163,1.096239256594233,-0.6647053430691188
-1.2459385906379226,0,29,7,2010,0,0,1.2800252866545827,1.0250441794566933,0.07340489340394113
0.5724470756586781,2,29,7,2010,0,0,1.3832935541277664,1.1426025783220146,-0.46620850225841104
0.6343900705580522,2,29,7,2010,0,0,0.6300118264172835,-0.970421561035912,-1.541177988686372
1.7698846401364374,2,29,7,2010,0,0,1.2627265413418158,-1.1367907617337645,-0.14424981944211615
-0.034159492930900565,1,29,7,2010,0,0,0.981752981110209,-0.8710749438837572,0.11225280058673398
1.577114680345175,2,29,7,2010,0,0,1.5861606582502144,-1.1367907617337645,0.5198897444500101
-0.9305589082924309,0,30,7,2010,0,0,1.1348206669080247,1.1521197210528593,-0.947283955590528
-0.8812789017076371,0,30,7,2010,0,0,0.41351540780598883,0.5079872084922581,0.42303605804907485
-0.25570883086971885,1,30,7,2010,0,0,0.9350987892060802,1.1473809759028009,-1.0148686708263452
0.22127507692775497,1,30,7,2010,0,0,0.9141306130693936,0.5079872084922581,0.42303605804907485
-0.7837888727676563,0,30,7,2010,0,0,0.7264654366460442,-0.9700141202595405,-0.06548967885234445
0.7468814399824394,2,30,7,2010,0,0,1.1956283777044172,1.0284676743844983,0.07340489340394113
-0.034159492930900565,1,30,7,2010,0,0,0.952397534518847,-0.8705926679407162,0.11225280058673398
-1.4562002121550588,0,30,7,2010,0,0,1.8099959385093487,-1.137343715047807,0.6774100256295525
-0.9075748471041216,0,30,7,2010,0,0,1.407406956684957,-1.137343715047807,0.5198897444500101
1.6258211757285925,2,30,7,2010,0,0,1.3266794785587115,1.0516097897913257,-0.06548967885234445
-0.9769592987077368,0,30,7,2010,0,0,1.242282569608546,1.0284676743844983,0.07340489340394113
0.409163668762588,1,30,7,2010,0,0,0.6231971691728596,0.5079872084922581,-0.47206229649143466
0.5724470756586781,2,30,7,2010,0,0,1.314622777280117,1.1461816645110254,-0.46620850225841104
-0.7652654590723796,0,30,7,2010,0,0,1.1327238492943565,0.8523477288278247,0.8482343846114223
-1.2459385906379226,0,30,7,2010,0,0,1.242282569608546,1.0284676743844983,0.07340489340394113
-0.08150143081591646,1,30,7,2010,0,0,0.2939968038268727,-0.9700141202595405,0.11863875793185082
-1.3486181105998394,0,30,7,2010,0,0,1.2726864250067422,1.0748226160789776,-0.9185471475375032
0.9579011416530114,2,30,7,2010,0,0,1.2155481450342704,1.099761244623389,-0.6647053430691188
-0.5381791422292902,1,30,7,2010,0,0,1.3319215225928838,1.0516097897913257,-0.06548967885234445
-0.48283908635581385,1,30,7,2010,0,0,1.132199644890939,0.314782135585986,0.2772233653355797
1.7698846401364374,2,30,7,2010,0,0,1.088166475003896,-1.137343715047807,-0.14424981944211615
0.573135801532393,2,30,7,2010,0,0,0.9293325407684913,-0.9700141202595405,-0.0559107428346692
0.6343900705580522,2,30,7,2010,0,0,0.6043258106498414,-0.9700141202595405,-1.541177988686372
0.5116519662286834,1,30,7,2010,0,0,1.998709523739533,-1.137343715047807,3.1705942057854912
-0.07023490707221185,1,30,7,2010,0,0,1.998709523739533,-1.137343715047807,3.1705942057854912
1.577114680345175,2,30,7,2010,0,0,1.407406956684957,-1.137343715047807,0.5198897444500101
0.7363931897707003,2,30,7,2010,0,0,0.7678775845160009,-0.9700141202595405,-0.06548967885234445
-1.1255585835694173,0,30,7,2010,0,0,1.3319215225928838,1.0516097897913257,-0.06548967885234445
0.6455589321870862,2,30,7,2010,0,0,1.3319215225928838,1.0516097897913257,-0.06548967885234445
-0.9763164935158085,0,30,7,2010,0,0,0.656746250991559,0.5079872084922581,-0.7205824698388887
-1.2233312978149107,0,30,7,2010,0,0,1.998709523739533,-1.137343715047807,3.1705942057854912
-1.376855708149767,0,30,7,2010,0,0,1.088166475003896,-1.137343715047807,-0.2224777969197941
1.9384129158557557,2,30,7,2010,0,0,1.1804264500053194,-1.137343715047807,-0.45237226134399183
0.9403924192566392,2,30,7,2010,0,0,1.2401857519948778,1.0604624353197527,-0.23152456982537614
-0.6294758300313095,1,30,7,2010,0,0,0.7238444146289578,0.886091980886666,-0.36988697896956896
-0.23540340052032,1,30,7,2010,0,0,1.132199644890939,-0.8705926679407162,0.3400186125625597
1.8019984234725068,2,30,7,2010,0,0,1.132199644890939,0.314782135585986,0.2772233653355797
-0.2837710107424666,1,30,7,2010,0,0,0.6174309207352707,-1.137343715047807,-0.8115823620068003
-1.191930361324644,0,30,7,2010,0,0,1.2506698400632215,1.1461816645110254,-0.46620850225841104
-0.1483451814265229,1,30,7,2010,0,0,0.7379979335212221,-1.137343715047807,0.8482343846114223
-0.9389381283506959,0,30,7,2010,0,0,0.952397534518847,-0.9700141202595405,1.1638071100826008
1.3473198337634127,2,30,7,2010,0,0,1.132199644890939,-0.8705926679407162,-0.1277527629672313
0.06984690069365158,1,30,7,2010,0,0,0.9230420879274857,-0.9700141202595405,0.5959890694793166
1.9623971257156043,2,30,7,2010,0,0,0.9356229936094976,0.886091980886666,-0.36988697896956896
-0.1532543914646637,1,30,7,2010,0,0,0.6902953328102583,-0.9700141202595405,-1.541177988686372
0.7363931897707003,2,31,8,2010,0,0,0.8396935877841544,-0.9696066820608472,-0.06548967885234445
0.5116519662286834,1,31,8,2010,0,0,1.8225768441913615,-1.1378966683618499,3.1705942057854912
1.3473198337634127,2,31,8,2010,0,0,1.0100600188947368,-0.8701103919976745,-0.1277527629672313
-0.8812789017076371,0,31,8,2010,0,0,0.1844380835126829,0.5121669762932604,0.42303605804907485
0.6343900705580522,2,31,8,2010,0,0,0.6211003515591914,-0.9696066820608472,-1.541177988686372
0.5724470756586781,2,31,8,2010,0,0,1.486561821600951,1.1497607507000365,-0.46620850225841104
0.06984690069365158,1,31,8,2010,0,0,0.8119107544030438,-0.9696066820608472,0.5959890694793166
0.6455589321870862,2,31,8,2010,0,0,1.6836626772858092,1.0550725530757377,-0.06548967885234445
0.9579011416530114,2,31,8,2010,0,0,1.4902312524248709,1.103283235230224,-0.6647053430691188
0.22127507692775497,1,31,8,2010,0,0,0.7741680373570072,0.5121669762932604,0.42303605804907485
0.7468814399824394,2,31,8,2010,0,0,1.401640708247368,1.0318911693123025,0.07340489340394113
-1.376855708149767,0,31,8,2010,0,0,1.2087334877898466,-1.1378966683618499,-0.2224777969197941
-0.034159492930900565,1,31,8,2010,0,0,0.8486050626422464,-0.8701103919976745,0.11225280058673398
-0.08150143081591646,1,31,8,2010,0,0,0.24891522513299552,-0.9696066820608472,0.11863875793185082
-0.9389381283506959,0,31,8,2010,0,0,0.8486050626422464,-0.9696066820608472,1.1638071100826008
0.409163668762588,1,31,8,2010,0,0,0.5781155904789824,0.5121669762932604,-0.47206229649143466
1.6258211757285925,2,31,8,2010,0,0,1.6432989382226868,1.0550725530757377,-0.06548967885234445
1.8019984234725068,2,31,8,2010,0,0,0.9953822955990559,0.3171161823639082,0.2772233653355797
1.577114680345175,2,31,8,2010,0,0,1.4650694410608462,-1.1378966683618499,0.5198897444500101
0.9403924192566392,2,31,8,2010,0,0,1.5190624946128155,1.063936086718797,-0.23152456982537614
1.9384129158557557,2,31,8,2010,0,0,0.9618332137803565,-1.1378966683618499,-0.45237226134399183
-0.7652654590723796,0,31,8,2010,0,0,1.3880113937585212,0.8554708777942754,0.8482343846114223
0.573135801532393,2,31,8,2010,0,0,0.8575165375003385,-0.9696066820608472,-0.0559107428346692
-0.2837710107424666,1,31,8,2010,0,0,0.6473105717300502,-1.1378966683618499,-0.8115823620068003
-0.25570883086971885,1,31,8,2010,0,0,1.1631277046925528,1.1509615391016799,-1.0148686708263452
-0.1532543914646637,1,31,8,2010,0,0,0.5754945684618967,-0.9696066820608472,-1.541177988686372
-1.191930361324644,0,31,8,2010,0,0,1.4126490007191286,1.1497607507000365,-0.46620850225841104
-0.9075748471041216,0,31,8,2010,0,0,1.4650694410608462,-1.1378966683618499,0.5198897444500101
1.9623971257156043,2,31,8,2010,0,0,0.8590891507105893,0.8892896737420987,-0.36988697896956896
-0.1483451814265229,1,31,8,2010,0,0,0.8187254116474669,-1.1378966683618499,0.8482343846114223
-0.6294758300313095,1,31,8,2010,0,0,0.7133603265606148,0.8892896737420987,-0.36988697896956896
-1.3486181105998394,0,31,8,2010,0,0,1.4634968278505947,1.0783139297321558,-0.9185471475375032
-1.4562002121550588,0,31,8,2010,0,0,1.7995118504410057,-1.1378966683618499,0.6774100256295525
-0.9763164935158085,0,31,8,2010,0,0,0.4842830022673082,0.5121669762932604,-0.7205824698388887
-1.2459385906379226,0,31,8,2010,0,0,1.4315203592421468,1.0318911693123025,0.07340489340394113
-0.5381791422292902,1,31,8,2010,0,0,1.6836626772858092,1.0550725530757377,-0.06548967885234445
-0.9305589082924309,0,31,8,2010,0,0,1.5153930637888957,1.155706109805495,-0.947283955590528
-0.7837888727676563,0,31,8,2010,0,0,0.7610629272715778,-0.9696066820608472,-0.06548967885234445
-1.1255585835694173,0,31,8,2010,0,0,1.6836626772858092,1.0550725530757377,-0.06548967885234445
-0.23540340052032,1,31,8,2010,0,0,1.0100600188947368,-0.8701103919976745,0.3400186125625597
-0.48283908635581385,1,31,8,2010,0,0,0.9953822955990559,0.3171161823639082,0.2772233653355797
1.7698846401364374,2,31,8,2010,0,0,1.2087334877898466,-1.1378966683618499,-0.14424981944211615
-1.2233312978149107,0,31,8,2010,0,0,1.8225768441913615,-1.1378966683618499,3.1705942057854912
-0.07023490707221185,1,31,8,2010,0,0,1.8225768441913615,-1.1378966683618499,3.1705942057854912
-0.9769592987077368,0,31,8,2010,0,0,1.4315203592421468,1.0318911693123025,0.07340489340394113
-0.9769592987077368,0,32,8,2010,0,0,1.4614000102369264,1.0353146642401065,0.07340489340394113
1.8019984234725068,2,32,8,2010,0,0,1.0619562548330372,0.3194502291418297,0.2772233653355797
-0.2837710107424666,1,32,8,2010,0,0,0.36633701149844333,-1.1384496216758928,-0.8115823620068003
-0.8812789017076371,0,32,8,2010,0,0,0.10213799217618609,0.5163467440942625,0.42303605804907485
0.22127507692775497,1,32,8,2010,0,0,0.8800573268472768,0.5163467440942625,0.42303605804907485
-1.191930361324644,0,32,8,2010,0,0,1.497045909669294,1.1533398368890466,-0.46620850225841104
-0.5381791422292902,1,32,8,2010,0,0,1.6495893910636932,1.058535313782472,-0.06548967885234445
1.6258211757285925,2,32,8,2010,0,0,1.6181371268586622,1.058535313782472,-0.06548967885234445
-1.1255585835694173,0,32,8,2010,0,0,1.6495893910636932,1.058535313782472,-0.06548967885234445
1.577114680345175,2,32,8,2010,0,0,1.5824912274262943,-1.1384496216758928,0.5198897444500101
1.7698846401364374,2,32,8,2010,0,0,0.8779605092336085,-1.1384496216758928,-0.14424981944211615
-1.376855708149767,0,32,8,2010,0,0,0.8779605092336085,-1.1384496216758928,-0.2224777969197941
-0.034159492930900565,1,32,8,2010,0,0,0.8685248299720989,-0.8696281186323119,0.11225280058673398
-1.4562002121550588,0,32,8,2010,0,0,1.9599183978866614,-1.1384496216758928,0.6774100256295525
-0.6294758300313095,1,32,8,2010,0,0,0.7626355404818294,0.8924873665975314,-0.36988697896956896
-1.2459385906379226,0,32,8,2010,0,0,1.4614000102369264,1.0353146642401065,0.07340489340394113
1.3473198337634127,2,32,8,2010,0,0,1.005342179263982,-0.8696281186323119,-0.1277527629672313
-0.7652654590723796,0,32,8,2010,0,0,1.4745051203223558,0.8585940267607269,0.8482343846114223
-0.23540340052032,1,32,8,2010,0,0,1.005342179263982,-0.8696281186323119,0.3400186125625597
-0.07023490707221185,1,32,8,2010,0,0,1.5111994285615584,-1.1384496216758928,3.1705942057854912
-1.2233312978149107,0,32,8,2010,0,0,1.5111994285615584,-1.1384496216758928,3.1705942057854912
-0.9763164935158085,0,32,8,2010,0,0,0.30028725666787875,0.5163467440942625,-0.7205824698388887
-0.7837888727676563,0,32,8,2010,0,0,0.7332800938904673,-0.9691992412844757,-0.06548967885234445
-0.48283908635581385,1,32,8,2010,0,0,1.0619562548330372,0.3194502291418297,0.2772233653355797
0.9579011416530114,2,32,8,2010,0,0,1.5017637493000489,1.1068052232593804,-0.6647053430691188
-0.1483451814265229,1,32,8,2010,0,0,0.9717930974452827,-1.1384496216758928,0.8482343846114223
-0.1532543914646637,1,32,8,2010,0,0,0.4869040242843939,-0.9691992412844757,-1.541177988686372
0.573135801532393,2,32,8,2010,0,0,0.8381209745739028,-0.9691992412844757,-0.0559107428346692
-0.9305589082924309,0,32,8,2010,0,0,1.502812158106883,1.1592925011358102,-0.947283955590528
-1.3486181105998394,0,32,8,2010,0,0,1.532167604698245,1.081805245963014,-0.9185471475375032
-0.9075748471041216,0,32,8,2010,0,0,1.5824912274262943,-1.1384496216758928,0.5198897444500101
1.9384129158557557,2,32,8,2010,0,0,1.0430848963100188,-1.1384496216758928,-0.45237226134399183
1.9623971257156043,2,32,8,2010,0,0,0.9330019715924119,0.8924873665975314,-0.36988697896956896
0.6343900705580522,2,32,8,2010,0,0,0.48480720667072563,-0.9691992412844757,-1.541177988686372
-0.25570883086971885,1,32,8,2010,0,0,1.149498390203706,1.1545420997228801,-1.0148686708263452
0.5116519662286834,1,32,8,2010,0,0,1.5111994285615584,-1.1384496216758928,3.1705942057854912
0.6455589321870862,2,32,8,2010,0,0,1.6495893910636932,1.058535313782472,-0.06548967885234445
-0.08150143081591646,1,32,8,2010,0,0,0.17814763067167655,-0.9691992412844757,0.11863875793185082
0.409163668762588,1,32,8,2010,0,0,0.6321086440309518,0.5163467440942625,-0.47206229649143466
0.5724470756586781,2,32,8,2010,0,0,1.5489421456075951,1.1533398368890466,-0.46620850225841104
0.9403924192566392,2,32,8,2010,0,0,1.510675224158141,1.0674097406955207,-0.23152456982537614
-0.9389381283506959,0,32,8,2010,0,0,0.8685248299720989,-0.9691992412844757,1.1638071100826008
0.7468814399824394,2,32,8,2010,0,0,1.440431834100239,1.0353146642401065,0.07340489340394113
0.06984690069365158,1,32,8,2010,0,0,0.8391693833807369,-0.9691992412844757,0.5959890694793166
0.7363931897707003,2,32,8,2010,0,0,0.7615871316749945,-0.9691992412844757,-0.06548967885234445
1.9384129158557557,2,33,8,2010,0,0,1.082400226566307,-1.1381236690547951,-0.45237226134399183
0.06984690069365158,1,33,8,2010,0,0,0.7117877133503632,-0.9683843623094107,0.5959890694793166
1.3473198337634127,2,33,8,2010,0,0,0.890017210512203,-0.8688007662702425,-0.1277527629672313
-1.191930361324644,0,33,8,2010,0,0,1.5641440733066927,1.152266870416475,-0.46620850225841104
-0.1532543914646637,1,33,8,2010,0,0,0.4648874393408724,-0.9683843623094107,-1.541177988686372
1.9623971257156043,2,33,8,2010,0,0,0.8994528897737125,0.8916709126608089,-0.36988697896956896
-0.9389381283506959,0,33,8,2010,0,0,0.7877973518458533,-0.9683843623094107,1.1638071100826008
-0.9763164935158085,0,33,8,2010,0,0,0.28351271575852943,0.5172146098317297,-0.7205824698388887
0.6343900705580522,2,33,8,2010,0,0,0.5487601438876212,-0.9683843623094107,-1.541177988686372
-0.6294758300313095,1,33,8,2010,0,0,0.714408735367449,0.8916709126608089,-0.36988697896956896
-1.1255585835694173,0,33,8,2010,0,0,1.6459199602397725,1.057620683798872,-0.06548967885234445
0.9403924192566392,2,33,8,2010,0,0,1.49232807003854,1.0664802864819851,-0.23152456982537614
-1.376855708149767,0,33,8,2010,0,0,0.9518733301154303,-1.1381236690547951,-0.2224777969197941
-1.2233312978149107,0,33,8,2010,0,0,1.815237982543521,-1.1381236690547951,3.1705942057854912
-0.07023490707221185,1,33,8,2010,0,0,1.815237982543521,-1.1381236690547951,3.1705942057854912
-0.25570883086971885,1,33,8,2010,0,0,1.1101830599474176,1.1534671252386373,-1.0148686708263452
-0.7837888727676563,0,33,8,2010,0,0,0.677190222724829,-0.9683843623094107,-0.06548967885234445
-0.23540340052032,1,33,8,2010,0,0,0.890017210512203,-0.8688007662702425,0.3400186125625597
1.577114680345175,2,33,8,2010,0,0,1.6616460923422878,-1.1381236690547951,0.5198897444500101
0.6455589321870862,2,33,8,2010,0,0,1.6459199602397725,1.057620683798872,-0.06548967885234445
-0.1483451814265229,1,33,8,2010,0,0,0.9576395785530192,-1.1381236690547951,0.8482343846114223
0.409163668762588,1,33,8,2010,0,0,0.41980586064699515,0.5172146098317297,-0.47206229649143466
-0.9075748471041216,0,33,8,2010,0,0,1.6616460923422878,-1.1381236690547951,0.5198897444500101
0.5116519662286834,1,33,8,2010,0,0,1.815237982543521,-1.1381236690547951,3.1705942057854912
0.9579011416530114,2,33,8,2010,0,0,1.5295465826811592,1.1058099763758908,-0.6647053430691188
-0.7652654590723796,0,33,8,2010,0,0,1.4194636579635524,0.8578398469625959,0.8482343846114223
-0.2837710107424666,1,33,8,2010,0,0,0.4643632349374557,-1.1381236690547951,-0.8115823620068003
0.5724470756586781,2,33,8,2010,0,0,1.6118466740176565,1.152266870416475,-0.46620850225841104
-0.9769592987077368,0,33,8,2010,0,0,1.4341413812592334,1.034475694280346,0.07340489340394113
-0.08150143081591646,1,33,8,2010,0,0,0.2358101150475661,-0.9683843623094107,0.11863875793185082
-1.3486181105998394,0,33,8,2010,0,0,1.5478937368007601,1.0808517497406764,-0.9185471475375032
-1.2459385906379226,0,33,8,2010,0,0,1.4341413812592334,1.034475694280346,0.07340489340394113
-0.034159492930900565,1,33,8,2010,0,0,0.7877973518458533,-0.8688007662702425,0.11225280058673398
-0.8812789017076371,0,33,8,2010,0,0,0.07383095439165857,0.5172146098317297,0.42303605804907485
1.8019984234725068,2,33,8,2010,0,0,0.9345745848026635,0.31929262729127383,0.2772233653355797
1.7698846401364374,2,33,8,2010,0,0,0.9518733301154303,-1.1381236690547951,-0.14424981944211615
1.6258211757285925,2,33,8,2010,0,0,1.5997899727390612,1.057620683798872,-0.06548967885234445
0.7363931897707003,2,33,8,2010,0,0,0.735901115907553,-0.9683843623094107,-0.06548967885234445
0.22127507692775497,1,33,8,2010,0,0,0.6960615812478473,0.5172146098317297,0.42303605804907485
-1.4562002121550588,0,33,8,2010,0,0,2.0065725897907902,-1.1381236690547951,0.6774100256295525
0.7468814399824394,2,33,8,2010,0,0,1.4441012649241596,1.034475694280346,0.07340489340394113
0.573135801532393,2,33,8,2010,0,0,0.7332800938904673,-0.9683843623094107,-0.0559107428346692
-0.9305589082924309,0,33,8,2010,0,0,1.4739809159189383,1.1582095925566716,-0.947283955590528
-0.5381791422292902,1,33,8,2010,0,0,1.6459199602397725,1.057620683798872,-0.06548967885234445
-0.48283908635581385,1,33,8,2010,0,0,0.9345745848026635,0.31929262729127383,0.2772233653355797
-0.034159492930900565,1,34,8,2010,0,0,0.5665830936038047,-0.8679734139081731,0.11225280058673398
1.6258211757285925,2,34,8,2010,0,0,1.5169656769991473,1.0567060538152728,-0.06548967885234445
0.5724470756586781,2,34,8,2010,0,0,1.5473695323973435,1.1511939039439032,-0.46620850225841104
0.6343900705580522,2,34,8,2010,0,0,0.26568976604234523,-0.9675694833343459,-1.541177988686372
0.9403924192566392,2,34,8,2010,0,0,1.4173668403498834,1.0655508348461273,-0.23152456982537614
0.409163668762588,1,34,8,2010,0,0,0.6504557981505534,0.5180824755691968,-0.47206229649143466
-0.8812789017076371,0,34,8,2010,0,0,-0.032058335098611376,0.5180824755691968,0.42303605804907485
-0.2837710107424666,1,34,8,2010,0,0,0.3589981498506028,-1.1377977190113764,-0.8115823620068003
-0.23540340052032,1,34,8,2010,0,0,0.6357780748548724,-0.8679734139081731,0.3400186125625597
-0.07023490707221185,1,34,8,2010,0,0,1.8351577498733733,-1.1377977190113764,3.1705942057854912
-0.1483451814265229,1,34,8,2010,0,0,0.7699744021296698,-1.1377977190113764,0.8482343846114223
0.06984690069365158,1,34,8,2010,0,0,0.4648874393408724,-0.9675694833343459,0.5959890694793166
-1.376855708149767,0,34,8,2010,0,0,0.8978802765634609,-1.1377977190113764,-0.2224777969197941
-0.6294758300313095,1,34,8,2010,0,0,0.4701294833750446,0.8908544613017657,-0.36988697896956896
-1.2459385906379226,0,34,8,2010,0,0,1.385914576144853,1.0336367243205853,0.07340489340394113
-0.48283908635581385,1,34,8,2010,0,0,0.6908195372136758,0.3191350228630388,0.2772233653355797
1.7698846401364374,2,34,8,2010,0,0,0.8978802765634609,-1.1377977190113764,-0.14424981944211615
-1.4562002121550588,0,34,8,2010,0,0,1.8776183065501648,-1.1377977190113764,0.6774100256295525
-0.1532543914646637,1,34,8,2010,0,0,0.2300438666099772,-0.9675694833343459,-1.541177988686372
0.573135801532393,2,34,8,2010,0,0,0.46226641732378665,-0.9675694833343459,-0.0559107428346692
-0.9389381283506959,0,34,8,2010,0,0,0.5665830936038047,-0.9675694833343459,1.1638071100826008
0.9579011416530114,2,34,8,2010,0,0,1.4430528561173248,1.1048147269147235,-0.6647053430691188
-0.7652654590723796,0,34,8,2010,0,0,1.1605066826754662,0.8570856697421432,0.8482343846114223
0.5116519662286834,1,34,8,2010,0,0,1.8351577498733733,-1.1377977190113764,3.1705942057854912
-0.5381791422292902,1,34,8,2010,0,0,1.468738871884767,1.0567060538152728,-0.06548967885234445
-1.2233312978149107,0,34,8,2010,0,0,1.8351577498733733,-1.1377977190113764,3.1705942057854912
1.9623971257156043,2,34,8,2010,0,0,0.646262162923216,0.8908544613017657,-0.36988697896956896
-0.9763164935158085,0,34,8,2010,0,0,0.3920230272658847,0.5180824755691968,-0.7205824698388887
-0.9769592987077368,0,34,8,2010,0,0,1.385914576144853,1.0336367243205853,0.07340489340394113
1.8019984234725068,2,34,8,2010,0,0,0.6908195372136758,0.3191350228630388,0.2772233653355797
1.9384129158557557,2,34,8,2010,0,0,0.8522744934661663,-1.1377977190113764,-0.45237226134399183
-1.191930361324644,0,34,8,2010,0,0,1.4661178498676812,1.1511939039439032,-0.46620850225841104
0.6455589321870862,2,34,8,2010,0,0,1.468738871884767,1.0567060538152728,-0.06548967885234445
-0.25570883086971885,1,34,8,2010,0,0,0.877436304830191,1.1523921507543942,-1.0148686708263452
-0.7837888727676563,0,34,8,2010,0,0,0.3610949674642711,-0.9675694833343459,-0.06548967885234445
0.22127507692775497,1,34,8,2010,0,0,0.8790089180404426,0.5180824755691968,0.42303605804907485
-1.3486181105998394,0,34,8,2010,0,0,1.5132962461752266,1.079898256096017,-0.9185471475375032
-0.9075748471041216,0,34,8,2010,0,0,1.405310139071288,-1.1377977190113764,0.5198897444500101
-0.9305589082924309,0,34,8,2010,0,0,1.3539381075364052,1.157126683977533,-0.947283955590528
0.7363931897707003,2,34,8,2010,0,0,0.4308141531187563,-0.9675694833343459,-0.06548967885234445
0.7468814399824394,2,34,8,2010,0,0,1.3696642396389205,1.0336367243205853,0.07340489340394113
-0.08150143081591646,1,34,8,2010,0,0,-0.04988128481479558,-0.9675694833343459,0.11863875793185082
1.577114680345175,2,34,8,2010,0,0,1.405310139071288,-1.1377977190113764,0.5198897444500101
1.3473198337634127,2,34,8,2010,0,0,0.6357780748548724,-0.8679734139081731,-0.1277527629672313
-1.1255585835694173,0,34,8,2010,0,0,1.468738871884767,1.0567060538152728,-0.06548967885234445
0.9579011416530114,2,35,9,2010,0,0,1.2564360885008103,1.1038194800312346,-0.6647053430691188
-0.9763164935158085,0,35,9,2010,0,0,-0.008469136944838258,0.518950341306664,-0.7205824698388887
-1.2459385906379226,0,35,9,2010,0,0,1.2637749501486508,1.032797754360824,0.07340489340394113
-0.2837710107424666,1,35,9,2010,0,0,-0.016856407399513287,-1.1374717663902791,-0.8115823620068003
0.409163668762588,1,35,9,2010,0,0,0.3118197535430566,0.518950341306664,-0.47206229649143466
-0.7652654590723796,0,35,9,2010,0,0,1.166272931113056,0.8563314899440114,0.8482343846114223
1.7698846401364374,2,35,9,2010,0,0,0.3946440492829705,-1.1374717663902791,-0.14424981944211615
-0.1483451814265229,1,35,9,2010,0,0,0.7552966788339889,-1.1374717663902791,0.8482343846114223
-0.07023490707221185,1,35,9,2010,0,0,1.3072839156322764,-1.1374717663902791,3.1705942057854912
-1.2233312978149107,0,35,9,2010,0,0,1.3072839156322764,-1.1374717663902791,3.1705942057854912
0.5724470756586781,2,35,9,2010,0,0,1.4026891170542024,1.1501209374713317,-0.46620850225841104
0.06984690069365158,1,35,9,2010,0,0,0.9036465250010499,-0.9667546043592811,0.5959890694793166
-0.9769592987077368,0,35,9,2010,0,0,1.2637749501486508,1.032797754360824,0.07340489340394113
-0.08150143081591646,1,35,9,2010,0,0,0.45859698649986674,-0.9667546043592811,0.11863875793185082
-0.8812789017076371,0,35,9,2010,0,0,-0.43726833894008915,0.518950341306664,0.42303605804907485
-1.3486181105998394,0,35,9,2010,0,0,1.356559129553491,1.078944762451358,-0.9185471475375032
1.8019984234725068,2,35,9,2010,0,0,1.0582868240091172,0.31897742101248294,0.2772233653355797
1.9384129158557557,2,35,9,2010,0,0,0.97598673267262,-1.1374717663902791,-0.45237226134399183
-0.25570883086971885,1,35,9,2010,0,0,0.9413892420470865,1.1513171736924728,-1.0148686708263452
0.7363931897707003,2,35,9,2010,0,0,0.8653796035515957,-0.9667546043592811,-0.06548967885234445
-0.034159492930900565,1,35,9,2010,0,0,0.9261873143479881,-0.8671460615461035,0.11225280058673398
-0.9305589082924309,0,35,9,2010,0,0,1.2732106294101595,1.1560437753983943,-0.947283955590528
0.573135801532393,2,35,9,2010,0,0,0.804047688351786,-0.9667546043592811,-0.0559107428346692
1.6258211757285925,2,35,9,2010,0,0,1.2396615475914603,1.0557914212539943,-0.06548967885234445
-0.48283908635581385,1,35,9,2010,0,0,1.0582868240091172,0.31897742101248294,0.2772233653355797
0.22127507692775497,1,35,9,2010,0,0,0.6300118264172835,0.518950341306664,0.42303605804907485
0.7468814399824394,2,35,9,2010,0,0,1.2553876796939754,1.032797754360824,0.07340489340394113
-0.1532543914646637,1,35,9,2010,0,0,0.6541252289744733,-0.9667546043592811,-1.541177988686372
-1.4562002121550588,0,35,9,2010,0,0,1.7109213062635023,-1.1374717663902791,0.6774100256295525
0.5116519662286834,1,35,9,2010,0,0,1.3072839156322764,-1.1374717663902791,3.1705942057854912
1.9623971257156043,2,35,9,2010,0,0,0.9078401602283872,0.8900380099427225,-0.36988697896956896
-1.191930361324644,0,35,9,2010,0,0,1.3618011735876625,1.1501209374713317,-0.46620850225841104
-0.9075748471041216,0,35,9,2010,0,0,1.342929815064644,-1.1374717663902791,0.5198897444500101
0.6455589321870862,2,35,9,2010,0,0,1.2784526734443311,1.0557914212539943,-0.06548967885234445
-1.376855708149767,0,35,9,2010,0,0,0.3946440492829705,-1.1374717663902791,-0.2224777969197941
-0.7837888727676563,0,35,9,2010,0,0,0.785700534232185,-0.9667546043592811,-0.06548967885234445
0.9403924192566392,2,35,9,2010,0,0,1.207160874579595,1.0646213832102704,-0.23152456982537614
1.577114680345175,2,35,9,2010,0,0,1.342929815064644,-1.1374717663902791,0.5198897444500101
-0.6294758300313095,1,35,9,2010,0,0,0.6808596535487496,0.8900380099427225,-0.36988697896956896
-0.23540340052032,1,35,9,2010,0,0,1.0661498900603745,-0.8671460615461035,0.3400186125625597
-1.1255585835694173,0,35,9,2010,0,0,1.2784526734443311,1.0557914212539943,-0.06548967885234445
1.3473198337634127,2,35,9,2010,0,0,1.0661498900603745,-0.8671460615461035,-0.1277527629672313
0.6343900705580522,2,35,9,2010,0,0,0.7720712197433381,-0.9667546043592811,-1.541177988686372
-0.5381791422292902,1,35,9,2010,0,0,1.2784526734443311,1.0557914212539943,-0.06548967885234445
-0.9389381283506959,0,35,9,2010,0,0,0.9261873143479881,-0.9667546043592811,1.1638071100826008
-0.034159492930900565,1,36,9,2010,0,1,0.5461391218705347,-0.8663187117617134,0.11225280058673398
0.573135801532393,2,36,9,2010,0,1,0.46803266576137553,-0.9659397253842162,-0.0559107428346692
-1.1255585835694173,0,36,9,2010,0,1,1.1070378335269144,1.0548767912703951,-0.06548967885234445
1.6258211757285925,2,36,9,2010,0,1,1.096029541055154,1.0548767912703951,-0.06548967885234445
-0.6294758300313095,1,36,9,2010,0,1,0.15508263692132088,0.8892215585836787,-0.36988697896956896
-0.48283908635581385,1,36,9,2010,0,1,0.6651335214462344,0.31881981658424785,0.2772233653355797
-0.9305589082924309,0,36,9,2010,0,1,1.0231651289801664,1.1549608642415772,-0.947283955590528
0.22127507692775497,1,36,9,2010,0,1,0.53775185141586,0.5198182096218096,0.42303605804907485
0.7468814399824394,2,36,9,2010,0,1,1.1405869153456136,1.0319587844010634,0.07340489340394113
0.409163668762588,1,36,9,2010,0,1,0.2683107880594309,0.5198182096218096,-0.47206229649143466
-0.9075748471041216,0,36,9,2010,0,1,1.3555107207466568,-1.1371458163468604,0.5198897444500101
-1.376855708149767,0,36,9,2010,0,1,0.39621666249322207,-1.1371458163468604,-0.2224777969197941
0.7363931897707003,2,36,9,2010,0,1,0.2714560144799341,-0.9659397253842162,-0.06548967885234445
1.577114680345175,2,36,9,2010,0,1,1.3555107207466568,-1.1371458163468604,0.5198897444500101
-0.08150143081591646,1,36,9,2010,0,1,-0.17621454603833508,-0.9659397253842162,0.11863875793185082
-1.3486181105998394,0,36,9,2010,0,1,1.1363932801182763,1.0779912662290203,-0.9185471475375032
0.9579011416530114,2,36,9,2010,0,1,1.0797792045492214,1.1028242331477458,-0.6647053430691188
1.3473198337634127,2,36,9,2010,0,1,0.6394475056787923,-0.8663187117617134,-0.1277527629672313
-0.7652654590723796,0,36,9,2010,0,1,1.2129271230171839,0.8555773101458802,0.8482343846114223
0.5116519662286834,1,36,9,2010,0,1,1.334018340206552,-1.1371458163468604,3.1705942057854912
0.9403924192566392,2,36,9,2010,0,1,1.0750613649184666,1.0636919315744127,-0.23152456982537614
-0.25570883086971885,1,36,9,2010,0,1,0.8470324494319948,1.1502421992082297,-1.0148686708263452
-1.4562002121550588,0,36,9,2010,0,1,1.7607207245881342,-1.1371458163468604,0.6774100256295525
-1.2459385906379226,0,36,9,2010,0,1,1.174135997164313,1.0319587844010634,0.07340489340394113
-1.2233312978149107,0,36,9,2010,0,1,1.334018340206552,-1.1371458163468604,3.1705942057854912
-0.5381791422292902,1,36,9,2010,0,1,1.1070378335269144,1.0548767912703951,-0.06548967885234445
-0.07023490707221185,1,36,9,2010,0,1,1.334018340206552,-1.1371458163468604,3.1705942057854912
-0.1483451814265229,1,36,9,2010,0,1,0.756345087640823,-1.1371458163468604,0.8482343846114223
1.7698846401364374,2,36,9,2010,0,1,0.39621666249322207,-1.1371458163468604,-0.14424981944211615
-0.23540340052032,1,36,9,2010,0,1,0.6394475056787923,-0.8663187117617134,0.3400186125625597
-0.9763164935158085,0,36,9,2010,0,1,-0.04935708041137814,0.5198182096218096,-0.7205824698388887
0.5724470756586781,2,36,9,2010,0,1,1.2449035916256324,1.1490479684210806,-0.46620850225841104
-0.7837888727676563,0,36,9,2010,0,1,0.21903557413821642,-0.9659397253842162,-0.06548967885234445
0.6455589321870862,2,36,9,2010,0,1,1.1070378335269144,1.0548767912703951,-0.06548967885234445
-1.191930361324644,0,36,9,2010,0,1,1.18776531165316,1.1490479684210806,-0.46620850225841104
-0.2837710107424666,1,36,9,2010,0,1,-0.09968070313942719,-1.1371458163468604,-0.8115823620068003
-0.9769592987077368,0,36,9,2010,0,1,1.174135997164313,1.0319587844010634,0.07340489340394113
0.6343900705580522,2,36,9,2010,0,1,0.26359294842867653,-0.9659397253842162,-1.541177988686372
1.8019984234725068,2,36,9,2010,0,1,0.6651335214462344,0.31881981658424785,0.2772233653355797
0.06984690069365158,1,36,9,2010,0,1,0.46698425695454143,-0.9659397253842162,0.5959890694793166
-0.9389381283506959,0,36,9,2010,0,1,0.5461391218705347,-0.9659397253842162,1.1638071100826008
1.9623971257156043,2,36,9,2010,0,1,0.35847394544718536,0.8892215585836787,-0.36988697896956896
1.9384129158557557,2,36,9,2010,0,1,0.8050960971586208,-1.1371458163468604,-0.45237226134399183
-0.1532543914646637,1,36,9,2010,0,1,0.23947954587148637,-0.9659397253842162,-1.541177988686372
-0.8812789017076371,0,36,9,2010,0,1,-0.507511728997991,0.5198182096218096,0.42303605804907485
0.6343900705580522,2,37,9,2010,0,0,-0.15105273467431074,-0.9656661022174645,-1.541177988686372
-0.7652654590723796,0,37,9,2010,0,0,1.0839728397765587,0.8563109406897855,0.8482343846114223
-1.2233312978149107,0,37,9,2010,0,0,1.2721622206033254,-1.1363496719402493,3.1705942057854912
-0.07023490707221185,1,37,9,2010,0,0,1.2721622206033254,-1.1363496719402493,3.1705942057854912
-0.1483451814265229,1,37,9,2010,0,0,0.656746250991559,-1.1363496719402493,0.8482343846114223
0.9579011416530114,2,37,9,2010,0,0,1.2370405255743746,1.1035086661168694,-0.6647053430691188
1.3473198337634127,2,37,9,2010,0,0,0.33121531646949237,-0.865993960338868,-0.1277527629672313
-1.3486181105998394,0,37,9,2010,0,0,1.2632507457452333,1.0786874327913751,-0.9185471475375032
-0.23540340052032,1,37,9,2010,0,0,0.33121531646949237,-0.865993960338868,0.3400186125625597
-0.25570883086971885,1,37,9,2010,0,0,0.8984044809668776,1.1509042347275327,-1.0148686708263452
1.9384129158557557,2,37,9,2010,0,0,0.3527076970095964,-1.1363496719402493,-0.45237226134399183
1.9623971257156043,2,37,9,2010,0,0,0.3721032599360322,0.889856832643201,-0.36988697896956896
0.7363931897707003,2,37,9,2010,0,0,0.026128353680695254,-0.9656661022174645,-0.06548967885234445
-0.9075748471041216,0,37,9,2010,0,0,1.4330929724523984,-1.1363496719402493,0.5198897444500101
-0.1532543914646637,1,37,9,2010,0,0,-0.1489559170606417,-0.9656661022174645,-1.541177988686372
0.573135801532393,2,37,9,2010,0,0,0.11157367143769525,-0.9656661022174645,-0.0559107428346692
-0.48283908635581385,1,37,9,2010,0,0,0.4386772191700135,0.3194469915774411,0.2772233653355797
-0.7837888727676563,0,37,9,2010,0,0,-0.012662772172175958,-0.9656661022174645,-0.06548967885234445
-0.9305589082924309,0,37,9,2010,0,0,1.2061124657727609,1.1556206726465237,-0.947283955590528
0.9403924192566392,2,37,9,2010,0,0,1.2543392708871413,1.0643948490771609,-0.23152456982537614
-0.2837710107424666,1,37,9,2010,0,0,0.01826528762943767,-1.1363496719402493,-0.8115823620068003
-0.9389381283506959,0,37,9,2010,0,0,0.22585023138263985,-0.9656661022174645,1.1638071100826008
0.6455589321870862,2,37,9,2010,0,0,1.3025660760015216,1.0555838768795263,-0.06548967885234445
0.5724470756586781,2,37,9,2010,0,0,1.3030902804049391,1.149710568452009,-0.46620850225841104
0.5116519662286834,1,37,9,2010,0,0,1.2721622206033254,-1.1363496719402493,3.1705942057854912
-0.6294758300313095,1,37,9,2010,0,0,0.10213799217618609,0.889856832643201,-0.36988697896956896
1.8019984234725068,2,37,9,2010,0,0,0.4386772191700135,0.3194469915774411,0.2772233653355797
-1.1255585835694173,0,37,9,2010,0,0,1.3025660760015216,1.0555838768795263,-0.06548967885234445
-0.9769592987077368,0,37,9,2010,0,0,1.2538150664837238,1.0326891644921867,0.07340489340394113
-1.2459385906379226,0,37,9,2010,0,0,1.2538150664837238,1.0326891644921867,0.07340489340394113
-0.034159492930900565,1,37,9,2010,0,0,0.22585023138263985,-0.865993960338868,0.11225280058673398
-0.9763164935158085,0,37,9,2010,0,0,-0.08552718424716362,0.5216998995728213,-0.7205824698388887
1.7698846401364374,2,37,9,2010,0,0,0.45387914686911196,-1.1363496719402493,-0.14424981944211615
1.6258211757285925,2,37,9,2010,0,0,1.251194044466638,1.0555838768795263,-0.06548967885234445
-0.8812789017076371,0,37,9,2010,0,0,-0.5043665025774878,0.5216998995728213,0.42303605804907485
0.22127507692775497,1,37,9,2010,0,0,0.4711778921818787,0.5216998995728213,0.42303605804907485
-1.376855708149767,0,37,9,2010,0,0,0.45387914686911196,-1.1363496719402493,-0.2224777969197941
0.06984690069365158,1,37,9,2010,0,0,0.14459854885297718,-0.9656661022174645,0.5959890694793166
0.409163668762588,1,37,9,2010,0,0,0.2211323917518851,0.5216998995728213,-0.47206229649143466
1.577114680345175,2,37,9,2010,0,0,1.4330929724523984,-1.1363496719402493,0.5198897444500101
-1.191930361324644,0,37,9,2010,0,0,1.2674443809725706,1.149710568452009,-0.46620850225841104
-0.08150143081591646,1,37,9,2010,0,0,-0.4246874332580772,-0.9656661022174645,0.11863875793185082
-1.4562002121550588,0,37,9,2010,0,0,1.6380568941885154,-1.1363496719402493,0.6774100256295525
-0.5381791422292902,1,37,9,2010,0,0,1.3025660760015216,1.0555838768795263,-0.06548967885234445
0.7468814399824394,2,37,9,2010,0,0,1.2396615475914603,1.0326891644921867,0.07340489340394113
-1.191930361324644,0,38,9,2010,0,0,0.9812287767067923,1.1516748420717233,-0.46620850225841104
-0.8812789017076371,0,38,9,2010,0,0,-0.557311147322623,0.5243419609060909,0.42303605804907485
-0.5381791422292902,1,38,9,2010,0,0,1.1851442896360742,1.0575072453166874,-0.06548967885234445
-0.9769592987077368,0,38,9,2010,0,0,1.1002231762824912,1.034596556477053,0.07340489340394113
-0.23540340052032,1,38,9,2010,0,0,0.466460052551124,-0.8660461583316023,0.3400186125625597
0.409163668762588,1,38,9,2010,0,0,0.10108958336935157,0.5243419609060909,-0.47206229649143466
-0.1532543914646637,1,38,9,2010,0,0,-0.13375398936154362,-0.9657984247734648,-1.541177988686372
-1.1255585835694173,0,38,9,2010,0,0,1.1851442896360742,1.0575072453166874,-0.06548967885234445
-0.9389381283506959,0,38,9,2010,0,0,0.36476439828819174,-0.9657984247734648,1.1638071100826008
-0.9763164935158085,0,38,9,2010,0,0,0.00044233791325346943,0.5243419609060909,-0.7205824698388887
-0.25570883086971885,1,38,9,2010,0,0,0.7353769115041356,1.1528690264606565,-1.0148686708263452
0.6455589321870862,2,38,9,2010,0,0,1.1851442896360742,1.0575072453166874,-0.06548967885234445
-0.2837710107424666,1,38,9,2010,0,0,0.010926425981597161,-1.135200888205441,-0.8115823620068003
1.7698846401364374,2,38,9,2010,0,0,0.5262193545406821,-1.135200888205441,-0.14424981944211615
-0.1483451814265229,1,38,9,2010,0,0,0.6079952414737619,-1.135200888205441,0.8482343846114223
-1.2233312978149107,0,38,9,2010,0,0,1.2365163211709571,-1.135200888205441,3.1705942057854912
-1.4562002121550588,0,38,9,2010,0,0,1.7297926647865214,-1.135200888205441,0.6774100256295525
0.5724470756586781,2,38,9,2010,0,0,1.005342179263982,1.1516748420717233,-0.46620850225841104
-0.07023490707221185,1,38,9,2010,0,0,1.2365163211709571,-1.135200888205441,3.1705942057854912
-1.2459385906379226,0,38,9,2010,0,0,1.1002231762824912,1.034596556477053,0.07340489340394113
0.06984690069365158,1,38,9,2010,0,0,0.3479898573788417,-0.9657984247734648,0.5959890694793166
1.9384129158557557,2,38,9,2010,0,0,0.1456469576598117,-1.135200888205441,-0.45237226134399183
1.8019984234725068,2,38,9,2010,0,0,0.545614917467118,0.32066274598134703,0.2772233653355797
-0.7652654590723796,0,38,9,2010,0,0,1.0084874056844852,0.8581604251237005,0.8482343846114223
1.9623971257156043,2,38,9,2010,0,0,0.5865028609336579,0.8915809052775852,-0.36988697896956896
0.5116519662286834,1,38,9,2010,0,0,1.2365163211709571,-1.135200888205441,3.1705942057854912
-1.3486181105998394,0,38,9,2010,0,0,1.066674094463792,1.080620841286892,-0.9185471475375032
1.577114680345175,2,38,9,2010,0,0,1.4451496737309937,-1.135200888205441,0.5198897444500101
1.3473198337634127,2,38,9,2010,0,0,0.466460052551124,-0.8660461583316023,-0.1277527629672313
0.9579011416530114,2,38,9,2010,0,0,0.9597363961666875,1.1054528621975515,-0.6647053430691188
-0.08150143081591646,1,38,9,2010,0,0,-0.2994025808413718,-0.9657984247734648,0.11863875793185082
0.7468814399824394,2,38,9,2010,0,0,1.0651014812535404,1.034596556477053,0.07340489340394113
0.7363931897707003,2,38,9,2010,0,0,0.2751254453038544,-0.9657984247734648,-0.06548967885234445
-0.9305589082924309,0,38,9,2010,0,0,0.9943338867922217,1.1575875136341764,-0.947283955590528
0.6343900705580522,2,38,9,2010,0,0,-0.022622655837102205,-0.9657984247734648,-1.541177988686372
-0.48283908635581385,1,38,9,2010,0,0,0.545614917467118,0.32066274598134703,0.2772233653355797
0.22127507692775497,1,38,9,2010,0,0,0.31496497996355977,0.5243419609060909,0.42303605804907485
-0.7837888727676563,0,38,9,2010,0,0,0.22794704899630852,-0.9657984247734648,-0.06548967885234445
-1.376855708149767,0,38,9,2010,0,0,0.5262193545406821,-1.135200888205441,-0.2224777969197941
0.573135801532393,2,38,9,2010,0,0,0.32073122840114865,-0.9657984247734648,-0.0559107428346692
1.6258211757285925,2,38,9,2010,0,0,1.2375647299777919,1.0575072453166874,-0.06548967885234445
0.9403924192566392,2,38,9,2010,0,0,1.1930073556873315,1.0663220505224802,-0.23152456982537614
-0.6294758300313095,1,38,9,2010,0,0,0.3605707630608544,0.8915809052775852,-0.36988697896956896
-0.034159492930900565,1,38,9,2010,0,0,0.36476439828819174,-0.8660461583316023,0.11225280058673398
-0.9075748471041216,0,38,9,2010,0,0,1.4451496737309937,-1.135200888205441,0.5198897444500101
0.6343900705580522,2,39,10,2010,0,0,0.20383364643911833,-0.9659307447517872,-1.5619323500580007
1.577114680345175,2,39,10,2010,0,0,1.4587789882198405,-1.134052101892954,0.4155857744797725
-0.7837888727676563,0,39,10,2010,0,0,0.07907299842583004,-0.9659307447517872,-0.08251889843932207
0.9403924192566392,2,39,10,2010,0,0,0.7186023705947863,1.0682492493901201,-0.2043842511086305
0.409163668762588,1,39,10,2010,0,0,0.23528591064414903,0.5269840222393597,-0.379998078099337
-0.6294758300313095,1,39,10,2010,0,0,-0.032582539502028454,0.8933049779119693,-0.3927699927895702
-0.9075748471041216,0,39,10,2010,0,0,1.4587789882198405,-1.134052101892954,0.4155857744797725
1.3473198337634127,2,39,10,2010,0,0,0.629487622013866,-0.8660983563243365,-0.10699840159560203
0.7363931897707003,2,39,10,2010,0,0,0.09060549530100788,-0.9659307447517872,-0.08251889843932207
-0.9389381283506959,0,39,10,2010,0,0,0.5833576345131547,-0.9659307447517872,1.2250058679733007
-1.1255585835694173,0,39,10,2010,0,0,0.6342054616446208,1.0594306163315272,-0.03143123967838924
-1.376855708149767,0,39,10,2010,0,0,0.5534779835183752,-1.134052101892954,-0.32571744066584574
0.5116519662286834,1,39,10,2010,0,0,1.4163184315430493,-1.134052101892954,3.2413718996938674
0.06984690069365158,1,39,10,2010,0,0,0.5021059519834924,-0.9659307447517872,0.5901352752462925
0.6455589321870862,2,39,10,2010,0,0,0.6342054616446208,1.0594306163315272,-0.03143123967838924
-0.5381791422292902,1,39,10,2010,0,0,0.6342054616446208,1.0594306163315272,-0.03143123967838924
-0.2837710107424666,1,39,10,2010,0,0,0.0989927657556829,-1.134052101892954,-0.7115356969333071
0.5724470756586781,2,39,10,2010,0,0,0.8873961884951173,1.1536391156914372,-0.3501969438221262
-0.08150143081591646,1,39,10,2010,0,0,-0.02000163382001647,-0.9659307447517872,-0.038881523247692534
-0.48283908635581385,1,39,10,2010,0,0,0.6499315937471359,0.32187850296293147,0.2671122662058117
-0.034159492930900565,1,39,10,2010,0,0,0.5833576345131547,-0.8660983563243365,0.18622347316766755
0.22127507692775497,1,39,10,2010,0,0,0.41718483862990946,0.5269840222393597,0.4868956315002414
0.7468814399824394,2,39,10,2010,0,0,0.7631597448852461,1.0365039458842409,0.13513581440673567
-0.9305589082924309,0,39,10,2010,0,0,0.5713009332345594,1.1595543546218297,-0.8844887083635484
-1.191930361324644,0,39,10,2010,0,0,0.8082413235791233,1.1536391156914372,-0.3501969438221262
1.8019984234725068,2,39,10,2010,0,0,0.6499315937471359,0.32187850296293147,0.2671122662058117
-0.9769592987077368,0,39,10,2010,0,0,0.8638069903413441,1.0365039458842409,0.13513581440673567
1.9384129158557557,2,39,10,2010,0,0,0.30290827868496484,-1.134052101892954,-0.5827522238067891
-0.8812789017076371,0,39,10,2010,0,0,-0.42940527288883157,0.5269840222393597,0.4868956315002414
-0.1532543914646637,1,39,10,2010,0,0,0.20068842001861514,-0.9659307447517872,-1.5619323500580007
-1.2459385906379226,0,39,10,2010,0,0,0.8638069903413441,1.0365039458842409,0.13513581440673567
-0.25570883086971885,1,39,10,2010,0,0,0.5513811659047069,1.1548338207714588,-0.9520734235993656
1.6258211757285925,2,39,10,2010,0,0,0.579688203689234,1.0594306163315272,-0.03143123967838924
0.573135801532393,2,39,10,2010,0,0,0.45597596448278027,-0.9659307447517872,0.02817102887603239
-0.9763164935158085,0,39,10,2010,0,0,0.06334686632331488,0.5269840222393597,-0.6577872226119091
1.7698846401364374,2,39,10,2010,0,0,0.5534779835183752,-1.134052101892954,-0.22726726492863175
-0.1483451814265229,1,39,10,2010,0,0,0.6263423955933628,-1.134052101892954,1.057906650776084
0.9579011416530114,2,39,10,2010,0,0,0.6556978421847249,1.1073970582782326,-0.6466117972579551
-0.07023490707221185,1,39,10,2010,0,0,1.4163184315430493,-1.134052101892954,3.2413718996938674
-0.23540340052032,1,39,10,2010,0,0,0.629487622013866,-0.8660983563243365,0.28786662757744047
-1.4562002121550588,0,39,10,2010,0,0,1.7439461836787848,-1.134052101892954,0.5550125098481518
-0.7652654590723796,0,39,10,2010,0,0,1.0352218302587617,0.8600099095576155,1.057906650776084
1.9623971257156043,2,39,10,2010,0,0,0.1519374105008177,0.8933049779119693,-0.3927699927895702
-1.3486181105998394,0,39,10,2010,0,0,0.677190222724829,1.0825542523600875,-0.773798781048194
-1.2233312978149107,0,39,10,2010,0,0,1.4163184315430493,-1.134052101892954,3.2413718996938674
-0.034159492930900565,1,40,10,2010,0,0,-0.09758388552575852,-0.8661505543170708,0.18622347316766755
1.9623971257156043,2,40,10,2010,0,0,-0.3502504079728379,0.8950290505463527,-0.3927699927895702
-0.08150143081591646,1,40,10,2010,0,0,-0.5961022731754939,-0.9660630647301096,-0.038881523247692534
1.3473198337634127,2,40,10,2010,0,0,-0.021050042626850615,-0.8661505543170708,-0.10699840159560203
0.7363931897707003,2,40,10,2010,0,0,-0.23282862160739012,-0.9660630647301096,-0.08251889843932207
-0.7837888727676563,0,40,10,2010,0,0,-0.3140803041370528,-0.9660630647301096,-0.08251889843932207
0.6343900705580522,2,40,10,2010,0,0,-0.3895657382291262,-0.9660630647301096,-1.5619323500580007
-0.5381791422292902,1,40,10,2010,0,0,0.39726507130005695,1.0613539873463669,-0.03143123967838924
-0.6294758300313095,1,40,10,2010,0,0,-0.5096085466116597,0.8950290505463527,-0.3927699927895702
0.22127507692775497,1,40,10,2010,0,0,0.19020433195027184,0.5296260835726292,0.4868956315002414
1.8019984234725068,2,40,10,2010,0,0,-0.08867241066766642,0.3230942573668374,0.2671122662058117
0.5116519662286834,1,40,10,2010,0,0,0.7149329397708657,-1.1329033155804666,3.2413718996938674
0.06984690069365158,1,40,10,2010,0,0,-0.18093238566908987,-0.9660630647301096,0.5901352752462925
0.6455589321870862,2,40,10,2010,0,0,0.39726507130005695,1.0613539873463669,-0.03143123967838924
-0.1483451814265229,1,40,10,2010,0,0,0.3684338291121116,-1.1329033155804666,1.057906650776084
1.7698846401364374,2,40,10,2010,0,0,0.25415726916716735,-1.1329033155804666,-0.22726726492863175
-0.9389381283506959,0,40,10,2010,0,0,-0.09758388552575852,-0.9660630647301096,1.2250058679733007
-0.2837710107424666,1,40,10,2010,0,0,-0.006372319331169595,-1.1329033155804666,-0.7115356969333071
-0.9763164935158085,0,40,10,2010,0,0,-0.20399737941944554,0.5296260835726292,-0.6577872226119091
-1.1255585835694173,0,40,10,2010,0,0,0.39726507130005695,1.0613539873463669,-0.03143123967838924
0.573135801532393,2,40,10,2010,0,0,-0.17621454603833508,-0.9660630647301096,0.02817102887603239
-1.4562002121550588,0,40,10,2010,0,0,1.0923601102312333,-1.1329033155804666,0.5550125098481518
-0.07023490707221185,1,40,10,2010,0,0,0.7149329397708657,-1.1329033155804666,3.2413718996938674
1.577114680345175,2,40,10,2010,0,0,0.9885676383546328,-1.1329033155804666,0.4155857744797725
0.9579011416530114,2,40,10,2010,0,0,0.3684338291121116,1.109341256936593,-0.6466117972579551
0.409163668762588,1,40,10,2010,0,0,-0.05669594205921864,0.5296260835726292,-0.379998078099337
0.5724470756586781,2,40,10,2010,0,0,0.5519053703081236,1.1556033893111515,-0.3501969438221262
-1.2459385906379226,0,40,10,2010,0,0,0.4276689266982531,1.038411337869107,0.13513581440673567
0.9403924192566392,2,40,10,2010,0,0,0.30133566547471324,1.0701764482577603,-0.2043842511086305
-0.48283908635581385,1,40,10,2010,0,0,-0.08867241066766642,0.3230942573668374,0.2671122662058117
1.6258211757285925,2,40,10,2010,0,0,0.26254453962184204,1.0613539873463669,-0.03143123967838924
-0.1532543914646637,1,40,10,2010,0,0,-0.32299177899514453,-0.9660630647301096,-1.5619323500580007
-0.8812789017076371,0,40,10,2010,0,0,-0.7365890532912973,0.5296260835726292,0.4868956315002414
-0.9769592987077368,0,40,10,2010,0,0,0.4276689266982531,1.038411337869107,0.13513581440673567
-1.376855708149767,0,40,10,2010,0,0,0.25415726916716735,-1.1329033155804666,-0.32571744066584574
-1.191930361324644,0,40,10,2010,0,0,0.4617422129203692,1.1556033893111515,-0.3501969438221262
-0.9305589082924309,0,40,10,2010,0,0,0.3757726907599521,1.1615211981871614,-0.8844887083635484
-1.2233312978149107,0,40,10,2010,0,0,0.7149329397708657,-1.1329033155804666,3.2413718996938674
-0.23540340052032,1,40,10,2010,0,0,-0.021050042626850615,-0.8661505543170708,0.28786662757744047
-0.7652654590723796,0,40,10,2010,0,0,0.7668291757091666,0.8618593939915297,1.057906650776084
-0.9075748471041216,0,40,10,2010,0,0,0.9885676383546328,-1.1329033155804666,0.4155857744797725
-0.25570883086971885,1,40,10,2010,0,0,0.2494394295364126,1.1567986125045826,-0.9520734235993656
0.7468814399824394,2,40,10,2010,0,0,0.34694144857200754,1.038411337869107,0.13513581440673567
-1.3486181105998394,0,40,10,2010,0,0,0.35690133223693377,1.0844876634332825,-0.773798781048194
1.9384129158557557,2,40,10,2010,0,0,0.5005333387732408,-1.1329033155804666,-0.5827522238067891
-0.2837710107424666,1,41,10,2010,0,0,-0.5677952353909663,-1.1316786424084195,-0.7115356969333071
1.6258211757285925,2,41,10,2010,0,0,0.39936188891372526,1.0630768562048194,-0.03143123967838924
0.7363931897707003,2,41,10,2010,0,0,-0.3596860872343471,-0.9657617830714048,-0.08251889843932207
0.6455589321870862,2,41,10,2010,0,0,0.5466633262739521,1.0630768562048194,-0.03143123967838924
1.3473198337634127,2,41,10,2010,0,0,0.010402221578180089,-0.8658293394693384,-0.10699840159560203
-0.034159492930900565,1,41,10,2010,0,0,-0.154722165498231,-0.8658293394693384,0.18622347316766755
1.7698846401364374,2,41,10,2010,0,0,-0.21290885427753764,-1.1316786424084195,-0.22726726492863175
-1.3486181105998394,0,41,10,2010,0,0,0.5204531061030933,1.0862207527875969,-0.773798781048194
-0.9763164935158085,0,41,10,2010,0,0,-0.6909832701940031,0.5318425495387696,-0.6577872226119091
0.7468814399824394,2,41,10,2010,0,0,0.6174309207352707,1.0401165908716419,0.13513581440673567
0.5724470756586781,2,41,10,2010,0,0,0.6960615812478473,1.157367897990574,-0.3501969438221262
0.06984690069365158,1,41,10,2010,0,0,-0.32299177899514453,-0.9657617830714048,0.5901352752462925
0.409163668762588,1,41,10,2010,0,0,-0.43359890811616925,0.5318425495387696,-0.379998078099337
0.9579011416530114,2,41,10,2010,0,0,0.5634378671833021,1.1110853246242924,-0.6466117972579551
0.573135801532393,2,41,10,2010,0,0,-0.2805312223183534,-0.9657617830714048,0.02817102887603239
-0.48283908635581385,1,41,10,2010,0,0,0.022458922856774997,0.32429589640243717,0.2671122662058117
-1.2459385906379226,0,41,10,2010,0,0,0.7018278296854362,1.0401165908716419,0.13513581440673567
-1.4562002121550588,0,41,10,2010,0,0,1.1694181575335583,-1.1316786424084195,0.5550125098481518
-0.9075748471041216,0,41,10,2010,0,0,0.9067917514215531,-1.1316786424084195,0.4155857744797725
-0.8812789017076371,0,41,10,2010,0,0,-1.170106094917303,0.5318425495387696,0.4868956315002414
-0.7837888727676563,0,41,10,2010,0,0,-0.43097788609908316,-0.9657617830714048,-0.08251889843932207
-1.2233312978149107,0,41,10,2010,0,0,0.8816299400575284,-1.1316786424084195,3.2413718996938674
1.9623971257156043,2,41,10,2010,0,0,0.05181436944813703,0.896621584239047,-0.3927699927895702
-0.7652654590723796,0,41,10,2010,0,0,0.5555748011320443,0.8635277861893188,1.057906650776084
-0.9305589082924309,0,41,10,2010,0,0,0.481137775846805,1.1632883180550595,-0.8844887083635484
-0.08150143081591646,1,41,10,2010,0,0,-0.9567549027265119,-0.9657617830714048,-0.038881523247692534
-1.1255585835694173,0,41,10,2010,0,0,0.5466633262739521,1.0630768562048194,-0.03143123967838924
0.22127507692775497,1,41,10,2010,0,0,-0.27371656507393,0.5318425495387696,0.4868956315002414
0.5116519662286834,1,41,10,2010,0,0,0.8816299400575284,-1.1316786424084195,3.2413718996938674
-1.191930361324644,0,41,10,2010,0,0,0.6043258106498414,1.157367897990574,-0.3501969438221262
-1.376855708149767,0,41,10,2010,0,0,-0.21290885427753764,-1.1316786424084195,-0.32571744066584574
-0.1483451814265229,1,41,10,2010,0,0,0.07278254558482405,-1.1316786424084195,1.057906650776084
1.8019984234725068,2,41,10,2010,0,0,0.022458922856774997,0.32429589640243717,0.2671122662058117
-0.9769592987077368,0,41,10,2010,0,0,0.7018278296854362,1.0401165908716419,0.13513581440673567
1.9384129158557557,2,41,10,2010,0,0,0.20173682882544966,-1.1316786424084195,-0.5827522238067891
1.577114680345175,2,41,10,2010,0,0,0.9067917514215531,-1.1316786424084195,0.4155857744797725
-0.6294758300313095,1,41,10,2010,0,0,-0.21448146748778885,0.896621584239047,-0.3927699927895702
-0.1532543914646637,1,41,10,2010,0,0,-0.7140482639443587,-0.9657617830714048,-1.5619323500580007
-0.5381791422292902,1,41,10,2010,0,0,0.5466633262739521,1.0630768562048194,-0.03143123967838924
-0.23540340052032,1,41,10,2010,0,0,0.010402221578180089,-0.8658293394693384,0.28786662757744047
-0.25570883086971885,1,41,10,2010,0,0,0.2310922754168117,1.15856364703045,-0.9520734235993656
0.9403924192566392,2,41,10,2010,0,0,0.47170209658529616,1.0719032145663379,-0.2043842511086305
0.6343900705580522,2,41,10,2010,0,0,-0.6621520280060584,-0.9657617830714048,-1.5619323500580007
-0.07023490707221185,1,41,10,2010,0,0,0.8816299400575284,-1.1316786424084195,3.2413718996938674
-0.9389381283506959,0,41,10,2010,0,0,-0.154722165498231,-0.9657617830714048,1.2250058679733007
0.5724470756586781,2,42,10,2010,0,0,0.7558208832374055,1.1586329865862302,-0.3501969438221262
1.8019984234725068,2,42,10,2010,0,0,-0.26375668140900377,0.32546224959494824,0.2671122662058117
-0.9389381283506959,0,42,10,2010,0,0,-0.41630016280340215,-0.9643764870094196,1.2250058679733007
-0.1532543914646637,1,42,10,2010,0,0,-0.8875599214754445,-0.9643764870094196,-1.5619323500580007
-0.9769592987077368,0,42,10,2010,0,0,0.7369495247143872,1.0413165002848646,0.13513581440673567
-1.3486181105998394,0,42,10,2010,0,0,0.6698513610769885,1.0874530404223868,-0.773798781048194
-0.25570883086971885,1,42,10,2010,0,0,0.24524579430907528,1.1598292872493374,-0.9520734235993656
-0.8812789017076371,0,42,10,2010,0,0,-1.1187340633824194,0.5329950219317312,0.4868956315002414
-0.48283908635581385,1,42,10,2010,0,0,-0.26375668140900377,0.32546224959494824,0.2671122662058117
1.577114680345175,2,42,10,2010,0,0,0.5209773105065107,-1.1302642443544357,0.4155857744797725
0.573135801532393,2,42,10,2010,0,0,-0.4975518453330648,-0.9643764870094196,0.02817102887603239
0.6455589321870862,2,42,10,2010,0,0,0.6572704553949765,1.0642984748276627,-0.03143123967838924
1.6258211757285925,2,42,10,2010,0,0,0.5408970778363632,1.0642984748276627,-0.03143123967838924
-0.2837710107424666,1,42,10,2010,0,0,-0.5363429711859357,-1.1302642443544357,-0.7115356969333071
-0.9305589082924309,0,42,10,2010,0,0,0.6190035339455223,1.1645561364124102,-0.8844887083635484
-1.2233312978149107,0,42,10,2010,0,0,0.5592442319559641,-1.1302642443544357,3.2413718996938674
1.9384129158557557,2,42,10,2010,0,0,0.3139165711567256,-1.1302642443544357,-0.5827522238067891
1.3473198337634127,2,42,10,2010,0,0,-0.28105542672177053,-0.8645745899427617,-0.10699840159560203
0.9579011416530114,2,42,10,2010,0,0,0.6703755654804059,1.1123290777737334,-0.6466117972579551
-0.7837888727676563,0,42,10,2010,0,0,-0.5809003454763958,-0.9643764870094196,-0.08251889843932207
-1.376855708149767,0,42,10,2010,0,0,-0.06770423453097942,-1.1302642443544357,-0.32571744066584574
0.409163668762588,1,42,10,2010,0,0,-0.5290041095380952,0.5329950219317312,-0.379998078099337
0.06984690069365158,1,42,10,2010,0,0,-0.5798519366695616,-0.9643764870094196,0.5901352752462925
0.7363931897707003,2,42,10,2010,0,0,-0.5101327510150768,-0.9643764870094196,-0.08251889843932207
-0.07023490707221185,1,42,10,2010,0,0,0.5592442319559641,-1.1302642443544357,3.2413718996938674
0.6343900705580522,2,42,10,2010,0,0,-0.7858642672125122,-0.9643764870094196,-1.5619323500580007
-0.034159492930900565,1,42,10,2010,0,0,-0.41630016280340215,-0.8645745899427617,0.18622347316766755
1.7698846401364374,2,42,10,2010,0,0,-0.06770423453097942,-1.1302642443544357,-0.22726726492863175
0.22127507692775497,1,42,10,2010,0,0,-0.3083140556994639,0.5329950219317312,0.4868956315002414
-1.1255585835694173,0,42,10,2010,0,0,0.6572704553949765,1.0642984748276627,-0.03143123967838924
0.9403924192566392,2,42,10,2010,0,0,0.6121888767010992,1.0731289033437745,-0.2043842511086305
-0.23540340052032,1,42,10,2010,0,0,-0.28105542672177053,-0.8645745899427617,0.28786662757744047
1.9623971257156043,2,42,10,2010,0,0,-0.4016224395077211,0.8978852757328731,-0.3927699927895702
0.7468814399824394,2,42,10,2010,0,0,0.7102151001401117,1.0413165002848646,0.13513581440673567
-1.4562002121550588,0,42,10,2010,0,0,0.8396935877841544,-1.1302642443544357,0.5550125098481518
-0.5381791422292902,1,42,10,2010,0,0,0.6572704553949765,1.0642984748276627,-0.03143123967838924
-0.7652654590723796,0,42,10,2010,0,0,0.5912207005644119,0.8647434529521506,1.057906650776084
-1.191930361324644,0,42,10,2010,0,0,0.7054972605093569,1.1586329865862302,-0.3501969438221262
-0.9763164935158085,0,42,10,2010,0,0,-0.6464258959035429,0.5329950219317312,-0.6577872226119091
0.5116519662286834,1,42,10,2010,0,0,0.5592442319559641,-1.1302642443544357,3.2413718996938674
-1.2459385906379226,0,42,10,2010,0,0,0.7369495247143872,1.0413165002848646,0.13513581440673567
-0.1483451814265229,1,42,10,2010,0,0,-0.003751297314083858,-1.1302642443544357,1.057906650776084
-0.08150143081591646,1,42,10,2010,0,0,-1.155952576025039,-0.9643764870094196,-0.038881523247692534
-0.6294758300313095,1,42,10,2010,0,0,-0.6002959084028315,0.8978852757328731,-0.3927699927895702
-0.9075748471041216,0,42,10,2010,0,0,0.5209773105065107,-1.1302642443544357,0.4155857744797725
-1.2459385906379226,0,43,10,2010,0,0,0.9455828772744239,1.0425164096980872,0.13513581440673567
1.9623971257156043,2,43,10,2010,0,0,-0.032582539502028454,0.8991489698043778,-0.3927699927895702
0.5724470756586781,2,43,10,2010,0,0,0.840217792187571,1.1598980751818861,-0.3501969438221262
-1.3486181105998394,0,43,10,2010,0,0,0.6499315937471359,1.0886853306348552,-0.773798781048194
-1.4562002121550588,0,43,10,2010,0,0,0.6897711284068417,-1.1288498463004517,0.5550125098481518
1.9384129158557557,2,43,10,2010,0,0,-0.06508321251389367,-1.1288498463004517,-0.5827522238067891
-0.8812789017076371,0,43,10,2010,0,0,-1.226720170486358,0.5341474917470144,0.4868956315002414
-0.1532543914646637,1,43,10,2010,0,0,-0.5809003454763958,-0.9629911935251128,-1.5619323500580007
-1.376855708149767,0,43,10,2010,0,0,-0.684692817352997,-1.1288498463004517,-0.32571744066584574
0.9403924192566392,2,43,10,2010,0,0,0.6006563798259215,1.0743545921212112,-0.2043842511086305
0.06984690069365158,1,43,10,2010,0,0,-0.12222149248636578,-0.9629911935251128,0.5901352752462925
1.7698846401364374,2,43,10,2010,0,0,-0.684692817352997,-1.1288498463004517,-0.22726726492863175
0.6455589321870862,2,43,10,2010,0,0,0.4890008418980629,1.0655200960281839,-0.03143123967838924
-0.07023490707221185,1,43,10,2010,0,0,0.15246161490423513,-1.1288498463004517,3.2413718996938674
1.6258211757285925,2,43,10,2010,0,0,0.4224268826640809,1.0655200960281839,-0.03143123967838924
0.409163668762588,1,43,10,2010,0,0,-0.8398573207644815,0.5341474917470144,-0.379998078099337
-0.25570883086971885,1,43,10,2010,0,0,-0.013186976575593031,1.1610949274682256,-0.9520734235993656
0.22127507692775497,1,43,10,2010,0,0,-0.6673940720402299,0.5341474917470144,0.4868956315002414
-1.1255585835694173,0,43,10,2010,0,0,0.4890008418980629,1.0655200960281839,-0.03143123967838924
-0.23540340052032,1,43,10,2010,0,0,0.1487921840803149,-0.8633198429938636,0.28786662757744047
0.7468814399824394,2,43,10,2010,0,0,0.8889688017053688,1.0425164096980872,0.13513581440673567
-1.191930361324644,0,43,10,2010,0,0,0.7264654366460442,1.1598980751818861,-0.3501969438221262
-0.1483451814265229,1,43,10,2010,0,0,-0.3879931250188746,-1.1288498463004517,1.057906650776084
-0.5381791422292902,1,43,10,2010,0,0,0.4890008418980629,1.0655200960281839,-0.03143123967838924
-0.9075748471041216,0,43,10,2010,0,0,0.5545263923252101,-1.1288498463004517,0.4155857744797725
-0.7652654590723796,0,43,10,2010,0,0,0.40355552414106255,0.8659591197149824,1.057906650776084
-0.9763164935158085,0,43,10,2010,0,0,-1.1753481389514748,0.5341474917470144,-0.6577872226119091
0.5116519662286834,1,43,10,2010,0,0,0.15246161490423513,-1.1288498463004517,3.2413718996938674
-0.08150143081591646,1,43,10,2010,0,0,-0.9373593398000765,-0.9629911935251128,-0.038881523247692534
-0.6294758300313095,1,43,10,2010,0,0,-0.12903614973078922,0.8991489698043778,-0.3927699927895702
0.9579011416530114,2,43,10,2010,0,0,0.6399717100822098,1.1135728283454955,-0.6466117972579551
1.8019984234725068,2,43,10,2010,0,0,0.16346990737599554,0.32662860020978,0.2671122662058117
-0.034159492930900565,1,43,10,2010,0,0,-0.023671064643936722,-0.8633198429938636,0.18622347316766755
-0.7837888727676563,0,43,10,2010,0,0,-0.16206102714607115,-0.9629911935251128,-0.08251889843932207
1.3473198337634127,2,43,10,2010,0,0,0.1487921840803149,-0.8633198429938636,-0.10699840159560203
0.7363931897707003,2,43,10,2010,0,0,-0.10859217799751929,-0.9629911935251128,-0.08251889843932207
-0.9305589082924309,0,43,10,2010,0,0,0.32754588564557247,1.1658239547697604,-0.8844887083635484
-1.2233312978149107,0,43,10,2010,0,0,0.15246161490423513,-1.1288498463004517,3.2413718996938674
1.577114680345175,2,43,10,2010,0,0,0.5545263923252101,-1.1288498463004517,0.4155857744797725
-0.48283908635581385,1,43,10,2010,0,0,0.16346990737599554,0.32662860020978,0.2671122662058117
-0.9389381283506959,0,43,10,2010,0,0,-0.023671064643936722,-0.9629911935251128,1.2250058679733007
-0.9769592987077368,0,43,10,2010,0,0,0.9455828772744239,1.0425164096980872,0.13513581440673567
0.6343900705580522,2,43,10,2010,0,0,-0.4980760497364819,-0.9629911935251128,-1.5619323500580007
0.573135801532393,2,43,10,2010,0,0,-0.0467360583942924,-0.9629911935251128,0.02817102887603239
-0.2837710107424666,1,43,10,2010,0,0,-0.9599001291470151,-1.1288498463004517,-0.7115356969333071
1.6258211757285925,2,44,11,2010,1,0,-0.01738061180293036,1.0667417146510272,-0.03143123967838924
1.9384129158557557,2,44,11,2010,1,0,-0.3450083639386661,-1.1274354508241466,-0.5827522238067891
-0.07023490707221185,1,44,11,2010,1,0,0.3831115524077926,-1.1274354508241466,3.2413718996938674
-0.7837888727676563,0,44,11,2010,1,0,-0.9378835442034935,-0.9616059000408059,-0.08251889843932207
1.9623971257156043,2,44,11,2010,1,0,-0.8073566477526163,0.9004126612982031,-0.3927699927895702
0.22127507692775497,1,44,11,2010,1,0,-0.4708174207587885,0.5352999641399759,0.4868956315002414
-1.1255585835694173,0,44,11,2010,1,0,0.027700966890946845,1.0667417146510272,-0.03143123967838924
-1.191930361324644,0,44,11,2010,1,0,0.2494394295364126,1.1611631637775424,-0.3501969438221262
-0.5381791422292902,1,44,11,2010,1,0,0.027700966890946845,1.0667417146510272,-0.03143123967838924
-0.7652654590723796,0,44,11,2010,1,0,0.22742284459289144,0.8671747864778142,1.057906650776084
0.5116519662286834,1,44,11,2010,1,0,0.3831115524077926,-1.1274354508241466,3.2413718996938674
-0.08150143081591646,1,44,11,2010,1,0,-1.4505554507454925,-0.9616059000408059,-0.038881523247692534
1.8019984234725068,2,44,11,2010,1,0,-0.6569099839718866,0.3277949534022911,0.2671122662058117
0.6343900705580522,2,44,11,2010,1,0,-1.1313149690644317,-0.9616059000408059,-1.5619323500580007
-0.9769592987077368,0,44,11,2010,1,0,0.23790693266123478,1.0437163191113106,0.13513581440673567
-0.9305589082924309,0,44,11,2010,1,0,0.026652558084112325,1.1670917731271104,-0.8844887083635484
-1.2233312978149107,0,44,11,2010,1,0,0.3831115524077926,-1.1274354508241466,3.2413718996938674
-0.6294758300313095,1,44,11,2010,1,0,-1.015990000312653,0.9004126612982031,-0.3927699927895702
-1.376855708149767,0,44,11,2010,1,0,-0.43097788609908316,-1.1274354508241466,-0.32571744066584574
-1.3486181105998394,0,44,11,2010,1,0,0.036612441749038944,1.089917618269645,-0.773798781048194
-0.8812789017076371,0,44,11,2010,1,0,-0.45823651507677654,0.5352999641399759,0.4868956315002414
-0.1532543914646637,1,44,11,2010,1,0,-1.1391780351156893,-0.9616059000408059,-1.5619323500580007
-1.4562002121550588,0,44,11,2010,1,0,0.841266200994406,-1.1274354508241466,0.5550125098481518
1.577114680345175,2,44,11,2010,1,0,0.6740449963043266,-1.1274354508241466,0.4155857744797725
-0.034159492930900565,1,44,11,2010,1,0,-0.7255807608195366,-0.8620650960449653,0.18622347316766755
-0.2837710107424666,1,44,11,2010,1,0,-0.8199375534346287,-1.1274354508241466,-0.7115356969333071
-0.9763164935158085,0,44,11,2010,1,0,-0.9562306983230948,0.5352999641399759,-0.6577872226119091
-0.9075748471041216,0,44,11,2010,1,0,0.6740449963043266,-1.1274354508241466,0.4155857744797725
0.573135801532393,2,44,11,2010,1,0,-0.8377605031508125,-0.9616059000408059,0.02817102887603239
-0.9389381283506959,0,44,11,2010,1,0,-0.7255807608195366,-0.9616059000408059,1.2250058679733007
0.409163668762588,1,44,11,2010,1,0,-0.5997717039994142,0.5352999641399759,-0.379998078099337
-0.48283908635581385,1,44,11,2010,1,0,-0.6569099839718866,0.3277949534022911,0.2671122662058117
0.06984690069365158,1,44,11,2010,1,0,-0.8456235692020705,-0.9616059000408059,0.5901352752462925
0.9579011416530114,2,44,11,2010,1,0,0.0900812908975908,1.1148165814949365,-0.6466117972579551
0.5724470756586781,2,44,11,2010,1,0,0.3264974768387376,1.1611631637775424,-0.3501969438221262
0.9403924192566392,2,44,11,2010,1,0,0.029273580101198435,1.0755802808986479,-0.2043842511086305
-1.2459385906379226,0,44,11,2010,1,0,0.23790693266123478,1.0437163191113106,0.13513581440673567
0.6455589321870862,2,44,11,2010,1,0,0.027700966890946845,1.0667417146510272,-0.03143123967838924
1.7698846401364374,2,44,11,2010,1,0,-0.43097788609908316,-1.1274354508241466,-0.22726726492863175
0.7468814399824394,2,44,11,2010,1,0,0.18024444828534522,1.0437163191113106,0.13513581440673567
-0.1483451814265229,1,44,11,2010,1,0,-0.3014993984550405,-1.1274354508241466,1.057906650776084
-0.23540340052032,1,44,11,2010,1,0,-0.6432806694830401,-0.8620650960449653,0.28786662757744047
1.3473198337634127,2,44,11,2010,1,0,-0.6432806694830401,-0.8620650960449653,-0.10699840159560203
0.7363931897707003,2,44,11,2010,1,0,-0.8597770880943341,-0.9616059000408059,-0.08251889843932207
-0.25570883086971885,1,44,11,2010,1,0,-0.12693933211712055,1.1623605676871138,-0.9520734235993656
0.5116519662286834,1,45,11,2010,1,0,-0.02052583822343354,-1.1260210527701633,3.2413718996938674
0.9579011416530114,2,45,11,2010,1,0,0.205930464052787,1.1160603320666986,-0.6466117972579551
0.7363931897707003,2,45,11,2010,1,0,-0.9373593398000765,-0.9602206039788207,-0.08251889843932207
-1.191930361324644,0,45,11,2010,1,0,0.24157636348515502,1.1624282523731986,-0.3501969438221262
-0.08150143081591646,1,45,11,2010,1,0,-1.0836123683534689,-0.9602206039788207,-0.038881523247692534
1.8019984234725068,2,45,11,2010,1,0,-0.6312239682044448,0.3289613040171236,0.2671122662058117
-1.3486181105998394,0,45,11,2010,1,0,0.2195597785416335,1.0911499084821135,-0.773798781048194
-0.9763164935158085,0,45,11,2010,1,0,-1.2655112963392292,0.5364524365329375,-0.6577872226119091
-0.9769592987077368,0,45,11,2010,1,0,0.19859160240494647,1.0449162285245333,0.13513581440673567
-1.376855708149767,0,45,11,2010,1,0,-0.8194133490312115,-1.1260210527701633,-0.32571744066584574
0.06984690069365158,1,45,11,2010,1,0,-0.7869126760193463,-0.9602206039788207,0.5901352752462925
0.5724470756586781,2,45,11,2010,1,0,0.291375781809787,1.1624282523731986,-0.3501969438221262
-0.48283908635581385,1,45,11,2010,1,0,-0.6312239682044448,0.3289613040171236,0.2671122662058117
-0.25570883086971885,1,45,11,2010,1,0,-0.17254511521441485,1.1636262079060014,-0.9520734235993656
-0.6294758300313095,1,45,11,2010,1,0,-0.9174395724702236,0.9016763527920292,-0.3927699927895702
0.22127507692775497,1,45,11,2010,1,0,-0.832518459116641,0.5364524365329375,0.4868956315002414
1.577114680345175,2,45,11,2010,1,0,0.1603246809554927,-1.1260210527701633,0.4155857744797725
-0.7837888727676563,0,45,11,2010,1,0,-0.972481034829027,-0.9602206039788207,-0.08251889843932207
-0.9075748471041216,0,45,11,2010,1,0,0.1603246809554927,-1.1260210527701633,0.4155857744797725
-0.8812789017076371,0,45,11,2010,1,0,-1.8903629452125041,0.5364524365329375,0.4868956315002414
-0.9305589082924309,0,45,11,2010,1,0,0.178671835075094,1.1683595914844607,-0.8844887083635484
0.573135801532393,2,45,11,2010,1,0,-0.8608254969011685,-0.9602206039788207,0.02817102887603239
-0.034159492930900565,1,45,11,2010,1,0,-0.7213871255921992,-0.8608103490960671,0.18622347316766755
0.9403924192566392,2,45,11,2010,1,0,0.07487936319849271,1.0768059696760846,-0.2043842511086305
-0.07023490707221185,1,45,11,2010,1,0,-0.02052583822343354,-1.1260210527701633,3.2413718996938674
1.3473198337634127,2,45,11,2010,1,0,-0.6438048738864571,-0.8608103490960671,-0.10699840159560203
-1.2233312978149107,0,45,11,2010,1,0,-0.02052583822343354,-1.1260210527701633,3.2413718996938674
1.7698846401364374,2,45,11,2010,1,0,-0.8194133490312115,-1.1260210527701633,-0.22726726492863175
-1.1255585835694173,0,45,11,2010,1,0,0.14512275325639462,1.0679633332738698,-0.03143123967838924
-0.2837710107424666,1,45,11,2010,1,0,-1.1459926923601127,-1.1260210527701633,-0.7115356969333071
-0.1532543914646637,1,45,11,2010,1,0,-1.0317161324151682,-0.9602206039788207,-1.5619323500580007
-0.9389381283506959,0,45,11,2010,1,0,-0.7213871255921992,-0.9602206039788207,1.2250058679733007
-0.7652654590723796,0,45,11,2010,1,0,0.09427492612492813,0.868390453240646,1.057906650776084
1.9623971257156043,2,45,11,2010,1,0,-0.8283248238893033,0.9016763527920292,-0.3927699927895702
-0.5381791422292902,1,45,11,2010,1,0,0.14512275325639462,1.0679633332738698,-0.03143123967838924
-0.1483451814265229,1,45,11,2010,1,0,-0.575658301442224,-1.1260210527701633,1.057906650776084
-0.23540340052032,1,45,11,2010,1,0,-0.6438048738864571,-0.8608103490960671,0.28786662757744047
0.7468814399824394,2,45,11,2010,1,0,0.21117250808695884,1.0449162285245333,0.13513581440673567
-1.4562002121550588,0,45,11,2010,1,0,0.3684338291121116,-1.1260210527701633,0.5550125098481518
-1.2459385906379226,0,45,11,2010,1,0,0.19859160240494647,1.0449162285245333,0.13513581440673567
1.6258211757285925,2,45,11,2010,1,0,0.07907299842583004,1.0679633332738698,-0.03143123967838924
0.409163668762588,1,45,11,2010,1,0,-1.0060301166477263,0.5364524365329375,-0.379998078099337
0.6343900705580522,2,45,11,2010,1,0,-1.1842596138095665,-0.9602206039788207,-1.5619323500580007
0.6455589321870862,2,45,11,2010,1,0,0.14512275325639462,1.0679633332738698,-0.03143123967838924
1.9384129158557557,2,45,11,2010,1,0,-0.2899669015798626,-1.1260210527701633,-0.5827522238067891
-0.1532543914646637,1,46,11,2010,1,0,-0.9258268429248983,-0.9617961481915093,-1.5619323500580007
0.573135801532393,2,46,11,2010,1,0,-0.6579583927787207,-0.9617961481915093,0.02817102887603239
-0.9305589082924309,0,46,11,2010,1,0,-0.43097788609908316,1.1653064780470264,-0.8844887083635484
0.22127507692775497,1,46,11,2010,1,0,-1.1501863275874502,0.5361964678872834,0.4868956315002414
-1.191930361324644,0,46,11,2010,1,0,-0.024195269047353796,1.1593821089788428,-0.3501969438221262
1.577114680345175,2,46,11,2010,1,0,0.033991419731952834,-1.1244476712298648,0.4155857744797725
1.3473198337634127,2,46,11,2010,1,0,-0.386420511808623,-0.86244283938557,-0.10699840159560203
-0.7652654590723796,0,46,11,2010,1,0,-0.16887568439049458,0.8658277302786542,1.057906650776084
-0.9389381283506959,0,46,11,2010,1,0,-0.5012212761569851,-0.9617961481915093,1.2250058679733007
0.9579011416530114,2,46,11,2010,1,0,-0.2721439518636784,1.1130686807990788,-0.6466117972579551
-0.5381791422292902,1,46,11,2010,1,0,-0.33924211550107713,1.0650282053437652,-0.03143123967838924
-0.48283908635581385,1,46,11,2010,1,0,-0.42783265967858,0.3265724557910278,0.2671122662058117
-0.9769592987077368,0,46,11,2010,1,0,-0.07609150498565444,1.0420162266214401,0.13513581440673567
-0.9763164935158085,0,46,11,2010,1,0,-1.620921881856075,0.5361964678872834,-0.6577872226119091
0.7468814399824394,2,46,11,2010,1,0,-0.14056864660596707,1.0420162266214401,0.13513581440673567
1.8019984234725068,2,46,11,2010,1,0,-0.42783265967858,0.3265724557910278,0.2671122662058117
-1.1255585835694173,0,46,11,2010,1,0,-0.33924211550107713,1.0650282053437652,-0.03143123967838924
-0.08150143081591646,1,46,11,2010,1,0,-1.1245003118200088,-0.9617961481915093,-0.038881523247692534
0.5116519662286834,1,46,11,2010,1,0,-8.186649016360341e-05,-1.1244476712298648,3.2413718996938674
0.409163668762588,1,46,11,2010,1,0,-1.407046485261867,0.5361964678872834,-0.379998078099337
-0.25570883086971885,1,46,11,2010,1,0,-0.7507425721835612,1.160578654521423,-0.9520734235993656
-0.1483451814265229,1,46,11,2010,1,0,-0.9043344623847942,-1.1244476712298648,1.057906650776084
-0.034159492930900565,1,46,11,2010,1,0,-0.5012212761569851,-0.86244283938557,0.18622347316766755
0.6343900705580522,2,46,11,2010,1,0,-0.8660675409353404,-0.9617961481915093,-1.5619323500580007
-0.07023490707221185,1,46,11,2010,1,0,-8.186649016360341e-05,-1.1244476712298648,3.2413718996938674
0.5724470756586781,2,46,11,2010,1,0,0.023507331663609517,1.1593821089788428,-0.3501969438221262
-1.4562002121550588,0,46,11,2010,1,0,0.19754319359811234,-1.1244476712298648,0.5550125098481518
1.9623971257156043,2,46,11,2010,1,0,-0.6448532826932913,0.8988259480039095,-0.3927699927895702
-1.2459385906379226,0,46,11,2010,1,0,-0.07609150498565444,1.0420162266214401,0.13513581440673567
-1.3486181105998394,0,46,11,2010,1,0,-0.2967815588242857,1.0881875293332839,-0.773798781048194
1.7698846401364374,2,46,11,2010,1,0,-0.8482445912191562,-1.1244476712298648,-0.22726726492863175
-0.2837710107424666,1,46,11,2010,1,0,-1.1465168967635297,-1.1244476712298648,-0.7115356969333071
0.6455589321870862,2,46,11,2010,1,0,-0.33924211550107713,1.0650282053437652,-0.03143123967838924
-1.376855708149767,0,46,11,2010,1,0,-0.8482445912191562,-1.1244476712298648,-0.32571744066584574
-1.2233312978149107,0,46,11,2010,1,0,-8.186649016360341e-05,-1.1244476712298648,3.2413718996938674
0.06984690069365158,1,46,11,2010,1,0,-0.6773539557051566,-0.9617961481915093,0.5901352752462925
-0.9075748471041216,0,46,11,2010,1,0,0.033991419731952834,-1.1244476712298648,0.4155857744797725
0.9403924192566392,2,46,11,2010,1,0,-0.3549682476035927,1.073860448545649,-0.2043842511086305
-0.6294758300313095,1,46,11,2010,1,0,-0.8105018741731195,0.8988259480039095,-0.3927699927895702
1.9384129158557557,2,46,11,2010,1,0,-0.5311009271517642,-1.1244476712298648,-0.5827522238067891
-0.8812789017076371,0,46,11,2010,1,0,-1.7100366304369952,0.5361964678872834,0.4868956315002414
-0.23540340052032,1,46,11,2010,1,0,-0.386420511808623,-0.86244283938557,0.28786662757744047
-0.7837888727676563,0,46,11,2010,1,0,-0.7381616665015489,-0.9617961481915093,-0.08251889843932207
0.7363931897707003,2,46,11,2010,1,0,-0.731871213660543,-0.9617961481915093,-0.08251889843932207
1.6258211757285925,2,46,11,2010,1,0,-0.386420511808623,1.0650282053437652,-0.03143123967838924
-0.1483451814265229,1,47,11,2010,1,1,-0.8938503743164504,-1.1228477911530086,1.057906650776084
0.9579011416530114,2,47,11,2010,1,1,0.39883768451030854,1.1093711270768307,-0.6466117972579551
1.9623971257156043,2,47,11,2010,1,1,-0.6039653392267518,0.895289860072518,-0.3927699927895702
-0.034159492930900565,1,47,11,2010,1,1,-0.711427241927273,-0.8645565358814723,0.18622347316766755
-1.191930361324644,0,47,11,2010,1,1,0.5519053703081236,1.1556174247714204,-0.3501969438221262
1.9384129158557557,2,47,11,2010,1,1,-0.5295283139415126,-1.1228477911530086,-0.5827522238067891
-0.9389381283506959,0,47,11,2010,1,1,-0.711427241927273,-0.9638651657833103,1.2250058679733007
-1.4562002121550588,0,47,11,2010,1,1,-0.06875264333781393,-1.1228477911530086,0.5550125098481518
0.409163668762588,1,47,11,2010,1,1,-1.7236659449258422,0.5357057629350453,-0.379998078099337
0.06984690069365158,1,47,11,2010,1,1,-0.9106249152258001,-0.9638651657833103,0.5901352752462925
-0.5381791422292902,1,47,11,2010,1,1,0.2504878383432471,1.0614002850326634,-0.03143123967838924
-1.2459385906379226,0,47,11,2010,1,1,0.5005333387732408,1.0384329053064016,0.13513581440673567
1.6258211757285925,2,47,11,2010,1,1,0.25153624715008127,1.0614002850326634,-0.03143123967838924
0.22127507692775497,1,47,11,2010,1,1,-1.4788624885300203,0.5357057629350453,0.4868956315002414
0.7363931897707003,2,47,11,2010,1,1,-0.8157439182072913,-0.9638651657833103,-0.08251889843932207
-0.2837710107424666,1,47,11,2010,1,1,-2.052342105868412,-1.1228477911530086,-0.7115356969333071
1.7698846401364374,2,47,11,2010,1,1,-1.5705982591280263,-1.1228477911530086,-0.22726726492863175
0.7468814399824394,2,47,11,2010,1,1,0.5015817475800749,1.0384329053064016,0.13513581440673567
-0.25570883086971885,1,47,11,2010,1,1,-0.3727911973197765,1.156812238113945,-0.9520734235993656
-0.1532543914646637,1,47,11,2010,1,1,-1.3231737807151187,-0.9638651657833103,-1.5619323500580007
-0.7652654590723796,0,47,11,2010,1,1,-0.17935977245883827,0.8626352752662453,1.057906650776084
0.6455589321870862,2,47,11,2010,1,1,0.2504878383432471,1.0614002850326634,-0.03143123967838924
-1.2233312978149107,0,47,11,2010,1,1,-0.5515448988850341,-1.1228477911530086,3.2413718996938674
0.5116519662286834,1,47,11,2010,1,1,-0.5515448988850341,-1.1228477911530086,3.2413718996938674
1.577114680345175,2,47,11,2010,1,1,-0.14948012146405917,-1.1228477911530086,0.4155857744797725
-1.3486181105998394,0,47,11,2010,1,1,0.4177090430333269,1.0845260399130765,-0.773798781048194
0.9403924192566392,2,47,11,2010,1,1,0.3322637252763265,1.0702197249046745,-0.2043842511086305
-0.9305589082924309,0,47,11,2010,1,1,0.10475901419327183,1.1615332050143297,-0.8844887083635484
-0.7837888727676563,0,47,11,2010,1,1,-0.915866959259972,-0.9638651657833103,-0.08251889843932207
-0.8812789017076371,0,47,11,2010,1,1,-2.108956181437467,0.5357057629350453,0.4868956315002414
-0.9075748471041216,0,47,11,2010,1,1,-0.14948012146405917,-1.1228477911530086,0.4155857744797725
-0.48283908635581385,1,47,11,2010,1,1,-0.6306997638010278,0.32359107141748505,0.2671122662058117
-1.376855708149767,0,47,11,2010,1,1,-1.5705982591280263,-1.1228477911530086,-0.32571744066584574
1.3473198337634127,2,47,11,2010,1,1,-0.6034411348233344,-0.8645565358814723,-0.10699840159560203
-1.1255585835694173,0,47,11,2010,1,1,0.2504878383432471,1.0614002850326634,-0.03143123967838924
-0.9769592987077368,0,47,11,2010,1,1,0.5005333387732408,1.0384329053064016,0.13513581440673567
-0.9763164935158085,0,47,11,2010,1,1,-1.8201195551546026,0.5357057629350453,-0.6577872226119091
-0.07023490707221185,1,47,11,2010,1,1,-0.5515448988850341,-1.1228477911530086,3.2413718996938674
0.573135801532393,2,47,11,2010,1,1,-0.8524382264464935,-0.9638651657833103,0.02817102887603239
1.8019984234725068,2,47,11,2010,1,1,-0.6306997638010278,0.32359107141748505,0.2671122662058117
-0.23540340052032,1,47,11,2010,1,1,-0.6034411348233344,-0.8645565358814723,0.28786662757744047
-0.08150143081591646,1,47,11,2010,1,1,-1.5763645075656152,-0.9638651657833103,-0.038881523247692534
0.5724470756586781,2,47,11,2010,1,1,0.6142856943147683,1.1556174247714204,-0.3501969438221262
0.6343900705580522,2,47,11,2010,1,1,-1.2178086956282659,-0.9638651657833103,-1.5619323500580007
-0.6294758300313095,1,47,11,2010,1,1,-0.7732833615304999,0.895289860072518,-0.3927699927895702
1.9384129158557557,2,48,12,2010,1,0,-0.6175946537155983,-1.1212479136538305,-0.5827522238067891
0.7468814399824394,2,48,12,2010,1,0,-0.24278850527231674,1.034849583991363,0.13513581440673567
-0.07023490707221185,1,48,12,2010,1,0,-0.7785254055646718,-1.1212479136538305,3.2413718996938674
-0.9305589082924309,0,48,12,2010,1,0,-0.4346473169230034,1.1577599345593121,-0.8844887083635484
-0.23540340052032,1,48,12,2010,1,0,-0.8582044748840825,-0.8666702323773747,0.28786662757744047
0.7363931897707003,2,48,12,2010,1,0,-1.129218151450763,-0.965934180797432,-0.08251889843932207
-0.7652654590723796,0,48,12,2010,1,0,-0.7140482639443587,0.8594428202538362,1.057906650776084
-1.3486181105998394,0,48,12,2010,1,0,-0.36021029163776414,1.080864553070548,-0.773798781048194
-1.1255585835694173,0,48,12,2010,1,0,-0.40634027913847587,1.0577723647215613,-0.03143123967838924
1.9623971257156043,2,48,12,2010,1,0,-1.1905500666505728,0.8917537721411273,-0.3927699927895702
0.6455589321870862,2,48,12,2010,1,0,-0.40634027913847587,1.0577723647215613,-0.03143123967838924
1.3473198337634127,2,48,12,2010,1,0,-0.8582044748840825,-0.8666702323773747,-0.10699840159560203
-0.9763164935158085,0,48,12,2010,1,0,-1.8085870582794248,0.535215055405128,-0.6577872226119091
-0.7837888727676563,0,48,12,2010,1,0,-1.1627672332694625,-0.965934180797432,-0.08251889843932207
-0.9075748471041216,0,48,12,2010,1,0,-0.36754915328560467,-1.1212479136538305,0.4155857744797725
-1.2233312978149107,0,48,12,2010,1,0,-0.7785254055646718,-1.1212479136538305,3.2413718996938674
-0.08150143081591646,1,48,12,2010,1,0,-1.596284274895468,-0.965934180797432,-0.038881523247692534
-0.25570883086971885,1,48,12,2010,1,0,-0.803687216928696,1.1530458191287878,-0.9520734235993656
0.22127507692775497,1,48,12,2010,1,0,-1.205751994349671,0.535215055405128,0.4868956315002414
-0.9389381283506959,0,48,12,2010,1,0,-0.9834893273007878,-0.965934180797432,1.2250058679733007
-1.4562002121550588,0,48,12,2010,1,0,-0.28105542672177053,-1.1212479136538305,0.5550125098481518
0.5724470756586781,2,48,12,2010,1,0,-0.11960047046928005,1.1518527405639973,-0.3501969438221262
-0.9769592987077368,0,48,12,2010,1,0,-0.19613431336818796,1.034849583991363,0.13513581440673567
-1.376855708149767,0,48,12,2010,1,0,-1.6974557247549833,-1.1212479136538305,-0.32571744066584574
-0.6294758300313095,1,48,12,2010,1,0,-1.3509566140962292,0.8917537721411273,-0.3927699927895702
-1.191930361324644,0,48,12,2010,1,0,-0.231780212800556,1.1518527405639973,-0.3501969438221262
-0.8812789017076371,0,48,12,2010,1,0,-1.902943850894517,0.535215055405128,0.4868956315002414
-0.1483451814265229,1,48,12,2010,1,0,-1.2309138057136952,-1.1212479136538305,1.057906650776084
-0.1532543914646637,1,48,12,2010,1,0,-1.288576290089585,-0.965934180797432,-1.5619323500580007
0.9579011416530114,2,48,12,2010,1,0,-0.3083140556994639,1.1056735733545817,-0.6466117972579551
0.5116519662286834,1,48,12,2010,1,0,-0.7785254055646718,-1.1212479136538305,3.2413718996938674
0.9403924192566392,2,48,12,2010,1,0,-0.4671479899348682,1.0665790038413794,-0.2043842511086305
1.577114680345175,2,48,12,2010,1,0,-0.36754915328560467,-1.1212479136538305,0.4155857744797725
0.573135801532393,2,48,12,2010,1,0,-1.1061531577004073,-0.965934180797432,0.02817102887603239
1.8019984234725068,2,48,12,2010,1,0,-0.9043344623847942,0.3206096896216208,0.2671122662058117
-0.5381791422292902,1,48,12,2010,1,0,-0.40634027913847587,1.0577723647215613,-0.03143123967838924
0.409163668762588,1,48,12,2010,1,0,-1.3200285542946155,0.535215055405128,-0.379998078099337
-0.48283908635581385,1,48,12,2010,1,0,-0.9043344623847942,0.3206096896216208,0.2671122662058117
-1.2459385906379226,0,48,12,2010,1,0,-0.19613431336818796,1.034849583991363,0.13513581440673567
0.06984690069365158,1,48,12,2010,1,0,-1.10562895329699,-0.965934180797432,0.5901352752462925
-0.2837710107424666,1,48,12,2010,1,0,-1.8720157910929032,-1.1212479136538305,-0.7115356969333071
0.6343900705580522,2,48,12,2010,1,0,-1.2518819818503828,-0.965934180797432,-1.5619323500580007
-0.034159492930900565,1,48,12,2010,1,0,-0.9834893273007878,-0.8666702323773747,0.18622347316766755
1.6258211757285925,2,48,12,2010,1,0,-0.4640027635143654,1.0577723647215613,-0.03143123967838924
1.7698846401364374,2,48,12,2010,1,0,-1.6974557247549833,-1.1212479136538305,-0.22726726492863175
0.573135801532393,2,49,12,2010,1,0,-1.6287849479073329,-0.968003198389233,0.02817102887603239
0.9403924192566392,2,49,12,2010,1,0,-0.6212640845395185,1.0629382802004057,-0.2043842511086305
1.577114680345175,2,49,12,2010,1,0,0.12205775950603857,-1.1196480335769738,0.4155857744797725
-0.9075748471041216,0,49,12,2010,1,0,0.12205775950603857,-1.1196480335769738,0.4155857744797725
-0.9763164935158085,0,49,12,2010,1,0,-1.3714005858294989,0.5347243478752115,-0.6577872226119091
-0.034159492930900565,1,49,12,2010,1,0,-1.5595899666562656,-0.8687839288732778,0.18622347316766755
1.6258211757285925,2,49,12,2010,1,0,-0.6647730500231442,1.0541444444104593,-0.03143123967838924
1.9384129158557557,2,49,12,2010,1,0,-0.8272764150824692,-1.1196480335769738,-0.5827522238067891
-1.3486181105998394,0,49,12,2010,1,0,-0.519568430276586,1.0772030636503411,-0.773798781048194
-0.07023490707221185,1,49,12,2010,1,0,-0.4283568640819974,-1.1196480335769738,3.2413718996938674
-0.8812789017076371,0,49,12,2010,1,0,-1.779231611688063,0.5347243478752115,0.4868956315002414
0.7363931897707003,2,49,12,2010,1,0,-1.733101624187351,-0.968003198389233,-0.08251889843932207
-0.2837710107424666,1,49,12,2010,1,0,-1.3913203531593517,-1.1196480335769738,-0.7115356969333071
0.6455589321870862,2,49,12,2010,1,0,-0.6202156757326841,1.0541444444104593,-0.03143123967838924
-0.6294758300313095,1,49,12,2010,1,0,-1.862580111831394,0.8882176842097366,-0.3927699927895702
-1.4562002121550588,0,49,12,2010,1,0,0.13306605197779933,-1.1196480335769738,0.5550125098481518
1.7698846401364374,2,49,12,2010,1,0,-1.1218792898029226,-1.1196480335769738,-0.22726726492863175
-0.7837888727676563,0,49,12,2010,1,0,-1.7933851305803266,-0.968003198389233,-0.08251889843932207
1.9623971257156043,2,49,12,2010,1,0,-1.7776589984778115,0.8882176842097366,-0.3927699927895702
-1.376855708149767,0,49,12,2010,1,0,-1.1218792898029226,-1.1196480335769738,-0.32571744066584574
0.5724470756586781,2,49,12,2010,1,0,-0.2543210021474946,1.1480880563565743,-0.3501969438221262
-1.2459385906379226,0,49,12,2010,1,0,-0.33295166266007115,1.031266260098646,0.13513581440673567
0.6343900705580522,2,49,12,2010,1,0,-1.9952038258959395,-0.968003198389233,-1.5619323500580007
0.06984690069365158,1,49,12,2010,1,0,-1.7058429952096579,-0.968003198389233,0.5901352752462925
-1.2233312978149107,0,49,12,2010,1,0,-0.4283568640819974,-1.1196480335769738,3.2413718996938674
-0.9305589082924309,0,49,12,2010,1,0,-0.6333207858181135,1.153986664104294,-0.8844887083635484
-0.23540340052032,1,49,12,2010,1,0,-1.4337809098361431,-0.8687839288732778,0.28786662757744047
-1.191930361324644,0,49,12,2010,1,0,-0.3696459708992733,1.1480880563565743,-0.3501969438221262
-0.7652654590723796,0,49,12,2010,1,0,-0.2967815588242857,0.8562503652414278,1.057906650776084
-0.1532543914646637,1,49,12,2010,1,0,-1.9155247565765288,-0.968003198389233,-1.5619323500580007
-0.5381791422292902,1,49,12,2010,1,0,-0.6202156757326841,1.0541444444104593,-0.03143123967838924
0.7468814399824394,2,49,12,2010,1,0,-0.386420511808623,1.031266260098646,0.13513581440673567
-0.1483451814265229,1,49,12,2010,1,0,-0.8519140220430764,-1.1196480335769738,1.057906650776084
0.5116519662286834,1,49,12,2010,1,0,-0.4283568640819974,-1.1196480335769738,3.2413718996938674
0.9579011416530114,2,49,12,2010,1,0,-0.5096085466116597,1.101976019632333,-0.6466117972579551
0.409163668762588,1,49,12,2010,1,0,-1.2728501579870697,0.5347243478752115,-0.379998078099337
-0.48283908635581385,1,49,12,2010,1,0,-1.4489828375352412,0.3176283052480788,0.2671122662058117
-0.25570883086971885,1,49,12,2010,1,0,-0.823606984258549,1.1492794001436313,-0.9520734235993656
-0.9769592987077368,0,49,12,2010,1,0,-0.33295166266007115,1.031266260098646,0.13513581440673567
-1.1255585835694173,0,49,12,2010,1,0,-0.6202156757326841,1.0541444444104593,-0.03143123967838924
-0.08150143081591646,1,49,12,2010,1,0,-2.179723775898786,-0.968003198389233,-0.038881523247692534
1.3473198337634127,2,49,12,2010,1,0,-1.4337809098361431,-0.8687839288732778,-0.10699840159560203
-0.9389381283506959,0,49,12,2010,1,0,-1.5595899666562656,-0.968003198389233,1.2250058679733007
1.8019984234725068,2,49,12,2010,1,0,-1.4489828375352412,0.3176283052480788,0.2671122662058117
0.22127507692775497,1,49,12,2010,1,0,-1.1302665602575976,0.5347243478752115,0.4868956315002414
-0.7837888727676563,0,50,12,2010,1,0,-1.7236659449258422,-0.9678987611609063,-0.08251889843932207
0.06984690069365158,1,50,12,2010,1,0,-1.6135830202082349,-0.9678987611609063,0.5901352752462925
0.5724470756586781,2,50,12,2010,1,0,-0.18617442970326134,1.1464284256885287,-0.3501969438221262
-1.191930361324644,0,50,12,2010,1,0,-0.31355609973363535,1.1464284256885287,-0.3501969438221262
-1.376855708149767,0,50,12,2010,1,0,-1.2041793811394195,-1.1174290672625395,-0.32571744066584574
1.9384129158557557,2,50,12,2010,1,0,-0.6086831788575062,-1.1174290672625395,-0.5827522238067891
0.22127507692775497,1,50,12,2010,1,0,-1.1590978024455423,0.5361737946258471,0.4868956315002414
-0.1532543914646637,1,50,12,2010,1,0,-1.8437087533083754,-0.9678987611609063,-1.5619323500580007
-0.034159492930900565,1,50,12,2010,1,0,-1.4531764727625784,-0.8686883047282674,0.18622347316766755
-0.25570883086971885,1,50,12,2010,1,0,-0.6894106569837515,1.1476184187719716,-0.9520734235993656
1.9623971257156043,2,50,12,2010,1,0,-1.7881430865461547,0.8867840205854958,-0.3927699927895702
-0.9769592987077368,0,50,12,2010,1,0,-0.07609150498565444,1.0297576221130889,0.13513581440673567
-1.2459385906379226,0,50,12,2010,1,0,-0.07609150498565444,1.0297576221130889,0.13513581440673567
1.7698846401364374,2,50,12,2010,1,0,-1.2041793811394195,-1.1174290672625395,-0.22726726492863175
-0.9389381283506959,0,50,12,2010,1,0,-1.4531764727625784,-0.9678987611609063,1.2250058679733007
-1.4562002121550588,0,50,12,2010,1,0,0.15403422811448636,-1.1174290672625395,0.5550125098481518
1.6258211757285925,2,50,12,2010,1,0,-0.557311147322623,1.0525913028029483,-0.03143123967838924
0.409163668762588,1,50,12,2010,1,0,-1.3981350104037749,0.5361737946258471,-0.379998078099337
-0.2837710107424666,1,50,12,2010,1,0,-1.7325774197839343,-1.1174290672625395,-0.7115356969333071
0.6455589321870862,2,50,12,2010,1,0,-0.5006970717535676,1.0525913028029483,-0.03143123967838924
0.7468814399824394,2,50,12,2010,1,0,-0.1505285302708933,1.0297576221130889,0.13513581440673567
-0.1483451814265229,1,50,12,2010,1,0,-0.8146955094004569,-1.1174290672625395,1.057906650776084
-1.1255585835694173,0,50,12,2010,1,0,-0.5006970717535676,1.0525913028029483,-0.03143123967838924
-0.7652654590723796,0,50,12,2010,1,0,-0.08762400186083227,0.8550149740815387,1.057906650776084
1.3473198337634127,2,50,12,2010,1,0,-1.392368761966186,-0.8686883047282674,-0.10699840159560203
0.573135801532393,2,50,12,2010,1,0,-1.5826549604066213,-0.9678987611609063,0.02817102887603239
-1.3486181105998394,0,50,12,2010,1,0,-0.34448415953524897,1.075623781803605,-0.773798781048194
-0.08150143081591646,1,50,12,2010,1,0,-1.969517810128498,-0.9678987611609063,-0.038881523247692534
0.9403924192566392,2,50,12,2010,1,0,-0.43726833894008915,1.061375170709542,-0.2043842511086305
1.8019984234725068,2,50,12,2010,1,0,-1.4505554507454925,0.31674617721462145,0.2671122662058117
-0.9305589082924309,0,50,12,2010,1,0,-0.44460720058792963,1.1523203469378216,-0.8844887083635484
-0.23540340052032,1,50,12,2010,1,0,-1.392368761966186,-0.8686883047282674,0.28786662757744047
1.577114680345175,2,50,12,2010,1,0,0.05076596064130252,-1.1174290672625395,0.4155857744797725
-0.48283908635581385,1,50,12,2010,1,0,-1.4505554507454925,0.31674617721462145,0.2671122662058117
0.6343900705580522,2,50,12,2010,1,0,-1.841611935694707,-0.9678987611609063,-1.5619323500580007
0.5116519662286834,1,50,12,2010,1,0,-0.2836764487388563,-1.1174290672625395,3.2413718996938674
-0.9075748471041216,0,50,12,2010,1,0,0.05076596064130252,-1.1174290672625395,0.4155857744797725
0.9579011416530114,2,50,12,2010,1,0,-0.3114592821199667,1.1003686591320239,-0.6466117972579551
-0.8812789017076371,0,50,12,2010,1,0,-1.962703152884075,0.5361737946258471,0.4868956315002414
-0.6294758300313095,1,50,12,2010,1,0,-1.9176215741901974,0.8867840205854958,-0.3927699927895702
-0.9763164935158085,0,50,12,2010,1,0,-1.6864474322832221,0.5361737946258471,-0.6577872226119091
-1.2233312978149107,0,50,12,2010,1,0,-0.2836764487388563,-1.1174290672625395,3.2413718996938674
0.7363931897707003,2,50,12,2010,1,0,-1.643462671203014,-0.9678987611609063,-0.08251889843932207
-0.5381791422292902,1,50,12,2010,1,0,-0.5006970717535676,1.0525913028029483,-0.03143123967838924
-0.07023490707221185,1,50,12,2010,1,0,-0.2836764487388563,-1.1174290672625395,3.2413718996938674
0.06984690069365158,1,51,12,2010,1,0,-1.5737434855485293,-0.9661642334619036,0.5901352752462925
1.3473198337634127,2,51,12,2010,1,0,-1.407046485261867,-0.8669356920358311,-0.10699840159560203
0.573135801532393,2,51,12,2010,1,0,-1.595760070492051,-0.9661642334619036,0.02817102887603239
0.9403924192566392,2,51,12,2010,1,0,-0.3067414424892123,1.0613702679647423,-0.2043842511086305
-1.2233312978149107,0,51,12,2010,1,0,-0.32299177899514453,-1.1147457888476002,3.2413718996938674
0.9579011416530114,2,51,12,2010,1,0,-0.16310943595290567,1.1003289422593305,-0.6466117972579551
-0.9075748471041216,0,51,12,2010,1,0,-0.05879275967288731,-1.1147457888476002,0.4155857744797725
-0.23540340052032,1,51,12,2010,1,0,-1.407046485261867,-0.8669356920358311,0.28786662757744047
0.6455589321870862,2,51,12,2010,1,0,-0.3612587004445987,1.0525942439342926,-0.03143123967838924
0.7363931897707003,2,51,12,2010,1,0,-1.684350614669554,-0.9661642334619036,-0.08251889843932207
0.5724470756586781,2,51,12,2010,1,0,0.060201639902811695,1.1463475845305964,-0.3501969438221262
-0.9763164935158085,0,51,12,2010,1,0,-1.348335592079143,0.5390783564424779,-0.6577872226119091
1.7698846401364374,2,51,12,2010,1,0,-1.220429717645352,-1.1147457888476002,-0.22726726492863175
-0.1483451814265229,1,51,12,2010,1,0,-0.8094534653662849,-1.1147457888476002,1.057906650776084
-0.48283908635581385,1,51,12,2010,1,0,-1.4463618155181552,0.3174384901473893,0.2671122662058117
-0.9389381283506959,0,51,12,2010,1,0,-1.4898707810017808,-0.9661642334619036,1.2250058679733007
-0.25570883086971885,1,51,12,2010,1,0,-0.6558615751650521,1.147536515610434,-0.9520734235993656
0.22127507692775497,1,51,12,2010,1,0,-1.439547158273732,0.5390783564424779,0.4868956315002414
-0.9305589082924309,0,51,12,2010,1,0,-0.38013005896761703,1.152234244737757,-0.8844887083635484
-0.6294758300313095,1,51,12,2010,1,0,-1.8473781841322958,0.8869271771248777,-0.3927699927895702
-0.8812789017076371,0,51,12,2010,1,0,-1.684874819072971,0.5390783564424779,0.4868956315002414
-0.07023490707221185,1,51,12,2010,1,0,-0.32299177899514453,-1.1147457888476002,3.2413718996938674
0.5116519662286834,1,51,12,2010,1,0,-0.32299177899514453,-1.1147457888476002,3.2413718996938674
1.577114680345175,2,51,12,2010,1,0,-0.05879275967288731,-1.1147457888476002,0.4155857744797725
-0.034159492930900565,1,51,12,2010,1,0,-1.4898707810017808,-0.8669356920358311,0.18622347316766755
0.6343900705580522,2,51,12,2010,1,0,-1.8463297753254615,-0.9661642334619036,-1.5619323500580007
-1.3486181105998394,0,51,12,2010,1,0,-0.16625466237340886,1.0756061582146508,-0.773798781048194
-1.1255585835694173,0,51,12,2010,1,0,-0.3612587004445987,1.0525942439342926,-0.03143123967838924
-0.08150143081591646,1,51,12,2010,1,0,-1.9066132817184367,-0.9661642334619036,-0.038881523247692534
1.8019984234725068,2,51,12,2010,1,0,-1.4463618155181552,0.3174384901473893,0.2671122662058117
-0.7652654590723796,0,51,12,2010,1,0,-0.05407492004213291,0.8552473801666205,1.057906650776084
-1.191930361324644,0,51,12,2010,1,0,-0.053550715638715836,1.1463475845305964,-0.3501969438221262
0.7468814399824394,2,51,12,2010,1,0,0.03556403294220443,1.0298049946913836,0.13513581440673567
-0.9769592987077368,0,51,12,2010,1,0,0.04814493862421678,1.0298049946913836,0.13513581440673567
-0.1532543914646637,1,51,12,2010,1,0,-1.7823768381085658,-0.9661642334619036,-1.5619323500580007
0.409163668762588,1,51,12,2010,1,0,-1.4872497589846951,0.5390783564424779,-0.379998078099337
-0.7837888727676563,0,51,12,2010,1,0,-1.735722646204437,-0.9661642334619036,-0.08251889843932207
-1.376855708149767,0,51,12,2010,1,0,-1.220429717645352,-1.1147457888476002,-0.32571744066584574
-0.5381791422292902,1,51,12,2010,1,0,-0.3612587004445987,1.0525942439342926,-0.03143123967838924
-1.2459385906379226,0,51,12,2010,1,0,0.04814493862421678,1.0298049946913836,0.13513581440673567
1.9623971257156043,2,51,12,2010,1,0,-1.7304806021702652,0.8869271771248777,-0.3927699927895702
-0.2837710107424666,1,51,12,2010,1,0,-1.6565677812884434,-1.1147457888476002,-0.7115356969333071
-1.4562002121550588,0,51,12,2010,1,0,0.11786412427870126,-1.1147457888476002,0.5550125098481518
1.6258211757285925,2,51,12,2010,1,0,-0.43045368169566606,1.0525942439342926,-0.03143123967838924
1.9384129158557557,2,51,12,2010,1,0,-0.7848158584056777,-1.1147457888476002,-0.5827522238067891
-0.08150143081591646,1,52,12,2010,1,1,-2.068068237970927,-0.9644297031852216,-0.038881523247692534
1.7698846401364374,2,52,12,2010,1,1,-1.6455594888166827,-1.1120625078549822,-0.22726726492863175
1.3473198337634127,2,52,12,2010,1,1,-1.4987822558598731,-0.8651830767657164,-0.10699840159560203
1.8019984234725068,2,52,12,2010,1,1,-1.4945886206325354,0.31813080050247855,0.2671122662058117
-0.5381791422292902,1,52,12,2010,1,1,-0.5761825058456413,1.052597185065636,-0.03143123967838924
-0.48283908635581385,1,52,12,2010,1,1,-1.4945886206325354,0.31813080050247855,0.2671122662058117
-0.07023490707221185,1,52,12,2010,1,1,-0.6574341883753037,-1.1120625078549822,3.2413718996938674
-0.7652654590723796,0,52,12,2010,1,1,-0.5017454805604021,0.8554797862517022,1.057906650776084
0.9579011416530114,2,52,12,2010,1,1,-0.4739626471792917,1.1002892253866363,-0.6466117972579551
-0.7837888727676563,0,52,12,2010,1,1,-1.658664598902112,-0.9644297031852216,-0.08251889843932207
-0.23540340052032,1,52,12,2010,1,1,-1.4987822558598731,-0.8651830767657164,0.28786662757744047
-1.191930361324644,0,52,12,2010,1,1,-0.26113565939191763,1.1462667433726639,-0.3501969438221262
-0.1532543914646637,1,52,12,2010,1,1,-2.0387127913795653,-0.9644297031852216,-1.5619323500580007
1.9384129158557557,2,52,12,2010,1,1,-1.0532085129552722,-1.1120625078549822,-0.5827522238067891
-0.9769592987077368,0,52,12,2010,1,1,-0.27791020030126734,1.0298523672696787,0.13513581440673567
0.06984690069365158,1,52,12,2010,1,1,-1.6817295926524678,-0.9644297031852216,0.5901352752462925
-0.1483451814265229,1,52,12,2010,1,1,-1.261841865515309,-1.1120625078549822,1.057906650776084
-0.25570883086971885,1,52,12,2010,1,1,-0.8760274246002666,1.1474546124488965,-0.9520734235993656
-0.2837710107424666,1,52,12,2010,1,1,-1.960082130866989,-1.1120625078549822,-0.7115356969333071
0.409163668762588,1,52,12,2010,1,1,-1.7294321933634311,0.5419829182591095,-0.379998078099337
-0.9389381283506959,0,52,12,2010,1,1,-1.5564447402357626,-0.9644297031852216,1.2250058679733007
0.7468814399824394,2,52,12,2010,1,1,-0.30045098964820594,1.0298523672696787,0.13513581440673567
0.6343900705580522,2,52,12,2010,1,1,-2.051293697061578,-0.9644297031852216,-1.5619323500580007
-1.376855708149767,0,52,12,2010,1,1,-1.6455594888166827,-1.1120625078549822,-0.32571744066584574
0.6455589321870862,2,52,12,2010,1,1,-0.5761825058456413,1.052597185065636,-0.03143123967838924
-1.1255585835694173,0,52,12,2010,1,1,-0.5761825058456413,1.052597185065636,-0.03143123967838924
-1.2459385906379226,0,52,12,2010,1,1,-0.27791020030126734,1.0298523672696787,0.13513581440673567
1.9623971257156043,2,52,12,2010,1,1,-1.537573381712744,0.887070331086581,-0.3927699927895702
-0.6294758300313095,1,52,12,2010,1,1,-1.6927378851242285,0.887070331086581,-0.3927699927895702
-1.2233312978149107,0,52,12,2010,1,1,-0.6574341883753037,-1.1120625078549822,3.2413718996938674
-0.8812789017076371,0,52,12,2010,1,1,-2.3285978264692644,0.5419829182591095,0.4868956315002414
0.7363931897707003,2,52,12,2010,1,1,-1.5480574697810878,-0.9644297031852216,-0.08251889843932207
0.9403924192566392,2,52,12,2010,1,1,-0.5111811598219113,1.061365367797622,-0.2043842511086305
-0.9075748471041216,0,52,12,2010,1,1,-0.4461798137981812,-1.1120625078549822,0.4155857744797725
0.5116519662286834,1,52,12,2010,1,1,-0.6574341883753037,-1.1120625078549822,3.2413718996938674
0.22127507692775497,1,52,12,2010,1,1,-1.5978568881057196,0.5419829182591095,0.4868956315002414
-0.9763164935158085,0,52,12,2010,1,1,-2.01931722845313,0.5419829182591095,-0.6577872226119091
0.5724470756586781,2,52,12,2010,1,1,-0.1652062535665743,1.1462667433726639,-0.3501969438221262
-1.3486181105998394,0,52,12,2010,1,1,-0.43988936095717524,1.075588537203375,-0.773798781048194
0.573135801532393,2,52,12,2010,1,1,-1.6922136807208115,-0.9644297031852216,0.02817102887603239
1.577114680345175,2,52,12,2010,1,1,-0.4461798137981812,-1.1120625078549822,0.4155857744797725
1.6258211757285925,2,52,12,2010,1,1,-0.5704162574080525,1.052597185065636,-0.03143123967838924
-0.034159492930900565,1,52,12,2010,1,1,-1.5564447402357626,-0.8651830767657164,0.18622347316766755
-0.9305589082924309,0,52,12,2010,1,1,-0.6427564650796227,1.152148142537693,-0.8844887083635484
-1.4562002121550588,0,52,12,2010,1,1,-0.27633758709101613,-1.1120625078549822,0.5550125098481518
0.7363931897707003,2,1,1,2011,0,0,-1.407046485261867,-0.9626951754862189,-0.24003917961886495
-0.8812789017076371,0,1,1,2011,0,0,-2.520980842523368,0.5448874800757403,0.31713559874255803
-0.1532543914646637,1,1,1,2011,0,0,-1.7891914953529893,-0.9626951754862189,-1.6539965684500983
0.06984690069365158,1,1,1,2011,0,0,-1.472047831285597,-0.9626951754862189,0.48370265282768293
0.5116519662286834,1,1,1,2011,0,0,-1.0767977111090454,-1.1093792268623643,3.085980270962697
0.9579011416530114,2,1,1,2011,0,0,-0.5452544460440277,1.100249508513943,-0.7259041009598196
-0.9389381283506959,0,1,1,2011,0,0,-1.3430935480449713,-0.9626951754862189,1.082386153932364
-1.3486181105998394,0,1,1,2011,0,0,-0.5179958170663348,1.075570913614421,-0.8451086380686623
0.409163668762588,1,1,1,2011,0,0,-1.804393423052087,0.5448874800757403,-0.5220856290281815
0.7468814399824394,2,1,1,2011,0,0,-0.2852490619491078,1.0298997398479734,0.09203060232719795
-1.1255585835694173,0,1,1,2011,0,0,-0.7308228048537084,1.0526001261969793,-0.10327325981095085
-0.9763164935158085,0,1,1,2011,0,0,-2.400413829737418,0.5448874800757403,-0.8557519003105236
-0.2837710107424666,1,1,1,2011,0,0,-2.7233237422423984,-1.1093792268623643,-0.7216467960630751
-0.08150143081591646,1,1,1,2011,0,0,-1.9422591811508052,-0.9626951754862189,-0.16766499637421012
-0.7652654590723796,0,1,1,2011,0,0,-0.9284478649419844,0.8557121949144632,1.1579533158495767
-1.2459385906379226,0,1,1,2011,0,0,-0.21343305868095472,1.0298997398479734,0.09203060232719795
-1.376855708149767,0,1,1,2011,0,0,-2.161900826182602,-1.1093792268623643,-0.531132401933763
0.6455589321870862,2,1,1,2011,0,0,-0.7308228048537084,1.0526001261969793,-0.10327325981095085
-1.2233312978149107,0,1,1,2011,0,0,-1.0767977111090454,-1.1093792268623643,3.085980270962697
-0.6294758300313095,1,1,1,2011,0,0,-1.5297103156614864,0.8872134850482836,-0.46780499159469024
-1.4562002121550588,0,1,1,2011,0,0,-0.6254577197668559,-1.1093792268623643,0.38791329265093416
-0.23540340052032,1,1,1,2011,0,0,-1.2455915290093764,-0.8634304640732807,0.17398372158952757
-0.1483451814265229,1,1,1,2011,0,0,-1.7656022971992162,-1.1093792268623643,1.1579533158495767
1.9384129158557557,2,1,1,2011,0,0,-0.9876829625281252,-1.1093792268623643,-0.9110968639682008
1.9623971257156043,2,1,1,2011,0,0,-1.4023286456311124,0.8872134850482836,-0.46780499159469024
1.6258211757285925,2,1,1,2011,0,0,-0.7072336066999356,1.0526001261969793,-0.10327325981095085
-0.9769592987077368,0,1,1,2011,0,0,-0.21343305868095472,1.0298997398479734,0.09203060232719795
0.573135801532393,2,1,1,2011,0,0,-1.439547158273732,-0.9626951754862189,0.01593127729789241
0.5724470756586781,2,1,1,2011,0,0,-0.19665851777160503,1.1461859022147316,-0.35711506427933576
0.22127507692775497,1,1,1,2011,0,0,-1.803345014245253,0.5448874800757403,0.31713559874255803
1.3473198337634127,2,1,1,2011,0,0,-1.2455915290093764,-0.8634304640732807,-0.21023804534165413
-0.5381791422292902,1,1,1,2011,0,0,-0.7308228048537084,1.0526001261969793,-0.10327325981095085
-0.07023490707221185,1,1,1,2011,0,0,-1.0767977111090454,-1.1093792268623643,3.085980270962697
-1.191930361324644,0,1,1,2011,0,0,-0.25327259334066005,1.1461859022147316,-0.35711506427933576
-0.9305589082924309,0,1,1,2011,0,0,-0.8576802704806653,1.1520620429153077,-0.9611201965049472
1.8019984234725068,2,1,1,2011,0,0,-1.2508335730435483,0.31882311085756715,0.17398372158952757
-0.9075748471041216,0,1,1,2011,0,0,-0.7732833615304999,-1.1093792268623643,0.27775552844767243
-0.7837888727676563,0,1,1,2011,0,0,-1.4495070419386582,-0.9626951754862189,-0.24003917961886495
1.577114680345175,2,1,1,2011,0,0,-0.7732833615304999,-1.1093792268623643,0.27775552844767243
0.6343900705580522,2,1,1,2011,0,0,-1.5920906396681307,-0.9626951754862189,-1.6539965684500983
0.9403924192566392,2,1,1,2011,0,0,-0.519568430276586,1.0613604650528232,-0.25547190986956336
-0.034159492930900565,1,1,1,2011,0,0,-1.3430935480449713,-0.8634304640732807,0.1255568783890604
-0.25570883086971885,1,1,1,2011,0,0,-1.1748239345480573,1.147372709287359,-1.0430733157672774
1.7698846401364374,2,1,1,2011,0,0,-2.161900826182602,-1.1093792268623643,-0.40022027635887303
-0.48283908635581385,1,1,1,2011,0,0,-1.2508335730435483,0.31882311085756715,0.17398372158952757
1.6258211757285925,2,2,1,2011,0,0,-1.3189801454877812,1.053960707476035,-0.10327325981095085
-1.1255585835694173,0,2,1,2011,0,0,-1.2602692523050574,1.053960707476035,-0.10327325981095085
-0.034159492930900565,1,2,1,2011,0,0,-1.7519729827103694,-0.8616204155450865,0.1255568783890604
-1.4562002121550588,0,2,1,2011,0,0,-0.23859487004497906,-1.106565399334338,0.38791329265093416
-0.25570883086971885,1,2,1,2011,0,0,-1.392368761966186,1.148701425302899,-1.0430733157672774
-1.376855708149767,0,2,1,2011,0,0,-1.970042014531915,-1.106565399334338,-0.531132401933763
-0.5381791422292902,1,2,1,2011,0,0,-1.2602692523050574,1.053960707476035,-0.10327325981095085
1.8019984234725068,2,2,1,2011,0,0,-1.750924573903535,0.3203767396463433,0.17398372158952757
0.409163668762588,1,2,1,2011,0,0,-1.8735884043031548,0.5477258239054403,-0.5220856290281815
1.577114680345175,2,2,1,2011,0,0,-0.429929477292249,-1.106565399334338,0.27775552844767243
0.5116519662286834,1,2,1,2011,0,0,-0.7879610848261809,-1.106565399334338,3.085980270962697
0.7468814399824394,2,2,1,2011,0,0,-0.8618739057080027,1.031284914759062,0.09203060232719795
-1.2459385906379226,0,2,1,2011,0,0,-0.802638808121862,1.031284914759062,0.09203060232719795
0.22127507692775497,1,2,1,2011,0,0,-1.912903734559443,0.5477258239054403,0.31713559874255803
0.06984690069365158,1,2,1,2011,0,0,-1.8604832942177254,-0.9609232302038815,0.48370265282768293
-0.8812789017076371,0,2,1,2011,0,0,-2.4565037009030557,0.5477258239054403,0.31713559874255803
-0.6294758300313095,1,2,1,2011,0,0,-2.0906090273178664,0.888600892229086,-0.46780499159469024
-0.7652654590723796,0,2,1,2011,0,0,-0.7722349527236654,0.857190854497279,1.1579533158495767
-1.3486181105998394,0,2,1,2011,0,0,-1.0715556670748736,1.0769237695905514,-0.8451086380686623
-0.08150143081591646,1,2,1,2011,0,0,-2.1744817318646144,-0.9609232302038815,-0.16766499637421012
-0.9769592987077368,0,2,1,2011,0,0,-0.802638808121862,1.031284914759062,0.09203060232719795
-0.2837710107424666,1,2,1,2011,0,0,-2.1812963891090376,-1.106565399334338,-0.7216467960630751
-0.9305589082924309,0,2,1,2011,0,0,-1.1402264439225238,1.1533891813915116,-0.9611201965049472
-1.191930361324644,0,2,1,2011,0,0,-0.7035641758760154,1.1475150177704636,-0.35711506427933576
1.3473198337634127,2,2,1,2011,0,0,-1.7026977687891547,-0.8616204155450865,-0.21023804534165413
-0.9763164935158085,0,2,1,2011,0,0,-2.1346421972049088,0.5477258239054403,-0.8557519003105236
-0.1483451814265229,1,2,1,2011,0,0,-1.4379745450634804,-1.106565399334338,1.1579533158495767
0.9403924192566392,2,2,1,2011,0,0,-1.194219497474493,1.0627181026228563,-0.25547190986956336
0.9579011416530114,2,2,1,2011,0,0,-1.0385307896595917,1.1015940669424877,-0.7259041009598196
-0.23540340052032,1,2,1,2011,0,0,-1.7026977687891547,-0.8616204155450865,0.17398372158952757
-1.2233312978149107,0,2,1,2011,0,0,-0.7879610848261809,-1.106565399334338,3.085980270962697
0.6455589321870862,2,2,1,2011,0,0,-1.2602692523050574,1.053960707476035,-0.10327325981095085
0.6343900705580522,2,2,1,2011,0,0,-2.0958510713520377,-0.9609232302038815,-1.6539965684500983
-0.9075748471041216,0,2,1,2011,0,0,-0.429929477292249,-1.106565399334338,0.27775552844767243
-0.07023490707221185,1,2,1,2011,0,0,-0.7879610848261809,-1.106565399334338,3.085980270962697
-0.9389381283506959,0,2,1,2011,0,0,-1.7519729827103694,-0.9609232302038815,1.082386153932364
0.573135801532393,2,2,1,2011,0,0,-1.8751610175134064,-0.9609232302038815,0.01593127729789241
0.7363931897707003,2,2,1,2011,0,0,-1.9134279389628601,-0.9609232302038815,-0.24003917961886495
1.9384129158557557,2,2,1,2011,0,0,-1.3934171707730203,-1.106565399334338,-0.9110968639682008
-0.1532543914646637,1,2,1,2011,0,0,-2.0775039172324368,-0.9609232302038815,-1.6539965684500983
1.9623971257156043,2,2,1,2011,0,0,-1.981050307003676,0.888600892229086,-0.46780499159469024
0.5724470756586781,2,2,1,2011,0,0,-0.6731603204778188,1.1475150177704636,-0.35711506427933576
-0.7837888727676563,0,2,1,2011,0,0,-2.026131885697553,-0.9609232302038815,-0.24003917961886495
1.7698846401364374,2,2,1,2011,0,0,-1.970042014531915,-1.106565399334338,-0.40022027635887303
-0.48283908635581385,1,2,1,2011,0,0,-1.750924573903535,0.3203767396463433,0.17398372158952757
0.6343900705580522,2,3,1,2011,0,0,-2.233192625047338,-0.9589267768438567,-1.6539965684500983
1.8019984234725068,2,3,1,2011,0,0,-1.4484586331318239,0.3270982584158123,0.17398372158952757
-0.5381791422292902,1,3,1,2011,0,0,-0.8105018741731195,1.0634671296413587,-0.10327325981095085
1.577114680345175,2,3,1,2011,0,0,-0.07504309617881992,-1.1029682900161817,0.27775552844767243
0.9403924192566392,2,3,1,2011,0,0,-0.7413068929220521,1.0722509614604503,-0.25547190986956336
-0.1532543914646637,1,3,1,2011,0,0,-2.282467838968553,-0.9589267768438567,-1.6539965684500983
-0.07023490707221185,1,3,1,2011,0,0,-0.2438369140791509,-1.1029682900161817,3.085980270962697
-0.034159492930900565,1,3,1,2011,0,0,-1.6450352844132654,-0.859465767468415,0.1255568783890604
-0.9389381283506959,0,3,1,2011,0,0,-1.6450352844132654,-0.9589267768438567,1.082386153932364
0.06984690069365158,1,3,1,2011,0,0,-1.8678221558655659,-0.9589267768438567,0.48370265282768293
-0.8812789017076371,0,3,1,2011,0,0,-1.7184239008916704,0.5501668469251632,0.31713559874255803
-0.2837710107424666,1,3,1,2011,0,0,-1.6544709636747745,-1.1029682900161817,-0.7216467960630751
0.9579011416530114,2,3,1,2011,0,0,-0.6280787417839416,1.1112442900668564,-0.7259041009598196
-0.23540340052032,1,3,1,2011,0,0,-1.4704752180753455,-0.859465767468415,0.17398372158952757
-0.48283908635581385,1,3,1,2011,0,0,-1.4484586331318239,0.3270982584158123,0.17398372158952757
-1.376855708149767,0,3,1,2011,0,0,-1.2256717616795239,-1.1029682900161817,-0.531132401933763
-1.2459385906379226,0,3,1,2011,0,0,-0.3670249488821876,1.0406968985115563,0.09203060232719795
0.573135801532393,2,3,1,2011,0,0,-1.8080628538760077,-0.9589267768438567,0.01593127729789241
0.5724470756586781,2,3,1,2011,0,0,-0.34972620356942086,1.1573038710304981,-0.35711506427933576
-1.4562002121550588,0,3,1,2011,0,0,0.06701629714723513,-1.1029682900161817,0.38791329265093416
1.6258211757285925,2,3,1,2011,0,0,-0.8796968554241869,1.0634671296413587,-0.10327325981095085
1.7698846401364374,2,3,1,2011,0,0,-1.2256717616795239,-1.1029682900161817,-0.40022027635887303
-0.1483451814265229,1,3,1,2011,0,0,-0.9756262612495302,-1.1029682900161817,1.1579533158495767
-0.6294758300313095,1,3,1,2011,0,0,-1.833224665240032,0.8974538135691288,-0.46780499159469024
0.5116519662286834,1,3,1,2011,0,0,-0.2438369140791509,-1.1029682900161817,3.085980270962697
-1.3486181105998394,0,3,1,2011,0,0,-0.6694908896538989,1.0864995158455841,-0.8451086380686623
-1.2233312978149107,0,3,1,2011,0,0,-0.2438369140791509,-1.1029682900161817,3.085980270962697
-0.9769592987077368,0,3,1,2011,0,0,-0.3670249488821876,1.0406968985115563,0.09203060232719795
1.9623971257156043,2,3,1,2011,0,0,-1.6120104069979833,0.8974538135691288,-0.46780499159469024
-1.191930361324644,0,3,1,2011,0,0,-0.39008994263254326,1.1573038710304981,-0.35711506427933576
0.7468814399824394,2,3,1,2011,0,0,-0.41577595839998505,1.0406968985115563,0.09203060232719795
-0.9075748471041216,0,3,1,2011,0,0,-0.07504309617881992,-1.1029682900161817,0.27775552844767243
-1.1255585835694173,0,3,1,2011,0,0,-0.8105018741731195,1.0634671296413587,-0.10327325981095085
0.6455589321870862,2,3,1,2011,0,0,-0.8105018741731195,1.0634671296413587,-0.10327325981095085
-0.9763164935158085,0,3,1,2011,0,0,-1.5506784917981735,0.5501668469251632,-0.8557519003105236
1.3473198337634127,2,3,1,2011,0,0,-1.4704752180753455,-0.859465767468415,-0.21023804534165413
0.409163668762588,1,3,1,2011,0,0,-1.3357546863971308,0.5501668469251632,-0.5220856290281815
0.22127507692775497,1,3,1,2011,0,0,-1.2393010761683703,0.5501668469251632,0.31713559874255803
-0.7837888727676563,0,3,1,2011,0,0,-1.905040668508185,-0.9589267768438567,-0.24003917961886495
-0.7652654590723796,0,3,1,2011,0,0,-0.2689987254431756,0.8661470402218612,1.1579533158495767
0.7363931897707003,2,3,1,2011,0,0,-1.8547170457801365,-0.9589267768438567,-0.24003917961886495
1.9384129158557557,2,3,1,2011,0,0,-1.0401034028698428,-1.1029682900161817,-0.9110968639682008
-0.08150143081591646,1,3,1,2011,0,0,-2.369485769935804,-0.9589267768438567,-0.16766499637421012
-0.25570883086971885,1,3,1,2011,0,0,-0.845099364798653,1.1584938589585834,-1.0430733157672774
-0.9305589082924309,0,3,1,2011,0,0,-0.705660993489684,1.1631957690806833,-0.9611201965049472
-1.2459385906379226,0,4,1,2011,0,0,-0.4949308233159787,1.0501088796863716,0.09203060232719795
-1.1255585835694173,0,4,1,2011,0,0,-0.7413068929220521,1.0729735492290045,-0.10327325981095085
-0.9763164935158085,0,4,1,2011,0,0,-1.9595579264635719,0.5526078725225637,-0.8557519003105236
-1.4562002121550588,0,4,1,2011,0,0,-0.08185775342324335,-1.0993711806980255,0.38791329265093416
-1.2233312978149107,0,4,1,2011,0,0,-0.39008994263254326,-1.0993711806980255,3.085980270962697
0.9579011416530114,2,4,1,2011,0,0,-0.6920316790008376,1.1208945131912258,-0.7259041009598196
-1.191930361324644,0,4,1,2011,0,0,-0.4965034365262303,1.1670927242905336,-0.35711506427933576
-0.23540340052032,1,4,1,2011,0,0,-1.8106838758930934,-0.8573111193917434,0.17398372158952757
-1.3486181105998394,0,4,1,2011,0,0,-0.7171934903648619,1.0960752621006162,-0.8451086380686623
-0.9389381283506959,0,4,1,2011,0,0,-1.969517810128498,-0.9569303234838313,1.082386153932364
1.9623971257156043,2,4,1,2011,0,0,-1.833224665240032,0.9063067349091716,-0.46780499159469024
-0.2837710107424666,1,4,1,2011,0,0,-1.8882661275988357,-1.0993711806980255,-0.7216467960630751
-0.034159492930900565,1,4,1,2011,0,0,-1.969517810128498,-0.8573111193917434,0.1255568783890604
-0.48283908635581385,1,4,1,2011,0,0,-1.7891914953529893,0.33381977976295985,0.17398372158952757
1.7698846401364374,2,4,1,2011,0,0,-1.3913203531593517,-1.0993711806980255,-0.40022027635887303
-0.9305589082924309,0,4,1,2011,0,0,-0.7486457545698926,1.1730023541921757,-0.9611201965049472
-0.7837888727676563,0,4,1,2011,0,0,-2.0219382504702157,-0.9569303234838313,-0.24003917961886495
0.6455589321870862,2,4,1,2011,0,0,-0.7413068929220521,1.0729735492290045,-0.10327325981095085
0.5724470756586781,2,4,1,2011,0,0,-0.3743638105300281,1.1670927242905336,-0.35711506427933576
1.6258211757285925,2,4,1,2011,0,0,-0.8047356257355306,1.0729735492290045,-0.10327325981095085
-1.376855708149767,0,4,1,2011,0,0,-1.3913203531593517,-1.0993711806980255,-0.531132401933763
0.573135801532393,2,4,1,2011,0,0,-2.111052999051136,-0.9569303234838313,0.01593127729789241
-0.08150143081591646,1,4,1,2011,0,0,-2.759493846078184,-0.9569303234838313,-0.16766499637421012
0.5116519662286834,1,4,1,2011,0,0,-0.39008994263254326,-1.0993711806980255,3.085980270962697
-0.07023490707221185,1,4,1,2011,0,0,-0.39008994263254326,-1.0993711806980255,3.085980270962697
0.6343900705580522,2,4,1,2011,0,0,-2.47799608144316,-0.9569303234838313,-1.6539965684500983
0.409163668762588,1,4,1,2011,0,0,-1.3603922933577384,0.5526078725225637,-0.5220856290281815
1.9384129158557557,2,4,1,2011,0,0,-0.921633207697561,-1.0993711806980255,-0.9110968639682008
0.06984690069365158,1,4,1,2011,0,0,-2.271983750900209,-0.9569303234838313,0.48370265282768293
0.22127507692775497,1,4,1,2011,0,0,-1.2225265352590207,0.5526078725225637,0.31713559874255803
-0.9769592987077368,0,4,1,2011,0,0,-0.4949308233159787,1.0501088796863716,0.09203060232719795
1.3473198337634127,2,4,1,2011,0,0,-1.8106838758930934,-0.8573111193917434,-0.21023804534165413
-0.8812789017076371,0,4,1,2011,0,0,-2.519932433716534,0.5526078725225637,0.31713559874255803
0.7468814399824394,2,4,1,2011,0,0,-0.536867175589353,1.0501088796863716,0.09203060232719795
0.9403924192566392,2,4,1,2011,0,0,-0.7523151853938128,1.0817838202980452,-0.25547190986956336
0.7363931897707003,2,4,1,2011,0,0,-1.9668967881114123,-0.9569303234838313,-0.24003917961886495
-0.5381791422292902,1,4,1,2011,0,0,-0.7413068929220521,1.0729735492290045,-0.10327325981095085
-0.25570883086971885,1,4,1,2011,0,0,-0.9918765977554628,1.168286295191947,-1.0430733157672774
-0.1483451814265229,1,4,1,2011,0,0,-1.2319622145205298,-1.0993711806980255,1.1579533158495767
-0.9075748471041216,0,4,1,2011,0,0,-0.27004713425000976,-1.0993711806980255,0.27775552844767243
-0.6294758300313095,1,4,1,2011,0,0,-2.058108354306001,0.9063067349091716,-0.46780499159469024
-0.7652654590723796,0,4,1,2011,0,0,-0.6920316790008376,0.8751032259464434,1.1579533158495767
-0.1532543914646637,1,4,1,2011,0,0,-2.5513846979215646,-0.9569303234838313,-1.6539965684500983
1.8019984234725068,2,4,1,2011,0,0,-1.7891914953529893,0.33381977976295985,0.17398372158952757
1.577114680345175,2,4,1,2011,0,0,-0.27004713425000976,-1.0993711806980255,0.27775552844767243
-0.25570883086971885,1,5,2,2011,0,0,-1.7666507060060503,1.178078728847632,-1.0430733157672774
0.6455589321870862,2,5,2,2011,0,0,-1.1454684879566956,1.082479971394328,-0.10327325981095085
1.9384129158557557,2,5,2,2011,0,0,-1.23563164534445,-1.095774073957548,-0.9110968639682008
-0.07023490707221185,1,5,2,2011,0,0,-0.6836444085461625,-1.095774073957548,3.085980270962697
1.3473198337634127,2,5,2,2011,0,0,-1.545436447764002,-0.8551564713150719,-0.21023804534165413
0.6343900705580522,2,5,2,2011,0,0,-2.2898067006163934,-0.9549338675461282,-1.6539965684500983
0.7363931897707003,2,5,2,2011,0,0,-1.948025429588394,-0.9549338675461282,-0.24003917961886495
-0.23540340052032,1,5,2,2011,0,0,-1.545436447764002,-0.8551564713150719,0.17398372158952757
0.9403924192566392,2,5,2,2011,0,0,-0.8340910723268923,1.0913166817133193,-0.25547190986956336
-1.2233312978149107,0,5,2,2011,0,0,-0.6836444085461625,-1.095774073957548,3.085980270962697
-0.9763164935158085,0,5,2,2011,0,0,-2.3348882793102703,0.5550488955422859,-0.8557519003105236
-0.1483451814265229,1,5,2,2011,0,0,-1.8012481966315843,-1.095774073957548,1.1579533158495767
0.9579011416530114,2,5,2,2011,0,0,-0.922157412100978,1.130544733737916,-0.7259041009598196
-0.9389381283506959,0,5,2,2011,0,0,-1.6665276649533696,-0.9549338675461282,1.082386153932364
-0.48283908635581385,1,5,2,2011,0,0,-1.5438638345537503,0.34054130111010744,0.17398372158952757
-0.9075748471041216,0,5,2,2011,0,0,-0.697273723035009,-1.095774073957548,0.27775552844767243
-0.2837710107424666,1,5,2,2011,0,0,-2.458076314113307,-1.095774073957548,-0.7216467960630751
-0.6294758300313095,1,5,2,2011,0,0,-1.7949577437905782,0.9151596562492142,-0.46780499159469024
-0.08150143081591646,1,5,2,2011,0,0,-2.464366766954313,-0.9549338675461282,-0.16766499637421012
0.573135801532393,2,5,2,2011,0,0,-1.800723992228167,-0.9549338675461282,0.01593127729789241
-0.5381791422292902,1,5,2,2011,0,0,-1.1454684879566956,1.082479971394328,-0.10327325981095085
-0.7652654590723796,0,5,2,2011,0,0,-1.3090202618228548,0.8840594142487047,1.1579533158495767
-0.9769592987077368,0,5,2,2011,0,0,-0.6029169304199173,1.0595208634388662,0.09203060232719795
-0.8812789017076371,0,5,2,2011,0,0,-3.157889192675239,0.5550488955422859,0.31713559874255803
-1.376855708149767,0,5,2,2011,0,0,-1.8258858035921914,-1.095774073957548,-0.531132401933763
1.577114680345175,2,5,2,2011,0,0,-0.697273723035009,-1.095774073957548,0.27775552844767243
0.5116519662286834,1,5,2,2011,0,0,-0.6836444085461625,-1.095774073957548,3.085980270962697
0.7468814399824394,2,5,2,2011,0,0,-0.640659647465954,1.0595208634388662,0.09203060232719795
0.409163668762588,1,5,2,2011,0,0,-2.28666147419589,0.5550488955422859,-0.5220856290281815
1.8019984234725068,2,5,2,2011,0,0,-1.5438638345537503,0.34054130111010744,0.17398372158952757
0.22127507692775497,1,5,2,2011,0,0,-2.2389588734849273,0.5550488955422859,0.31713559874255803
-1.191930361324644,0,5,2,2011,0,0,-0.6411838518693711,1.1768815775505683,-0.35711506427933576
0.06984690069365158,1,5,2,2011,0,0,-1.960082130866989,-0.9549338675461282,0.48370265282768293
-1.2459385906379226,0,5,2,2011,0,0,-0.6029169304199173,1.0595208634388662,0.09203060232719795
-0.1532543914646637,1,5,2,2011,0,0,-2.3532354334298717,-0.9549338675461282,-1.6539965684500983
-0.9305589082924309,0,5,2,2011,0,0,-1.3818846738978425,1.1828089418813474,-0.9611201965049472
1.9623971257156043,2,5,2,2011,0,0,-1.551726900605008,0.9151596562492142,-0.46780499159469024
-1.3486181105998394,0,5,2,2011,0,0,-0.865543336531923,1.1056510057779698,-0.8451086380686623
-1.1255585835694173,0,5,2,2011,0,0,-1.1454684879566956,1.082479971394328,-0.10327325981095085
-1.4562002121550588,0,5,2,2011,0,0,-0.4676721943382857,-1.095774073957548,0.38791329265093416
-0.7837888727676563,0,5,2,2011,0,0,-1.9653241749011607,-0.9549338675461282,-0.24003917961886495
-0.034159492930900565,1,5,2,2011,0,0,-1.6665276649533696,-0.8551564713150719,0.1255568783890604
1.7698846401364374,2,5,2,2011,0,0,-1.8258858035921914,-1.095774073957548,-0.40022027635887303
1.6258211757285925,2,5,2,2011,0,0,-1.0448212425005976,1.082479971394328,-0.10327325981095085
0.5724470756586781,2,5,2,2011,0,0,-0.5772309146524756,1.1768815775505683,-0.35711506427933576
0.5116519662286834,1,6,2,2011,0,1,-0.36073449604118163,-1.092176964639392,3.085980270962697
1.9384129158557557,2,6,2,2011,0,1,-1.3048266265955175,-1.092176964639392,-0.9110968639682008
-0.7652654590723796,0,6,2,2011,0,1,-0.9190121856804752,0.8930155999732869,1.1579533158495767
0.6343900705580522,2,6,2,2011,0,1,-1.9218152094175351,-0.9529374141861028,-1.6539965684500983
-1.191930361324644,0,6,2,2011,0,1,-0.7659444998826593,1.1866704308106037,-0.35711506427933576
-0.034159492930900565,1,6,2,2011,0,1,-1.5354765640990753,-0.8530018232384011,0.1255568783890604
-0.9075748471041216,0,6,2,2011,0,1,-0.34972620356942086,-1.092176964639392,0.27775552844767243
0.06984690069365158,1,6,2,2011,0,1,-1.77608638526756,-0.9529374141861028,0.48370265282768293
1.9623971257156043,2,6,2,2011,0,1,-1.7194723096985047,0.924012577589257,-0.46780499159469024
1.3473198337634127,2,6,2,2011,0,1,-1.4537006771659957,-0.8530018232384011,-0.21023804534165413
-1.3486181105998394,0,6,2,2011,0,1,-1.0448212425005976,1.1152267520330026,-0.8451086380686623
0.409163668762588,1,6,2,2011,0,1,-2.1687154834270252,0.5574899211396872,-0.5220856290281815
0.9403924192566392,2,6,2,2011,0,1,-1.1423232615361925,1.100849540550914,-0.25547190986956336
-0.48283908635581385,1,6,2,2011,0,1,-1.4615637432172535,0.347262822457255,0.17398372158952757
-0.5381791422292902,1,6,2,2011,0,1,-1.23563164534445,1.0919863935596523,-0.10327325981095085
-0.6294758300313095,1,6,2,2011,0,1,-1.939638159133719,0.924012577589257,-0.46780499159469024
1.6258211757285925,2,6,2,2011,0,1,-1.3100686706296893,1.0919863935596523,-0.10327325981095085
-1.376855708149767,0,6,2,2011,0,1,-1.4337809098361431,-1.092176964639392,-0.531132401933763
-0.08150143081591646,1,6,2,2011,0,1,-2.2573060276045283,-0.9529374141861028,-0.16766499637421012
0.9579011416530114,2,6,2,2011,0,1,-0.9855861449144565,1.1401949568622853,-0.7259041009598196
0.7363931897707003,2,6,2,2011,0,1,-1.9076616905252712,-0.9529374141861028,-0.24003917961886495
0.573135801532393,2,6,2,2011,0,1,-1.6602372121123634,-0.9529374141861028,0.01593127729789241
-0.1532543914646637,1,6,2,2011,0,1,-2.165570257006522,-0.9529374141861028,-1.6539965684500983
1.8019984234725068,2,6,2,2011,0,1,-1.4615637432172535,0.347262822457255,0.17398372158952757
0.7468814399824394,2,6,2,2011,0,1,-0.9352625221864074,1.068932844613682,0.09203060232719795
-1.1255585835694173,0,6,2,2011,0,1,-1.23563164534445,1.0919863935596523,-0.10327325981095085
-1.4562002121550588,0,6,2,2011,0,1,-0.25327259334066005,-1.092176964639392,0.38791329265093416
-0.23540340052032,1,6,2,2011,0,1,-1.4537006771659957,-0.8530018232384011,0.17398372158952757
-0.1483451814265229,1,6,2,2011,0,1,-1.5475332653776706,-1.092176964639392,1.1579533158495767
-0.9389381283506959,0,6,2,2011,0,1,-1.5354765640990753,-0.9529374141861028,1.082386153932364
-0.25570883086971885,1,6,2,2011,0,1,-1.5685014415143574,1.1878711650809957,-1.0430733157672774
-0.9305589082924309,0,6,2,2011,0,1,-1.2607934567084744,1.1926155295705183,-0.9611201965049472
-0.7837888727676563,0,6,2,2011,0,1,-1.9155247565765288,-0.9529374141861028,-0.24003917961886495
1.577114680345175,2,6,2,2011,0,1,-0.34972620356942086,-1.092176964639392,0.27775552844767243
-0.07023490707221185,1,6,2,2011,0,1,-0.36073449604118163,-1.092176964639392,3.085980270962697
-0.9763164935158085,0,6,2,2011,0,1,-2.2625480716387,0.5574899211396872,-0.8557519003105236
-0.2837710107424666,1,6,2,2011,0,1,-2.306057037122326,-1.092176964639392,-0.7216467960630751
-0.8812789017076371,0,6,2,2011,0,1,-2.5131177764721104,0.5574899211396872,0.31713559874255803
-1.2233312978149107,0,6,2,2011,0,1,-0.36073449604118163,-1.092176964639392,3.085980270962697
0.6455589321870862,2,6,2,2011,0,1,-1.23563164534445,1.0919863935596523,-0.10327325981095085
0.22127507692775497,1,6,2,2011,0,1,-2.079600734846105,0.5574899211396872,0.31713559874255803
-0.9769592987077368,0,6,2,2011,0,1,-0.8922777611061993,1.068932844613682,0.09203060232719795
-1.2459385906379226,0,6,2,2011,0,1,-0.8922777611061993,1.068932844613682,0.09203060232719795
1.7698846401364374,2,6,2,2011,0,1,-1.4337809098361431,-1.092176964639392,-0.40022027635887303
0.5724470756586781,2,6,2,2011,0,1,-0.711427241927273,1.1866704308106037,-0.35711506427933576
0.5116519662286834,1,7,2,2011,0,0,-0.25327259334066005,-1.088668202679407,3.085980270962697
1.577114680345175,2,7,2,2011,0,0,0.18810751433660317,-1.088668202679407,0.27775552844767243
1.6258211757285925,2,7,2,2011,0,0,-0.01842902060976488,1.0999887737404586,-0.10327325981095085
-0.5381791422292902,1,7,2,2011,0,0,0.08850867768733921,1.0999887737404586,-0.10327325981095085
1.9384129158557557,2,7,2,2011,0,0,-0.5248104743107578,-1.088668202679407,-0.9110968639682008
-0.6294758300313095,1,7,2,2011,0,0,-1.0359097676425055,0.9315673387165186,-0.46780499159469024
1.3473198337634127,2,7,2,2011,0,0,-0.9887313713349597,-0.8500799445765753,-0.21023804534165413
-1.376855708149767,0,7,2,2011,0,0,-0.9085280976121315,-1.088668202679407,-0.531132401933763
-1.2459385906379226,0,7,2,2011,0,0,-0.03677617472936615,1.0768680453334196,0.09203060232719795
-0.23540340052032,1,7,2,2011,0,0,-0.9887313713349597,-0.8500799445765753,0.17398372158952757
0.9403924192566392,2,7,2,2011,0,0,-0.04306662757037214,1.1088707790287493,-0.25547190986956336
-0.48283908635581385,1,7,2,2011,0,0,-0.916391163663389,0.35333383308635957,0.17398372158952757
-0.8812789017076371,0,7,2,2011,0,0,-2.143029467659584,0.5590505766804725,0.31713559874255803
0.06984690069365158,1,7,2,2011,0,0,-1.3939413751764376,-0.950120735745486,0.48370265282768293
1.9623971257156043,2,7,2,2011,0,0,-0.7984451728945242,0.9315673387165186,-0.46780499159469024
-1.2233312978149107,0,7,2,2011,0,0,-0.25327259334066005,-1.088668202679407,3.085980270962697
-0.9305589082924309,0,7,2,2011,0,0,0.01669267441918608,1.2008320504054673,-0.9611201965049472
-0.2837710107424666,1,7,2,2011,0,0,-1.6418900579927624,-1.088668202679407,-0.7216467960630751
-0.9075748471041216,0,7,2,2011,0,0,0.18810751433660317,-1.088668202679407,0.27775552844767243
-0.7837888727676563,0,7,2,2011,0,0,-1.3168833278741123,-0.950120735745486,-0.24003917961886495
-0.1483451814265229,1,7,2,2011,0,0,-0.684692817352997,-1.088668202679407,1.1579533158495767
0.6455589321870862,2,7,2,2011,0,0,0.08850867768733921,1.0999887737404586,-0.10327325981095085
-0.1532543914646637,1,7,2,2011,0,0,-1.9060890773150196,-0.950120735745486,-1.6539965684500983
-1.4562002121550588,0,7,2,2011,0,0,0.20173682882544966,-1.088668202679407,0.38791329265093416
-1.1255585835694173,0,7,2,2011,0,0,0.08850867768733921,1.0999887737404586,-0.10327325981095085
-1.3486181105998394,0,7,2,2011,0,0,0.033991419731952834,1.1232785875564553,-0.8451086380686623
-0.034159492930900565,1,7,2,2011,0,0,-1.197364723894996,-0.8500799445765753,0.1255568783890604
-0.7652654590723796,0,7,2,2011,0,0,0.05076596064130252,0.9006055850793488,1.1579533158495767
-0.9769592987077368,0,7,2,2011,0,0,-0.03677617472936615,1.0768680453334196,0.09203060232719795
0.5724470756586781,2,7,2,2011,0,0,0.17395399544433923,1.1948743003987212,-0.35711506427933576
1.7698846401364374,2,7,2,2011,0,0,-0.9085280976121315,-1.088668202679407,-0.40022027635887303
-0.9763164935158085,0,7,2,2011,0,0,-1.6251155170834126,0.5590505766804725,-0.8557519003105236
0.6343900705580522,2,7,2,2011,0,0,-1.6555193724816089,-0.950120735745486,-1.6539965684500983
-0.07023490707221185,1,7,2,2011,0,0,-0.25327259334066005,-1.088668202679407,3.085980270962697
1.8019984234725068,2,7,2,2011,0,0,-0.916391163663389,0.35333383308635957,0.17398372158952757
-1.191930361324644,0,7,2,2011,0,0,0.17814763067167655,1.1948743003987212,-0.35711506427933576
0.22127507692775497,1,7,2,2011,0,0,-0.8435267515884014,0.5590505766804725,0.31713559874255803
-0.25570883086971885,1,7,2,2011,0,0,-0.3953319866667151,1.1960775917263373,-1.0430733157672774
0.573135801532393,2,7,2,2011,0,0,-1.2655112963392292,-0.950120735745486,0.01593127729789241
-0.08150143081591646,1,7,2,2011,0,0,-2.0208898416633816,-0.950120735745486,-0.16766499637421012
0.7363931897707003,2,7,2,2011,0,0,-1.2288169881000266,-0.950120735745486,-0.24003917961886495
0.9579011416530114,2,7,2,2011,0,0,0.07487936319849271,1.1482999260758233,-0.7259041009598196
-0.9389381283506959,0,7,2,2011,0,0,-1.197364723894996,-0.950120735745486,1.082386153932364
0.7468814399824394,2,7,2,2011,0,0,0.0009665423166709148,1.0768680453334196,0.09203060232719795
0.409163668762588,1,7,2,2011,0,0,-0.9850619405110393,0.5590505766804725,-0.5220856290281815
-1.4562002121550588,0,8,2,2011,0,0,-0.17254511521441485,-1.0851947806937623,0.38791329265093416
0.7468814399824394,2,8,2,2011,0,0,0.5026301563869091,1.0842125323245184,0.09203060232719795
1.9384129158557557,2,8,2,2011,0,0,-0.4813015088271322,-1.0851947806937623,-0.9110968639682008
-1.2459385906379226,0,8,2,2011,0,0,0.5005333387732408,1.0842125323245184,0.09203060232719795
-1.3486181105998394,0,8,2,2011,0,0,0.27093181007651707,1.1307208587872768,-0.8451086380686623
-0.48283908635581385,1,8,2,2011,0,0,-1.1742997301446403,0.35914463994378243,0.17398372158952757
-0.034159492930900565,1,8,2,2011,0,0,-1.4652331740411737,-0.846851170071938,0.1255568783890604
-0.9075748471041216,0,8,2,2011,0,0,-0.2406916876586477,-1.0851947806937623,0.27775552844767243
1.6258211757285925,2,8,2,2011,0,0,0.13725968720513668,1.1073895340342428,-0.10327325981095085
-1.376855708149767,0,8,2,2011,0,0,-1.3111170794365234,-1.0851947806937623,-0.531132401933763
-0.25570883086971885,1,8,2,2011,0,0,-0.3612587004445987,1.2036496129898633,-1.0430733157672774
0.5116519662286834,1,8,2,2011,0,0,-0.5101327510150768,-1.0851947806937623,3.085980270962697
1.7698846401364374,2,8,2,2011,0,0,-1.3111170794365234,-1.0851947806937623,-0.40022027635887303
-0.9763164935158085,0,8,2,2011,0,0,-1.679108570635382,0.5602590852296835,-0.8557519003105236
-0.23540340052032,1,8,2,2011,0,0,-1.3174075322775298,-0.846851170071938,0.17398372158952757
0.573135801532393,2,8,2,2011,0,0,-1.6822537970558848,-0.9469759677881672,0.01593127729789241
0.409163668762588,1,8,2,2011,0,0,-1.6817295926524678,0.5602590852296835,-0.5220856290281815
0.7363931897707003,2,8,2,2011,0,0,-1.8316520520297808,-0.9469759677881672,-0.24003917961886495
0.5724470756586781,2,8,2,2011,0,0,0.5534779835183752,1.202444179611286,-0.35711506427933576
-1.2233312978149107,0,8,2,2011,0,0,-0.5101327510150768,-1.0851947806937623,3.085980270962697
1.3473198337634127,2,8,2,2011,0,0,-1.3174075322775298,-0.846851170071938,-0.21023804534165413
-1.1255585835694173,0,8,2,2011,0,0,0.1618972941657443,1.1073895340342428,-0.10327325981095085
0.6455589321870862,2,8,2,2011,0,0,0.1618972941657443,1.1073895340342428,-0.10327325981095085
1.8019984234725068,2,8,2,2011,0,0,-1.1742997301446403,0.35914463994378243,0.17398372158952757
-0.9389381283506959,0,8,2,2011,0,0,-1.4652331740411737,-0.9469759677881672,1.082386153932364
0.9579011416530114,2,8,2,2011,0,0,0.24524579430907528,1.1557867937250292,-0.7259041009598196
1.9623971257156043,2,8,2,2011,0,0,-1.3095444662262719,0.9386028342120606,-0.46780499159469024
-0.08150143081591646,1,8,2,2011,0,0,-2.1954499080013017,-0.9469759677881672,-0.16766499637421012
-0.1483451814265229,1,8,2,2011,0,0,-0.7135240595409417,-1.0851947806937623,1.1579533158495767
0.9403924192566392,2,8,2,2011,0,0,0.24734261192274395,1.1162873714248236,-0.25547190986956336
0.22127507692775497,1,8,2,2011,0,0,-1.3200285542946155,0.5602590852296835,0.31713559874255803
-0.9305589082924309,0,8,2,2011,0,0,0.04342709899346201,1.2084125470764062,-0.9611201965049472
-0.5381791422292902,1,8,2,2011,0,0,0.1618972941657443,1.1073895340342428,-0.10327325981095085
-0.2837710107424666,1,8,2,2011,0,0,-1.7729411588470567,-1.0851947806937623,-0.7216467960630751
-0.8812789017076371,0,8,2,2011,0,0,-2.1346421972049088,0.5602590852296835,0.31713559874255803
-0.07023490707221185,1,8,2,2011,0,0,-0.5101327510150768,-1.0851947806937623,3.085980270962697
-0.7837888727676563,0,8,2,2011,0,0,-1.9558884956396512,-0.9469759677881672,-0.24003917961886495
0.06984690069365158,1,8,2,2011,0,0,-1.679108570635382,-0.9469759677881672,0.48370265282768293
1.577114680345175,2,8,2,2011,0,0,-0.2406916876586477,-1.0851947806937623,0.27775552844767243
-1.191930361324644,0,8,2,2011,0,0,0.48323459346047404,1.202444179611286,-0.35711506427933576
-0.9769592987077368,0,8,2,2011,0,0,0.5005333387732408,1.0842125323245184,0.09203060232719795
-0.7652654590723796,0,8,2,2011,0,0,0.009878017174762643,0.9076490920001459,1.1579533158495767
-0.1532543914646637,1,8,2,2011,0,0,-2.184965819932958,-0.9469759677881672,-1.6539965684500983
0.6343900705580522,2,8,2,2011,0,0,-2.158755599762099,-0.9469759677881672,-1.6539965684500983
-0.6294758300313095,1,8,2,2011,0,0,-1.5632593974801858,0.9386028342120606,-0.46780499159469024
0.6343900705580522,2,9,3,2011,0,0,-1.9663725837079948,-0.9438311998308491,-1.6539965684500983
0.6455589321870862,2,9,3,2011,0,0,0.0701615235677383,1.1147902943280277,-0.10327325981095085
1.8019984234725068,2,9,3,2011,0,0,-1.0238530663639105,0.36495544680120523,0.17398372158952757
-1.4562002121550588,0,9,3,2011,0,0,0.06963731916432087,-1.0817213587081178,0.38791329265093416
0.7468814399824394,2,9,3,2011,0,0,0.28194010254827784,1.0915570193156174,0.09203060232719795
-0.08150143081591646,1,9,3,2011,0,0,-2.2997665842813197,-0.9438311998308491,-0.16766499637421012
-0.9389381283506959,0,9,3,2011,0,0,-1.2927699253169223,-0.9438311998308491,1.082386153932364
-0.1532543914646637,1,9,3,2011,0,0,-2.08064914365294,-0.9438311998308491,-1.6539965684500983
0.409163668762588,1,9,3,2011,0,0,-1.2157118780145972,0.561467596356573,-0.5220856290281815
0.7363931897707003,2,9,3,2011,0,0,-1.5150325923658055,-0.9438311998308491,-0.24003917961886495
-1.3486181105998394,0,9,3,2011,0,0,0.11367048905136393,1.1381631300180977,-0.8451086380686623
-0.25570883086971885,1,9,3,2011,0,0,-0.2621840681987522,1.2112216368310678,-1.0430733157672774
-0.034159492930900565,1,9,3,2011,0,0,-1.2927699253169223,-0.8436223981449792,0.1255568783890604
-0.7652654590723796,0,9,3,2011,0,0,0.10895264942060916,0.9146925989209436,1.1579533158495767
0.22127507692775497,1,9,3,2011,0,0,-0.9965944373862172,0.561467596356573,0.31713559874255803
0.5724470756586781,2,9,3,2011,0,0,0.43605619715292776,1.2100140588238504,-0.35711506427933576
-0.9769592987077368,0,9,3,2011,0,0,0.3338363384865781,1.0915570193156174,0.09203060232719795
-1.191930361324644,0,9,3,2011,0,0,0.36319178507794014,1.2100140588238504,-0.35711506427933576
1.7698846401364374,2,9,3,2011,0,0,-1.255551412674303,-1.0817213587081178,-0.40022027635887303
-0.9763164935158085,0,9,3,2011,0,0,-1.3845056959149284,0.561467596356573,-0.8557519003105236
0.573135801532393,2,9,3,2011,0,0,-1.4059980764550326,-0.9438311998308491,0.01593127729789241
0.9579011416530114,2,9,3,2011,0,0,0.11891253308553577,1.1632736613742358,-0.7259041009598196
-0.07023490707221185,1,9,3,2011,0,0,-0.3387179110976601,-1.0817213587081178,3.085980270962697
-1.1255585835694173,0,9,3,2011,0,0,0.0701615235677383,1.1147902943280277,-0.10327325981095085
0.5116519662286834,1,9,3,2011,0,0,-0.3387179110976601,-1.0817213587081178,3.085980270962697
-0.7837888727676563,0,9,3,2011,0,0,-1.5737434855485293,-0.9438311998308491,-0.24003917961886495
0.06984690069365158,1,9,3,2011,0,0,-1.5564447402357626,-0.9438311998308491,0.48370265282768293
-0.9075748471041216,0,9,3,2011,0,0,-0.06403480370705915,-1.0817213587081178,0.27775552844767243
-0.8812789017076371,0,9,3,2011,0,0,-1.905040668508185,0.561467596356573,0.31713559874255803
1.6258211757285925,2,9,3,2011,0,0,-0.021574247030267685,1.1147902943280277,-0.10327325981095085
-0.2837710107424666,1,9,3,2011,0,0,-1.7808042248983142,-1.0817213587081178,-0.7216467960630751
-0.9305589082924309,0,9,3,2011,0,0,0.1304450299607136,1.2159930463250237,-0.9611201965049472
-1.2233312978149107,0,9,3,2011,0,0,-0.3387179110976601,-1.0817213587081178,3.085980270962697
0.9403924192566392,2,9,3,2011,0,0,0.07330674998824112,1.1237039638208985,-0.25547190986956336
-0.1483451814265229,1,9,3,2011,0,0,-0.6275545373805246,-1.0817213587081178,1.1579533158495767
-0.48283908635581385,1,9,3,2011,0,0,-1.0238530663639105,0.36495544680120523,0.17398372158952757
-0.23540340052032,1,9,3,2011,0,0,-1.110870997331162,-0.8436223981449792,0.17398372158952757
-0.6294758300313095,1,9,3,2011,0,0,-1.3939413751764376,0.9456383297076025,-0.46780499159469024
1.9623971257156043,2,9,3,2011,0,0,-1.093048047614978,0.9456383297076025,-0.46780499159469024
-1.376855708149767,0,9,3,2011,0,0,-1.255551412674303,-1.0817213587081178,-0.531132401933763
-0.5381791422292902,1,9,3,2011,0,0,0.0701615235677383,1.1147902943280277,-0.10327325981095085
1.9384129158557557,2,9,3,2011,0,0,-0.6092073832609233,-1.0817213587081178,-0.9110968639682008
1.3473198337634127,2,9,3,2011,0,0,-1.110870997331162,-0.8436223981449792,-0.21023804534165413
1.577114680345175,2,9,3,2011,0,0,-0.06403480370705915,-1.0817213587081178,0.27775552844767243
-1.2459385906379226,0,9,3,2011,0,0,0.3338363384865781,1.0915570193156174,0.09203060232719795
-1.2459385906379226,0,10,3,2011,0,0,0.05076596064130252,1.0989015037290384,0.09203060232719795
-0.6294758300313095,1,10,3,2011,0,0,-1.1245003118200088,0.952673822625466,-0.46780499159469024
-0.9769592987077368,0,10,3,2011,0,0,0.05076596064130252,1.0989015037290384,0.09203060232719795
1.9384129158557557,2,10,3,2011,0,0,-0.38013005896761703,-1.078247936722473,-0.9110968639682008
-0.034159492930900565,1,10,3,2011,0,0,-0.8786484466173524,-0.8403936262180204,0.1255568783890604
-0.7652654590723796,0,10,3,2011,0,0,0.107904240613775,0.9217361058417406,1.1579533158495767
-1.191930361324644,0,10,3,2011,0,0,0.16294570297257846,1.217583938036415,-0.35711506427933576
1.577114680345175,2,10,3,2011,0,0,0.31653759317381136,-1.078247936722473,0.27775552844767243
-0.7837888727676563,0,10,3,2011,0,0,-1.253454595060634,-0.9406864318735303,-0.24003917961886495
1.6258211757285925,2,10,3,2011,0,0,-0.2873458795627765,1.122191057199491,-0.10327325981095085
-0.9763164935158085,0,10,3,2011,0,0,-1.5108389571384682,0.562676104905784,-0.8557519003105236
-0.9075748471041216,0,10,3,2011,0,0,0.31653759317381136,-1.078247936722473,0.27775552844767243
0.22127507692775497,1,10,3,2011,0,0,-1.1360328086951865,0.562676104905784,0.31713559874255803
-0.9305589082924309,0,10,3,2011,0,0,-0.17988397686225535,1.223573542995962,-0.9611201965049472
-0.25570883086971885,1,10,3,2011,0,0,-0.4739626471792917,1.2187936606722722,-1.0430733157672774
-1.2233312978149107,0,10,3,2011,0,0,-0.022622655837102205,-1.078247936722473,3.085980270962697
1.9623971257156043,2,10,3,2011,0,0,-0.9777230788631989,0.952673822625466,-0.46780499159469024
-1.376855708149767,0,10,3,2011,0,0,-0.8859873082651929,-1.078247936722473,-0.531132401933763
-0.5381791422292902,1,10,3,2011,0,0,-0.18302920328275854,1.122191057199491,-0.10327325981095085
-0.08150143081591646,1,10,3,2011,0,0,-1.5753160987587809,-0.9406864318735303,-0.16766499637421012
1.8019984234725068,2,10,3,2011,0,0,-0.690459065790586,0.3707662536586281,0.17398372158952757
-1.4562002121550588,0,10,3,2011,0,0,0.43658040155634525,-1.078247936722473,0.38791329265093416
1.3473198337634127,2,10,3,2011,0,0,-0.7622750690587391,-0.8403936262180204,-0.21023804534165413
1.7698846401364374,2,10,3,2011,0,0,-0.8859873082651929,-1.078247936722473,-0.40022027635887303
0.6455589321870862,2,10,3,2011,0,0,-0.18302920328275854,1.122191057199491,-0.10327325981095085
0.7363931897707003,2,10,3,2011,0,0,-1.1842596138095665,-0.9406864318735303,-0.24003917961886495
0.9579011416530114,2,10,3,2011,0,0,-0.024719473450770867,1.1707605290234417,-0.7259041009598196
-0.2837710107424666,1,10,3,2011,0,0,-1.3504324096928118,-1.078247936722473,-0.7216467960630751
0.06984690069365158,1,10,3,2011,0,0,-1.03695817644934,-0.9406864318735303,0.48370265282768293
0.7468814399824394,2,10,3,2011,0,0,0.008829608367928498,1.0989015037290384,0.09203060232719795
0.409163668762588,1,10,3,2011,0,0,-1.3934171707730203,0.562676104905784,-0.5220856290281815
-0.1483451814265229,1,10,3,2011,0,0,-0.6453774870967087,-1.078247936722473,1.1579533158495767
-0.48283908635581385,1,10,3,2011,0,0,-0.690459065790586,0.3707662536586281,0.17398372158952757
0.573135801532393,2,10,3,2011,0,0,-0.9787714876700334,-0.9406864318735303,0.01593127729789241
0.5724470756586781,2,10,3,2011,0,0,0.2677865836560139,1.217583938036415,-0.35711506427933576
-0.8812789017076371,0,10,3,2011,0,0,-1.9647999704977432,0.562676104905784,0.31713559874255803
-1.1255585835694173,0,10,3,2011,0,0,-0.18302920328275854,1.122191057199491,-0.10327325981095085
0.9403924192566392,2,10,3,2011,0,0,-0.2422643008688993,1.1311205562169728,-0.25547190986956336
-1.3486181105998394,0,10,3,2011,0,0,-0.1279877409239547,1.1456054012489187,-0.8451086380686623
0.5116519662286834,1,10,3,2011,0,0,-0.022622655837102205,-1.078247936722473,3.085980270962697
-0.07023490707221185,1,10,3,2011,0,0,-0.022622655837102205,-1.078247936722473,3.085980270962697
-0.23540340052032,1,10,3,2011,0,0,-0.7622750690587391,-0.8403936262180204,0.17398372158952757
-0.1532543914646637,1,10,3,2011,0,0,-1.4495070419386582,-0.9406864318735303,-1.6539965684500983
0.6343900705580522,2,10,3,2011,0,0,-1.5108389571384682,-0.9406864318735303,-1.6539965684500983
-0.9389381283506959,0,10,3,2011,0,0,-0.8786484466173524,-0.9406864318735303,1.082386153932364
0.9403924192566392,2,11,3,2011,0,0,0.24000375027490342,1.1376074134325382,-0.25547190986956336
0.6455589321870862,2,11,3,2011,0,0,0.2662139704457623,1.1286606104582546,-0.10327325981095085
-0.1532543914646637,1,11,3,2011,0,0,-1.1753481389514748,-0.9377715180994268,-1.6539965684500983
1.9384129158557557,2,11,3,2011,0,0,-0.33137904944981955,-1.0753430604290461,-0.9110968639682008
-1.4562002121550588,0,11,3,2011,0,0,0.7621113360784119,-1.0753430604290461,0.38791329265093416
-0.6294758300313095,1,11,3,2011,0,0,-0.903810257981377,0.9588627491645765,-0.46780499159469024
-1.1255585835694173,0,11,3,2011,0,0,0.2662139704457623,1.1286606104582546,-0.10327325981095085
-1.2459385906379226,0,11,3,2011,0,0,0.35218349260617976,1.105308257002766,0.09203060232719795
1.577114680345175,2,11,3,2011,0,0,0.6258181911899462,-1.0753430604290461,0.27775552844767243
0.22127507692775497,1,11,3,2011,0,0,-0.6778781601085736,0.5643596925192355,0.31713559874255803
-0.48283908635581385,1,11,3,2011,0,0,-0.6039653392267518,0.3758262368555267,0.17398372158952757
1.3473198337634127,2,11,3,2011,0,0,-0.6044895436301689,-0.8374826227824345,-0.21023804534165413
-0.07023490707221185,1,11,3,2011,0,0,0.3160133887703939,-1.0753430604290461,3.085980270962697
-0.9769592987077368,0,11,3,2011,0,0,0.35218349260617976,1.105308257002766,0.09203060232719795
-0.25570883086971885,1,11,3,2011,0,0,-0.07871252700274017,1.2254503920664626,-1.0430733157672774
-0.9075748471041216,0,11,3,2011,0,0,0.6258181911899462,-1.0753430604290461,0.27775552844767243
0.5116519662286834,1,11,3,2011,0,0,0.3160133887703939,-1.0753430604290461,3.085980270962697
1.6258211757285925,2,11,3,2011,0,0,0.21693875652454775,1.1286606104582546,-0.10327325981095085
-1.2233312978149107,0,11,3,2011,0,0,0.3160133887703939,-1.0753430604290461,3.085980270962697
-0.23540340052032,1,11,3,2011,0,0,-0.6044895436301689,-0.8374826227824345,0.17398372158952757
0.7468814399824394,2,11,3,2011,0,0,0.3721032599360322,1.105308257002766,0.09203060232719795
0.6343900705580522,2,11,3,2011,0,0,-1.0956690696320637,-0.9377715180994268,-1.6539965684500983
-1.376855708149767,0,11,3,2011,0,0,-0.7072336066999356,-1.0753430604290461,-0.531132401933763
0.9579011416530114,2,11,3,2011,0,0,0.3610949674642711,1.1773241933298466,-0.7259041009598196
-1.191930361324644,0,11,3,2011,0,0,0.5917449049678294,1.22423832632071,-0.35711506427933576
-0.1483451814265229,1,11,3,2011,0,0,-0.13637501137862973,-1.0753430604290461,1.1579533158495767
1.7698846401364374,2,11,3,2011,0,0,-0.7072336066999356,-1.0753430604290461,-0.40022027635887303
-0.5381791422292902,1,11,3,2011,0,0,0.2662139704457623,1.1286606104582546,-0.10327325981095085
0.7363931897707003,2,11,3,2011,0,0,-0.9363109309932419,-0.9377715180994268,-0.24003917961886495
-1.3486181105998394,0,11,3,2011,0,0,0.3212554328045661,1.1521203242296643,-0.8451086380686623
-0.034159492930900565,1,11,3,2011,0,0,-0.7759043835475856,-0.8374826227824345,0.1255568783890604
-0.9389381283506959,0,11,3,2011,0,0,-0.7759043835475856,-0.9377715180994268,1.082386153932364
-0.2837710107424666,1,11,3,2011,0,0,-1.2424463025888735,-1.0753430604290461,-0.7216467960630751
-0.8812789017076371,0,11,3,2011,0,0,-1.5983810925091366,0.5643596925192355,0.31713559874255803
-0.08150143081591646,1,11,3,2011,0,0,-1.3850299003183455,-0.9377715180994268,-0.16766499637421012
0.06984690069365158,1,11,3,2011,0,0,-0.8943745787198679,-0.9377715180994268,0.48370265282768293
-0.9763164935158085,0,11,3,2011,0,0,-1.1365570130986036,0.5643596925192355,-0.8557519003105236
0.573135801532393,2,11,3,2011,0,0,-0.7753801791441686,-0.9377715180994268,0.01593127729789241
0.5724470756586781,2,11,3,2011,0,0,0.6284392132070319,1.22423832632071,-0.35711506427933576
1.8019984234725068,2,11,3,2011,0,0,-0.6039653392267518,0.3758262368555267,0.17398372158952757
-0.9305589082924309,0,11,3,2011,0,0,0.2955694170371243,1.2302395359895555,-0.9611201965049472
0.409163668762588,1,11,3,2011,0,0,-0.9431255882376653,0.5643596925192355,-0.5220856290281815
-0.7652654590723796,0,11,3,2011,0,0,0.5660588892003879,0.9278671815388296,1.1579533158495767
-0.7837888727676563,0,11,3,2011,0,0,-0.9410287706239967,-0.9377715180994268,-0.24003917961886495
1.9623971257156043,2,11,3,2011,0,0,-0.7014673582623467,0.9588627491645765,-0.46780499159469024
1.9623971257156043,2,12,3,2011,0,0,-0.6998947450520951,0.9647130460589715,-0.46780499159469024
-0.08150143081591646,1,12,3,2011,0,0,-1.8447571621152101,-0.9349485449675374,-0.16766499637421012
-0.9389381283506959,0,12,3,2011,0,0,-1.0175626135229043,-0.9349485449675374,1.082386153932364
-1.2233312978149107,0,12,3,2011,0,0,-0.19823113098185663,-1.072665599834828,3.085980270962697
0.5116519662286834,1,12,3,2011,0,0,-0.19823113098185663,-1.072665599834828,3.085980270962697
1.8019984234725068,2,12,3,2011,0,0,-0.8608254969011685,0.3805858921348222,0.17398372158952757
-0.23540340052032,1,12,3,2011,0,0,-0.9473192234650027,-0.8346987298366114,0.17398372158952757
-0.9075748471041216,0,12,3,2011,0,0,0.22794704899630852,-1.072665599834828,0.27775552844767243
-0.9305589082924309,0,12,3,2011,0,0,0.5560990055354617,1.2365397306054242,-0.9611201965049472
-0.07023490707221185,1,12,3,2011,0,0,-0.19823113098185663,-1.072665599834828,3.085980270962697
-0.48283908635581385,1,12,3,2011,0,0,-0.8608254969011685,0.3805858921348222,0.17398372158952757
-1.2459385906379226,0,12,3,2011,0,0,0.6756176095145774,1.111339914211867,0.09203060232719795
-0.2837710107424666,1,12,3,2011,0,0,-1.1255487206268429,-1.072665599834828,-0.7216467960630751
0.22127507692775497,1,12,3,2011,0,0,-0.6018685216130828,0.5662333117583837,0.31713559874255803
1.577114680345175,2,12,3,2011,0,0,0.22794704899630852,-1.072665599834828,0.27775552844767243
1.9384129158557557,2,12,3,2011,0,0,0.04814493862421678,-1.072665599834828,-0.9110968639682008
0.9403924192566392,2,12,3,2011,0,0,0.6179551251386882,1.1437223760603645,-0.25547190986956336
0.6455589321870862,2,12,3,2011,0,0,0.6368264836617066,1.1347576839962252,-0.10327325981095085
-0.7837888727676563,0,12,3,2011,0,0,-1.339424117221051,-0.9349485449675374,-0.24003917961886495
0.9579011416530114,2,12,3,2011,0,0,0.6630367038325654,1.183518574236988,-0.7259041009598196
-0.5381791422292902,1,12,3,2011,0,0,0.6368264836617066,1.1347576839962252,-0.10327325981095085
0.06984690069365158,1,12,3,2011,0,0,-1.128693947047346,-0.9349485449675374,0.48370265282768293
-0.1483451814265229,1,12,3,2011,0,0,-0.2658534990226724,-1.072665599834828,1.1579533158495767
-0.6294758300313095,1,12,3,2011,0,0,-1.0311919280117512,0.9647130460589715,-0.46780499159469024
-0.8812789017076371,0,12,3,2011,0,0,-1.7032219731925722,0.5662333117583837,0.31713559874255803
-1.3486181105998394,0,12,3,2011,0,0,0.656746250991559,1.1582643063637716,-0.8451086380686623
-0.1532543914646637,1,12,3,2011,0,0,-1.5354765640990753,-0.9349485449675374,-1.6539965684500983
-1.376855708149767,0,12,3,2011,0,0,-0.8283248238893033,-1.072665599834828,-0.531132401933763
-0.9769592987077368,0,12,3,2011,0,0,0.6756176095145774,1.111339914211867,0.09203060232719795
1.6258211757285925,2,12,3,2011,0,0,0.5891238829507436,1.1347576839962252,-0.10327325981095085
-0.9763164935158085,0,12,3,2011,0,0,-1.3404725260278856,0.5662333117583837,-0.8557519003105236
-0.034159492930900565,1,12,3,2011,0,0,-1.0175626135229043,-0.8346987298366114,0.1255568783890604
1.7698846401364374,2,12,3,2011,0,0,-0.8283248238893033,-1.072665599834828,-0.40022027635887303
-1.191930361324644,0,12,3,2011,0,0,0.7736438329535897,1.230526519264768,-0.35711506427933576
-1.4562002121550588,0,12,3,2011,0,0,0.2704076056731,-1.072665599834828,0.38791329265093416
-0.7652654590723796,0,12,3,2011,0,0,0.3852083700214617,0.9336332811376854,1.1579533158495767
0.7468814399824394,2,12,3,2011,0,0,0.6808596535487496,1.111339914211867,0.09203060232719795
0.7363931897707003,2,12,3,2011,0,0,-1.306399239805769,-0.9349485449675374,-0.24003917961886495
0.409163668762588,1,12,3,2011,0,0,-0.894898783123285,0.5662333117583837,-0.5220856290281815
0.6343900705580522,2,12,3,2011,0,0,-1.5239440672238975,-0.9349485449675374,-1.6539965684500983
-1.1255585835694173,0,12,3,2011,0,0,0.6368264836617066,1.1347576839962252,-0.10327325981095085
1.3473198337634127,2,12,3,2011,0,0,-0.9473192234650027,-0.8346987298366114,-0.21023804534165413
0.5724470756586781,2,12,3,2011,0,0,0.8155801852269637,1.230526519264768,-0.35711506427933576
0.573135801532393,2,12,3,2011,0,0,-1.1166372457687508,-0.9349485449675374,0.01593127729789241
-0.25570883086971885,1,12,3,2011,0,0,0.08169402044291615,1.2317410106061342,-1.0430733157672774
-1.4562002121550588,0,13,4,2011,0,0,0.6934405592307615,-1.0699881392406096,0.24742223105836839
-1.376855708149767,0,13,4,2011,0,0,-0.8225585754517144,-1.0699881392406096,-0.7003602715793531
1.7698846401364374,2,13,4,2011,0,0,-0.8225585754517144,-1.0699881392406096,-0.5476294584086479
0.22127507692775497,1,13,4,2011,0,0,-0.6998947450520951,0.5681069309975311,0.1984632247458085
1.9384129158557557,2,13,4,2011,0,0,-0.06246219049680756,-1.0699881392406096,-1.2112368591886808
0.9403924192566392,2,13,4,2011,0,0,0.05181436944813703,1.1498373386881902,-0.28740169659514614
-0.2837710107424666,1,13,4,2011,0,0,-0.9855861449144565,-1.0699881392406096,-0.7706058023756356
-0.1532543914646637,1,13,4,2011,0,0,-1.5506784917981735,-0.9321255692579695,-1.831206884777084
0.6455589321870862,2,13,4,2011,0,0,-0.09548706791208986,1.1408547575341959,-0.15489308168397692
0.9579011416530114,2,13,4,2011,0,0,0.2132693257006275,1.189712957721808,-0.7275005902960983
-0.9763164935158085,0,13,4,2011,0,0,-1.1758723433548919,0.5681069309975311,-1.002096756136112
0.06984690069365158,1,13,4,2011,0,0,-1.212042447190677,-0.9321255692579695,0.40068520734116686
0.573135801532393,2,13,4,2011,0,0,-1.1769207521617264,-0.9321255692579695,-0.005355247185830073
0.7363931897707003,2,13,4,2011,0,0,-1.4416439758874007,-0.9321255692579695,-0.30017361128537934
-0.6294758300313095,1,13,4,2011,0,0,-1.5559205358323454,0.9705633429533665,-0.49760612587190106
-0.9305589082924309,0,13,4,2011,0,0,-0.10806797359410221,1.242839922643615,-0.9802780685402972
-0.7837888727676563,0,13,4,2011,0,0,-1.4594669256035848,-0.9321255692579695,-0.30017361128537934
-0.5381791422292902,1,13,4,2011,0,0,-0.09548706791208986,1.1408547575341959,-0.15489308168397692
-0.7652654590723796,0,13,4,2011,0,0,0.503678565193744,0.9393993833142203,1.2553391653626047
0.7468814399824394,2,13,4,2011,0,0,0.43972562797684767,1.117371571420968,0.041475106678358825
1.9623971257156043,2,13,4,2011,0,0,-1.3499082052893947,0.9705633429533665,-0.49760612587190106
-0.25570883086971885,1,13,4,2011,0,0,-0.436219930133255,1.238031626568127,-1.0244476068440205
-0.8812789017076371,0,13,4,2011,0,0,-1.7483035518864494,0.5681069309975311,0.1984632247458085
-0.07023490707221185,1,13,4,2011,0,0,0.2856095333721981,-1.0699881392406096,2.9343137840161777
0.5116519662286834,1,13,4,2011,0,0,0.2856095333721981,-1.0699881392406096,2.9343137840161777
-0.9769592987077368,0,13,4,2011,0,0,0.47851675382971925,1.117371571420968,0.041475106678358825
-1.191930361324644,0,13,4,2011,0,0,0.5545263923252101,1.236814712208827,-0.3448753127011958
-0.9075748471041216,0,13,4,2011,0,0,0.495815499142486,-1.0699881392406096,0.14471475042440998
-0.034159492930900565,1,13,4,2011,0,0,-1.1606704156557939,-0.8319148368907885,0.01593127729789241
-0.9389381283506959,0,13,4,2011,0,0,-1.1606704156557939,-0.9321255692579695,0.928058851425379
0.6343900705580522,2,13,4,2011,0,0,-1.5066453219111307,-0.9321255692579695,-1.831206884777084
1.3473198337634127,2,13,4,2011,0,0,-1.0961932740354807,-0.8319148368907885,-0.2645186827751454
1.6258211757285925,2,13,4,2011,0,0,-0.1442380774298873,1.1408547575341959,-0.15489308168397692
-0.48283908635581385,1,13,4,2011,0,0,-1.0961932740354807,0.3853455448364399,0.1590831544509229
-0.1483451814265229,1,13,4,2011,0,0,-0.14266546421963572,-1.0699881392406096,1.2553391653626047
-1.2459385906379226,0,13,4,2011,0,0,0.47851675382971925,1.117371571420968,0.041475106678358825
-1.3486181105998394,0,13,4,2011,0,0,0.17395399544433923,1.1644082910755575,-0.9222722893221548
-1.1255585835694173,0,13,4,2011,0,0,-0.09548706791208986,1.1408547575341959,-0.15489308168397692
-0.23540340052032,1,13,4,2011,0,0,-1.0961932740354807,-0.8319148368907885,0.15429368644208524
1.8019984234725068,2,13,4,2011,0,0,-1.0961932740354807,0.3853455448364399,0.1590831544509229
0.5724470756586781,2,13,4,2011,0,0,0.5723493420413935,1.236814712208827,-0.3448753127011958
0.409163668762588,1,13,4,2011,0,0,-1.0495390821313524,0.5681069309975311,-0.6854597044407476
1.577114680345175,2,13,4,2011,0,0,0.495815499142486,-1.0699881392406096,0.14471475042440998
-1.2233312978149107,0,13,4,2011,0,0,0.2856095333721981,-1.0699881392406096,2.9343137840161777
-0.08150143081591646,1,13,4,2011,0,0,-1.8447571621152101,-0.9321255692579695,-0.21502751335049178
-1.1255585835694173,0,14,4,2011,0,0,0.5471875306773696,1.1469518284944877,-0.15489308168397692
-0.9389381283506959,0,14,4,2011,0,0,-0.7213871255921992,-0.9293025961260808,0.928058851425379
-0.034159492930900565,1,14,4,2011,0,0,-0.7213871255921992,-0.8291309439449654,0.01593127729789241
-0.07023490707221185,1,14,4,2011,0,0,0.3296427032592408,-1.0673106786463915,2.9343137840161777
-1.191930361324644,0,14,4,2011,0,0,0.7531998612203198,1.2431029051528855,-0.3448753127011958
-0.9763164935158085,0,14,4,2011,0,0,-1.0558295349723583,0.5699805528143579,-1.002096756136112
-0.1483451814265229,1,14,4,2011,0,0,0.021410514049940852,-1.0673106786463915,1.2553391653626047
-0.2837710107424666,1,14,4,2011,0,0,-0.9971186417896347,-1.0673106786463915,-0.7706058023756356
-0.7652654590723796,0,14,4,2011,0,0,0.6378748924685407,0.9451654829130761,1.2553391653626047
-1.3486181105998394,0,14,4,2011,0,0,0.6006563798259215,1.1705522732096652,-0.9222722893221548
1.9623971257156043,2,14,4,2011,0,0,-0.5814245498798128,0.9764136398477622,-0.49760612587190106
0.573135801532393,2,14,4,2011,0,0,-0.7067094022965182,-0.9293025961260808,-0.005355247185830073
-0.7837888727676563,0,14,4,2011,0,0,-0.903810257981377,-0.9293025961260808,-0.30017361128537934
0.6455589321870862,2,14,4,2011,0,0,0.5471875306773696,1.1469518284944877,-0.15489308168397692
-0.5381791422292902,1,14,4,2011,0,0,0.5471875306773696,1.1469518284944877,-0.15489308168397692
-1.2459385906379226,0,14,4,2011,0,0,0.587551269740492,1.1234032286300681,0.041475106678358825
1.3473198337634127,2,14,4,2011,0,0,-0.5929570467549911,-0.8291309439449654,-0.2645186827751454
0.5724470756586781,2,14,4,2011,0,0,0.8066687103688717,1.2431029051528855,-0.3448753127011958
0.6343900705580522,2,14,4,2011,0,0,-1.1239761074165913,-0.9293025961260808,-1.831206884777084
-0.9075748471041216,0,14,4,2011,0,0,0.7783616725843445,-1.0673106786463915,0.14471475042440998
0.5116519662286834,1,14,4,2011,0,0,0.3296427032592408,-1.0673106786463915,2.9343137840161777
0.409163668762588,1,14,4,2011,0,0,-0.802638808121862,0.5699805528143579,-0.6854597044407476
-0.25570883086971885,1,14,4,2011,0,0,0.3899262096522164,1.2443222425301195,-1.0244476068440205
-0.8812789017076371,0,14,4,2011,0,0,-1.4437407935010693,0.5699805528143579,0.1984632247458085
1.6258211757285925,2,14,4,2011,0,0,0.46226641732378665,1.1469518284944877,-0.15489308168397692
-0.9769592987077368,0,14,4,2011,0,0,0.587551269740492,1.1234032286300681,0.041475106678358825
-1.2233312978149107,0,14,4,2011,0,0,0.3296427032592408,-1.0673106786463915,2.9343137840161777
-1.376855708149767,0,14,4,2011,0,0,-0.8089292609628679,-1.0673106786463915,-0.7003602715793531
-0.23540340052032,1,14,4,2011,0,0,-0.5929570467549911,-0.8291309439449654,0.15429368644208524
1.8019984234725068,2,14,4,2011,0,0,-0.4965034365262303,0.3901052001157354,0.1590831544509229
1.577114680345175,2,14,4,2011,0,0,0.7783616725843445,-1.0673106786463915,0.14471475042440998
0.9579011416530114,2,14,4,2011,0,0,0.6378748924685407,1.1959073386289494,-0.7275005902960983
0.7468814399824394,2,14,4,2011,0,0,0.5906964961609952,1.1234032286300681,0.041475106678358825
-0.9305589082924309,0,14,4,2011,0,0,0.6929163548273449,1.2491401172594847,-0.9802780685402972
-0.6294758300313095,1,14,4,2011,0,0,-0.8424783427815673,0.9764136398477622,-0.49760612587190106
0.7363931897707003,2,14,4,2011,0,0,-0.8870357170720274,-0.9293025961260808,-0.30017361128537934
1.7698846401364374,2,14,4,2011,0,0,-0.8089292609628679,-1.0673106786463915,-0.5476294584086479
0.06984690069365158,1,14,4,2011,0,0,-0.7790496099680888,-0.9293025961260808,0.40068520734116686
-0.1532543914646637,1,14,4,2011,0,0,-1.227244374889775,-0.9293025961260808,-1.831206884777084
0.9403924192566392,2,14,4,2011,0,0,0.5062995872108297,1.1559523013160158,-0.28740169659514614
-1.4562002121550588,0,14,4,2011,0,0,0.8873961884951173,-1.0673106786463915,0.24742223105836839
0.22127507692775497,1,14,4,2011,0,0,-0.49126139249205847,0.5699805528143579,0.1984632247458085
-0.48283908635581385,1,14,4,2011,0,0,-0.4965034365262303,0.3901052001157354,0.1590831544509229
1.9384129158557557,2,14,4,2011,0,0,0.23214068422364584,-1.0673106786463915,-1.2112368591886808
-0.08150143081591646,1,14,4,2011,0,0,-1.5249924760307318,-0.9293025961260808,-0.21502751335049178
0.22127507692775497,1,15,4,2011,0,0,-0.6401354430625369,0.5720617267386888,0.1984632247458085
-0.1532543914646637,1,15,4,2011,0,0,-0.7596540470416534,-0.9267070670478652,-1.831206884777084
-0.9305589082924309,0,15,4,2011,0,0,0.7191265749982038,1.254911952193344,-0.9802780685402972
0.6343900705580522,2,15,4,2011,0,0,-0.6642488456197271,-0.9267070670478652,-1.831206884777084
-0.7652654590723796,0,15,4,2011,0,0,0.35794974104376864,0.9504378230104891,1.2553391653626047
-0.9769592987077368,0,15,4,2011,0,0,0.7898941694595224,1.128933669113382,0.041475106678358825
0.9579011416530114,2,15,4,2011,0,0,0.785700534232185,1.2015841422838893,-0.7275005902960983
1.8019984234725068,2,15,4,2011,0,0,-0.23544964362447623,0.3944954121796917,0.1590831544509229
1.9384129158557557,2,15,4,2011,0,0,0.21798716533138227,-1.065069985078586,-1.2112368591886808
-0.9389381283506959,0,15,4,2011,0,0,-0.4875919616681382,-0.9267070670478652,0.928058851425379
-0.9075748471041216,0,15,4,2011,0,0,0.1503647972905661,-1.065069985078586,0.14471475042440998
-0.8812789017076371,0,15,4,2011,0,0,-1.593139048474965,0.5720617267386888,0.1984632247458085
-0.08150143081591646,1,15,4,2011,0,0,-0.9813925096871191,-0.9267070670478652,-0.21502751335049178
-0.23540340052032,1,15,4,2011,0,0,-0.3114592821199667,-0.8265325845755884,0.15429368644208524
-1.376855708149767,0,15,4,2011,0,0,-0.8629223145148373,-1.065069985078586,-0.7003602715793531
1.6258211757285925,2,15,4,2011,0,0,0.5922691093712468,1.1525412385323581,-0.15489308168397692
-0.25570883086971885,1,15,4,2011,0,0,0.2814158981448604,1.250085478327991,-1.0244476068440205
0.5724470756586781,2,15,4,2011,0,0,0.9675994622179455,1.2488639628122944,-0.3448753127011958
1.3473198337634127,2,15,4,2011,0,0,-0.3114592821199667,-0.8265325845755884,-0.2645186827751454
0.5116519662286834,1,15,4,2011,0,0,-0.028913108678108198,-1.065069985078586,2.9343137840161777
0.7468814399824394,2,15,4,2011,0,0,0.7867489430390192,1.128933669113382,0.041475106678358825
1.7698846401364374,2,15,4,2011,0,0,-0.8629223145148373,-1.065069985078586,-0.5476294584086479
0.7363931897707003,2,15,4,2011,0,0,-0.49860025413989895,-0.9267070670478652,-0.30017361128537934
-1.191930361324644,0,15,4,2011,0,0,0.9277599275582397,1.2488639628122944,-0.3448753127011958
0.409163668762588,1,15,4,2011,0,0,-0.9562306983230948,0.5720617267386888,-0.6854597044407476
-0.9763164935158085,0,15,4,2011,0,0,-1.2366800541512843,0.5720617267386888,-1.002096756136112
0.573135801532393,2,15,4,2011,0,0,-0.3051688292789607,-0.9267070670478652,-0.005355247185830073
-0.034159492930900565,1,15,4,2011,0,0,-0.4875919616681382,-0.8265325845755884,0.01593127729789241
-1.3486181105998394,0,15,4,2011,0,0,0.7254170278392094,1.1761838154051274,-0.9222722893221548
-1.1255585835694173,0,15,4,2011,0,0,0.672472383094075,1.1525412385323581,-0.15489308168397692
-1.4562002121550588,0,15,4,2011,0,0,0.33855417811733285,-1.065069985078586,0.24742223105836839
-1.2459385906379226,0,15,4,2011,0,0,0.7898941694595224,1.128933669113382,0.041475106678358825
-1.2233312978149107,0,15,4,2011,0,0,-0.028913108678108198,-1.065069985078586,2.9343137840161777
-0.6294758300313095,1,15,4,2011,0,0,-0.35391983879675815,0.981775647074817,-0.49760612587190106
-0.5381791422292902,1,15,4,2011,0,0,0.672472383094075,1.1525412385323581,-0.15489308168397692
-0.7837888727676563,0,15,4,2011,0,0,-0.5006970717535676,-0.9267070670478652,-0.30017361128537934
0.06984690069365158,1,15,4,2011,0,0,-0.43359890811616925,-0.9267070670478652,0.40068520734116686
0.6455589321870862,2,15,4,2011,0,0,0.672472383094075,1.1525412385323581,-0.15489308168397692
-0.2837710107424666,1,15,4,2011,0,0,-0.9541338807094262,-1.065069985078586,-0.7706058023756356
1.9623971257156043,2,15,4,2011,0,0,-0.1667788667768259,0.981775647074817,-0.49760612587190106
0.9403924192566392,2,15,4,2011,0,0,0.686101697582921,1.1615577780249335,-0.28740169659514614
-0.1483451814265229,1,15,4,2011,0,0,-0.2558936153577462,-1.065069985078586,1.2553391653626047
-0.07023490707221185,1,15,4,2011,0,0,-0.028913108678108198,-1.065069985078586,2.9343137840161777
-0.48283908635581385,1,15,4,2011,0,0,-0.23544964362447623,0.3944954121796917,0.1590831544509229
1.577114680345175,2,15,4,2011,0,0,0.1503647972905661,-1.065069985078586,0.14471475042440998
0.573135801532393,2,16,4,2011,0,0,-0.6385628298522853,-0.9246801532591912,-0.005355247185830073
-0.034159492930900565,1,16,4,2011,0,0,-0.5463028548508623,-0.8243980501254513,0.01593127729789241
-0.1483451814265229,1,16,4,2011,0,0,0.2960936214405414,-1.0639211987660993,1.2553391653626047
-0.07023490707221185,1,16,4,2011,0,0,0.7306590718733815,-1.0639211987660993,2.9343137840161777
-0.5381791422292902,1,16,4,2011,0,0,0.6609398862188971,1.156861494975335,-0.15489308168397692
1.7698846401364374,2,16,4,2011,0,0,-0.557311147322623,-1.0639211987660993,-0.5476294584086479
1.577114680345175,2,16,4,2011,0,0,0.9303809495753261,-1.0639211987660993,0.14471475042440998
-0.6294758300313095,1,16,4,2011,0,0,-0.6453774870967087,0.9859169301335216,-0.49760612587190106
-1.2459385906379226,0,16,4,2011,0,0,0.8590891507105893,1.1332110742264228,0.041475106678358825
0.6343900705580522,2,16,4,2011,0,0,-0.9730052392324445,-0.9246801532591912,-1.831206884777084
0.5724470756586781,2,16,4,2011,0,0,1.055141597588614,1.2533071796824033,-0.3448753127011958
-0.23540340052032,1,16,4,2011,0,0,-0.42783265967858,-0.8243980501254513,0.15429368644208524
1.8019984234725068,2,16,4,2011,0,0,-0.26952292984659265,0.3979620084722619,0.1590831544509229
1.6258211757285925,2,16,4,2011,0,0,0.587551269740492,1.156861494975335,-0.15489308168397692
-1.376855708149767,0,16,4,2011,0,0,-0.557311147322623,-1.0639211987660993,-0.7003602715793531
0.22127507692775497,1,16,4,2011,0,0,-0.4975518453330648,0.5746617899536558,0.1984632247458085
0.9403924192566392,2,16,4,2011,0,0,0.7762648549706754,1.1658895463807781,-0.28740169659514614
-0.48283908635581385,1,16,4,2011,0,0,-0.26952292984659265,0.3979620084722619,0.1590831544509229
-1.4562002121550588,0,16,4,2011,0,0,1.115425103981589,-1.0639211987660993,0.24742223105836839
-1.191930361324644,0,16,4,2011,0,0,0.981752981110209,1.2533071796824033,-0.3448753127011958
-0.9305589082924309,0,16,4,2011,0,0,0.7427157731519761,1.259362891788699,-0.9802780685402972
0.6455589321870862,2,16,4,2011,0,0,0.6609398862188971,1.156861494975335,-0.15489308168397692
0.7363931897707003,2,16,4,2011,0,0,-0.8660675409353404,-0.9246801532591912,-0.30017361128537934
-0.1532543914646637,1,16,4,2011,0,0,-0.9887313713349597,-0.9246801532591912,-1.831206884777084
-0.8812789017076371,0,16,4,2011,0,0,-1.3808362650910082,0.5746617899536558,0.1984632247458085
0.5116519662286834,1,16,4,2011,0,0,0.7306590718733815,-1.0639211987660993,2.9343137840161777
0.7468814399824394,2,16,4,2011,0,0,0.8805815312506942,1.1332110742264228,0.041475106678358825
1.9384129158557557,2,16,4,2011,0,0,0.5566232099388784,-1.0639211987660993,-1.2112368591886808
-1.1255585835694173,0,16,4,2011,0,0,0.6609398862188971,1.156861494975335,-0.15489308168397692
-1.3486181105998394,0,16,4,2011,0,0,0.8470324494319948,1.1805342513097803,-0.9222722893221548
-0.2837710107424666,1,16,4,2011,0,0,-0.8356636855371439,-1.0639211987660993,-0.7706058023756356
1.3473198337634127,2,16,4,2011,0,0,-0.42783265967858,-0.8243980501254513,-0.2645186827751454
-0.9763164935158085,0,16,4,2011,0,0,-0.9142943460497204,0.5746617899536558,-1.002096756136112
-0.9769592987077368,0,16,4,2011,0,0,0.8590891507105893,1.1332110742264228,0.041475106678358825
-0.7652654590723796,0,16,4,2011,0,0,0.854895515483252,0.9544757566212593,1.2553391653626047
-0.25570883086971885,1,16,4,2011,0,0,0.36319178507794014,1.2545302546936852,-1.0244476068440205
-0.7837888727676563,0,16,4,2011,0,0,-0.8812694686344384,-0.9246801532591912,-0.30017361128537934
1.9623971257156043,2,16,4,2011,0,0,-0.294684741210617,0.9859169301335216,-0.49760612587190106
0.9579011416530114,2,16,4,2011,0,0,0.8417904053978226,1.2059670053860045,-0.7275005902960983
-0.9389381283506959,0,16,4,2011,0,0,-0.5463028548508623,-0.9246801532591912,0.928058851425379
0.409163668762588,1,16,4,2011,0,0,-0.803163012525279,0.5746617899536558,-0.6854597044407476
-0.08150143081591646,1,16,4,2011,0,0,-1.2775679976178242,-0.9246801532591912,-0.21502751335049178
-1.2233312978149107,0,16,4,2011,0,0,0.7306590718733815,-1.0639211987660993,2.9343137840161777
0.06984690069365158,1,16,4,2011,0,0,-0.6390870342557025,-0.9246801532591912,0.40068520734116686
-0.9075748471041216,0,16,4,2011,0,0,0.9303809495753261,-1.0639211987660993,0.14471475042440998
-1.1255585835694173,0,17,4,2011,0,0,0.629487622013866,1.161181751418313,-0.15489308168397692
0.409163668762588,1,17,4,2011,0,0,-0.9630453555675179,0.5772618531686228,-0.6854597044407476
0.573135801532393,2,17,4,2011,0,0,0.120485146295787,-0.9226532394705171,-0.005355247185830073
1.9623971257156043,2,17,4,2011,0,0,0.2510120427466642,0.9900582157699055,-0.49760612587190106
-1.3486181105998394,0,17,4,2011,0,0,0.8685248299720989,1.1848846897921126,-0.9222722893221548
-0.034159492930900565,1,17,4,2011,0,0,-0.051453898025046796,-0.8222635182529919,0.01593127729789241
-0.1483451814265229,1,17,4,2011,0,0,-0.023671064643936722,-1.0627724124536118,1.2553391653626047
-0.7837888727676563,0,17,4,2011,0,0,-0.14266546421963572,-0.9226532394705171,-0.30017361128537934
-0.6294758300313095,1,17,4,2011,0,0,0.013023243595265825,0.9900582157699055,-0.49760612587190106
-0.5381791422292902,1,17,4,2011,0,0,0.629487622013866,1.161181751418313,-0.15489308168397692
0.7363931897707003,2,17,4,2011,0,0,-0.20714260583994873,-0.9226532394705171,-0.30017361128537934
-0.9389381283506959,0,17,4,2011,0,0,-0.051453898025046796,-0.9226532394705171,0.928058851425379
-0.07023490707221185,1,17,4,2011,0,0,0.5288403765577679,-1.0627724124536118,2.9343137840161777
-1.2233312978149107,0,17,4,2011,0,0,0.5288403765577679,-1.0627724124536118,2.9343137840161777
-0.9075748471041216,0,17,4,2011,0,0,0.7967088267039454,-1.0627724124536118,0.14471475042440998
1.6258211757285925,2,17,4,2011,0,0,0.5781155904789824,1.161181751418313,-0.15489308168397692
0.9579011416530114,2,17,4,2011,0,0,0.8957834589497919,1.2103498684881193,-0.7275005902960983
-0.9763164935158085,0,17,4,2011,0,0,-1.069983053864622,0.5772618531686228,-1.002096756136112
-1.2459385906379226,0,17,4,2011,0,0,0.9392924244334175,1.1374884793394637,0.041475106678358825
1.3473198337634127,2,17,4,2011,0,0,0.18496228791609998,-0.8222635182529919,-0.2645186827751454
-1.4562002121550588,0,17,4,2011,0,0,1.0095358144913193,-1.0627724124536118,0.24742223105836839
1.577114680345175,2,17,4,2011,0,0,0.7967088267039454,-1.0627724124536118,0.14471475042440998
1.7698846401364374,2,17,4,2011,0,0,-0.7512667765869784,-1.0627724124536118,-0.5476294584086479
1.9384129158557557,2,17,4,2011,0,0,0.31653759317381136,-1.0627724124536118,-1.2112368591886808
0.6455589321870862,2,17,4,2011,0,0,0.629487622013866,1.161181751418313,-0.15489308168397692
-0.25570883086971885,1,17,4,2011,0,0,0.21536614331429615,1.2589750310593797,-1.0244476068440205
0.7468814399824394,2,17,4,2011,0,0,0.9586879873598533,1.1374884793394637,0.041475106678358825
-1.376855708149767,0,17,4,2011,0,0,-0.7512667765869784,-1.0627724124536118,-0.7003602715793531
0.5116519662286834,1,17,4,2011,0,0,0.5288403765577679,-1.0627724124536118,2.9343137840161777
-0.48283908635581385,1,17,4,2011,0,0,0.4192816562435785,0.40142860734251057,0.1590831544509229
0.06984690069365158,1,17,4,2011,0,0,0.03346721532853576,-0.9226532394705171,0.40068520734116686
0.22127507692775497,1,17,4,2011,0,0,-0.6983221318418436,0.5772618531686228,0.1984632247458085
-0.23540340052032,1,17,4,2011,0,0,0.18496228791609998,-0.8222635182529919,0.15429368644208524
-0.1532543914646637,1,17,4,2011,0,0,-0.288394288369611,-0.9226532394705171,-1.831206884777084
-0.8812789017076371,0,17,4,2011,0,0,-1.6455594888166827,0.5772618531686228,0.1984632247458085
0.6343900705580522,2,17,4,2011,0,0,-0.20871521905019993,-0.9226532394705171,-1.831206884777084
-0.2837710107424666,1,17,4,2011,0,0,-0.9457466102547512,-1.0627724124536118,-0.7706058023756356
1.8019984234725068,2,17,4,2011,0,0,0.4192816562435785,0.40142860734251057,0.1590831544509229
-1.191930361324644,0,17,4,2011,0,0,1.0750613649184666,1.2577503991301906,-0.3448753127011958
-0.7652654590723796,0,17,4,2011,0,0,0.6897711284068417,0.9585136902320289,1.2553391653626047
0.5724470756586781,2,17,4,2011,0,0,1.1421595285558652,1.2577503991301906,-0.3448753127011958
-0.08150143081591646,1,17,4,2011,0,0,-0.5772309146524756,-0.9226532394705171,-0.21502751335049178
0.9403924192566392,2,17,4,2011,0,0,0.7259412322426267,1.1702213121589435,-0.28740169659514614
-0.9305589082924309,0,17,4,2011,0,0,0.6640851126393995,1.2638138288063754,-0.9802780685402972
-0.9769592987077368,0,17,4,2011,0,0,0.9392924244334175,1.1374884793394637,0.041475106678358825
-0.9769592987077368,0,18,5,2011,0,0,0.5964627445985841,1.1417658844525054,0.041475106678358825
-0.25570883086971885,1,18,5,2011,0,0,0.03870925936270761,1.2634198100027523,-1.0244476068440205
0.7363931897707003,2,18,5,2011,0,0,-0.40634027913847587,-0.9206263231041646,-0.30017361128537934
0.6455589321870862,2,18,5,2011,0,0,0.19334955837077464,1.1655020078612908,-0.15489308168397692
-0.7652654590723796,0,18,5,2011,0,0,0.45020971604519133,0.9625516238427991,1.2553391653626047
-1.2459385906379226,0,18,5,2011,0,0,0.5964627445985841,1.1417658844525054,0.041475106678358825
0.7468814399824394,2,18,5,2011,0,0,0.5540021879217927,1.1417658844525054,0.041475106678358825
0.6343900705580522,2,18,5,2011,0,0,-0.4252116376614942,-0.9206263231041646,-1.831206884777084
0.5116519662286834,1,18,5,2011,0,0,0.5356550338021917,-1.0616236287188032,2.9343137840161777
1.7698846401364374,2,18,5,2011,0,0,-0.5468270592542793,-1.0616236287188032,-0.5476294584086479
1.6258211757285925,2,18,5,2011,0,0,0.1729055866375047,1.1655020078612908,-0.15489308168397692
1.577114680345175,2,18,5,2011,0,0,0.806144505965455,-1.0616236287188032,0.14471475042440998
0.22127507692775497,1,18,5,2011,0,0,-0.6044895436301689,0.5798619163835897,0.1984632247458085
-1.4562002121550588,0,18,5,2011,0,0,1.0346976258553442,-1.0616236287188032,0.24742223105836839
-0.2837710107424666,1,18,5,2011,0,0,-0.6563857795684696,-1.0616236287188032,-0.7706058023756356
1.3473198337634127,2,18,5,2011,0,0,-0.08919661507108387,-0.8201289863805326,-0.2645186827751454
0.9579011416530114,2,18,5,2011,0,0,0.37944212158387275,1.214732731590234,-0.7275005902960983
1.9384129158557557,2,18,5,2011,0,0,0.27407703649701987,-1.0616236287188032,-1.2112368591886808
-0.8812789017076371,0,18,5,2011,0,0,-1.658664598902112,0.5798619163835897,0.1984632247458085
-1.191930361324644,0,18,5,2011,0,0,0.5906964961609952,1.2621936160002993,-0.3448753127011958
-0.9763164935158085,0,18,5,2011,0,0,-1.0243772707673278,0.5798619163835897,-1.002096756136112
-0.08150143081591646,1,18,5,2011,0,0,-0.6909832701940031,-0.9206263231041646,-0.21502751335049178
0.409163668762588,1,18,5,2011,0,0,-0.8901809434925302,0.5798619163835897,-0.6854597044407476
-1.376855708149767,0,18,5,2011,0,0,-0.5468270592542793,-1.0616236287188032,-0.7003602715793531
1.9623971257156043,2,18,5,2011,0,0,-0.25012736692015725,0.9941995014062893,-0.49760612587190106
-0.9305589082924309,0,18,5,2011,0,0,0.21064830368354176,1.2682647684017296,-0.9802780685402972
1.8019984234725068,2,18,5,2011,0,0,0.0014907467200879875,0.40489520363508075,0.1590831544509229
0.5724470756586781,2,18,5,2011,0,0,0.6923921504239274,1.2621936160002993,-0.3448753127011958
-0.7837888727676563,0,18,5,2011,0,0,-0.43569572572983795,-0.9206263231041646,-0.30017361128537934
0.573135801532393,2,18,5,2011,0,0,-0.12746353652053763,-0.9206263231041646,-0.005355247185830073
-0.9389381283506959,0,18,5,2011,0,0,-0.23859487004497906,-0.9206263231041646,0.928058851425379
-0.9075748471041216,0,18,5,2011,0,0,0.806144505965455,-1.0616236287188032,0.14471475042440998
0.9403924192566392,2,18,5,2011,0,0,0.33698156490708125,1.1745530779371096,-0.28740169659514614
-0.5381791422292902,1,18,5,2011,0,0,0.19334955837077464,1.1655020078612908,-0.15489308168397692
-0.07023490707221185,1,18,5,2011,0,0,0.5356550338021917,-1.0616236287188032,2.9343137840161777
-1.2233312978149107,0,18,5,2011,0,0,0.5356550338021917,-1.0616236287188032,2.9343137840161777
-0.034159492930900565,1,18,5,2011,0,0,-0.23859487004497906,-0.8201289863805326,0.01593127729789241
-1.3486181105998394,0,18,5,2011,0,0,0.4239994958743325,1.189235128274444,-0.9222722893221548
-0.23540340052032,1,18,5,2011,0,0,-0.08919661507108387,-0.8201289863805326,0.15429368644208524
-0.1532543914646637,1,18,5,2011,0,0,-0.386420511808623,-0.9206263231041646,-1.831206884777084
-0.6294758300313095,1,18,5,2011,0,0,-0.45509128865627335,0.9941995014062893,-0.49760612587190106
0.06984690069365158,1,18,5,2011,0,0,-0.21028783226045153,-0.9206263231041646,0.40068520734116686
-1.1255585835694173,0,18,5,2011,0,0,0.19334955837077464,1.1655020078612908,-0.15489308168397692
-0.1483451814265229,1,18,5,2011,0,0,-0.19823113098185663,-1.0616236287188032,1.2553391653626047
-0.48283908635581385,1,18,5,2011,0,0,0.0014907467200879875,0.40489520363508075,0.1590831544509229
-0.07023490707221185,1,19,5,2011,0,0,0.6682787478667376,-1.0604748424063164,2.9343137840161777
-1.376855708149767,0,19,5,2011,0,0,-0.303072011665292,-1.0604748424063164,-0.7003602715793531
-0.25570883086971885,1,19,5,2011,0,0,0.7746922417604238,1.2678645863684461,-1.0244476068440205
-0.48283908635581385,1,19,5,2011,0,0,0.11524310226161552,0.40836180250532944,0.1590831544509229
0.9403924192566392,2,19,5,2011,0,0,0.9151790218762277,1.178884843715275,-0.28740169659514614
0.7468814399824394,2,19,5,2011,0,0,1.0069147924742337,1.1460432895655464,0.041475106678358825
0.7363931897707003,2,19,5,2011,0,0,-0.20871521905019993,-0.9185994093154913,-0.30017361128537934
0.409163668762588,1,19,5,2011,0,0,-0.4136791407863164,0.5824619795985566,-0.6854597044407476
-1.3486181105998394,0,19,5,2011,0,0,1.0063905880708162,1.1935855641790978,-0.9222722893221548
0.573135801532393,2,19,5,2011,0,0,0.01616847001576901,-0.9185994093154913,-0.005355247185830073
0.5724470756586781,2,19,5,2011,0,0,1.1924831512839147,1.2666368354480868,-0.3448753127011958
-0.1483451814265229,1,19,5,2011,0,0,0.2552056779740015,-1.0604748424063164,1.2553391653626047
-0.034159492930900565,1,19,5,2011,0,0,-0.024719473450770867,-0.8179944519303947,0.01593127729789241
1.3473198337634127,2,19,5,2011,0,0,0.0989927657556829,-0.8179944519303947,-0.2645186827751454
-0.23540340052032,1,19,5,2011,0,0,0.0989927657556829,-0.8179944519303947,0.15429368644208524
-1.1255585835694173,0,19,5,2011,0,0,0.8837267576711973,1.1698222643042677,-0.15489308168397692
-0.9763164935158085,0,19,5,2011,0,0,-0.7806222231783404,0.5824619795985566,-1.002096756136112
-0.8812789017076371,0,19,5,2011,0,0,-1.1307907646610147,0.5824619795985566,0.1984632247458085
1.7698846401364374,2,19,5,2011,0,0,-0.303072011665292,-1.0604748424063164,-0.5476294584086479
0.5116519662286834,1,19,5,2011,0,0,0.6682787478667376,-1.0604748424063164,2.9343137840161777
-1.4562002121550588,0,19,5,2011,0,0,1.0514721667646936,-1.0604748424063164,0.24742223105836839
-0.2837710107424666,1,19,5,2011,0,0,-0.4676721943382857,-1.0604748424063164,-0.7706058023756356
1.6258211757285925,2,19,5,2011,0,0,0.8611859683242584,1.1698222643042677,-0.15489308168397692
0.06984690069365158,1,19,5,2011,0,0,0.015644265612351563,-0.9185994093154913,0.40068520734116686
-0.9389381283506959,0,19,5,2011,0,0,-0.024719473450770867,-0.9185994093154913,0.928058851425379
1.577114680345175,2,19,5,2011,0,0,0.8313063173294797,-1.0604748424063164,0.14471475042440998
1.9384129158557557,2,19,5,2011,0,0,0.6536010245710566,-1.0604748424063164,-1.2112368591886808
0.6455589321870862,2,19,5,2011,0,0,0.8837267576711973,1.1698222643042677,-0.15489308168397692
-0.6294758300313095,1,19,5,2011,0,0,0.1005653789659345,0.9983407844649939,-0.49760612587190106
-0.7837888727676563,0,19,5,2011,0,0,-0.05826855526947024,-0.9185994093154913,-0.30017361128537934
1.9623971257156043,2,19,5,2011,0,0,0.2137935301040446,0.9983407844649939,-0.49760612587190106
-0.1532543914646637,1,19,5,2011,0,0,-0.21448146748778885,-0.9185994093154913,-1.831206884777084
-0.08150143081591646,1,19,5,2011,0,0,-0.5232378611005062,-0.9185994093154913,-0.21502751335049178
1.8019984234725068,2,19,5,2011,0,0,0.11524310226161552,0.40836180250532944,0.1590831544509229
0.22127507692775497,1,19,5,2011,0,0,-0.10964058680435343,0.5824619795985566,0.1984632247458085
-0.9305589082924309,0,19,5,2011,0,0,1.0210683113664973,1.272715705419406,-0.9802780685402972
0.6343900705580522,2,19,5,2011,0,0,-0.16048841393581992,-0.9185994093154913,-1.831206884777084
-0.9769592987077368,0,19,5,2011,0,0,0.9723173018487002,1.1460432895655464,0.041475106678358825
-0.7652654590723796,0,19,5,2011,0,0,0.9356229936094976,0.9665895574535688,1.2553391653626047
-1.191930361324644,0,19,5,2011,0,0,1.1369174845216938,1.2666368354480868,-0.3448753127011958
0.9579011416530114,2,19,5,2011,0,0,0.983849798723878,1.2191155921146695,-0.7275005902960983
-1.2459385906379226,0,19,5,2011,0,0,0.9723173018487002,1.1460432895655464,0.041475106678358825
-0.5381791422292902,1,19,5,2011,0,0,0.8837267576711973,1.1698222643042677,-0.15489308168397692
-1.2233312978149107,0,19,5,2011,0,0,0.6682787478667376,-1.0604748424063164,2.9343137840161777
-0.9075748471041216,0,19,5,2011,0,0,0.8313063173294797,-1.0604748424063164,0.14471475042440998
-0.9075748471041216,0,20,5,2011,0,0,0.7568692920442405,-1.0608182562226132,0.14471475042440998
1.7698846401364374,2,20,5,2011,0,0,-0.3177497349609731,-1.0608182562226132,-0.5476294584086479
-0.8812789017076371,0,20,5,2011,0,0,-1.1543799628147877,0.582597256174295,0.1984632247458085
1.9384129158557557,2,20,5,2011,0,0,0.6452137541163812,-1.0608182562226132,-1.2112368591886808
0.22127507692775497,1,20,5,2011,0,0,-0.6537647575513834,0.582597256174295,0.1984632247458085
-0.5381791422292902,1,20,5,2011,0,0,0.5335582161885227,1.1639194910278443,-0.15489308168397692
0.6455589321870862,2,20,5,2011,0,0,0.5335582161885227,1.1639194910278443,-0.15489308168397692
-0.1532543914646637,1,20,5,2011,0,0,-0.09443865910525534,-0.9163468506928439,-1.831206884777084
-0.9769592987077368,0,20,5,2011,0,0,0.777837468180927,1.1402547048757952,0.041475106678358825
-1.2233312978149107,0,20,5,2011,0,0,0.44077403678368254,-1.0608182562226132,2.9343137840161777
-1.376855708149767,0,20,5,2011,0,0,-0.3177497349609731,-1.0608182562226132,-0.7003602715793531
-0.9763164935158085,0,20,5,2011,0,0,-0.7460247325528065,0.582597256174295,-1.002096756136112
1.9623971257156043,2,20,5,2011,0,0,0.04342709899346201,0.9931441224351706,-0.49760612587190106
-0.48283908635581385,1,20,5,2011,0,0,0.2148419389108791,0.4056344200086285,0.1590831544509229
-0.9305589082924309,0,20,5,2011,0,0,0.6452137541163812,1.2664802492029201,-0.9802780685402972
-0.6294758300313095,1,20,5,2011,0,0,-0.08500297984374616,0.9931441224351706,-0.49760612587190106
-0.1483451814265229,1,20,5,2011,0,0,0.17238138223408764,-1.0608182562226132,1.2553391653626047
-0.7652654590723796,0,20,5,2011,0,0,0.840217792187571,0.9612259056675332,1.2553391653626047
-0.9389381283506959,0,20,5,2011,0,0,0.01983790083968926,-0.9163468506928439,0.928058851425379
-1.1255585835694173,0,20,5,2011,0,0,0.5335582161885227,1.1639194910278443,-0.15489308168397692
0.409163668762588,1,20,5,2011,0,0,-0.894898783123285,0.582597256174295,-0.6854597044407476
-1.191930361324644,0,20,5,2011,0,0,0.9230420879274857,1.2604210314536557,-0.3448753127011958
-0.08150143081591646,1,20,5,2011,0,0,-0.4886403704749727,-0.9163468506928439,-0.21502751335049178
0.7468814399824394,2,20,5,2011,0,0,0.7930393958800255,1.1402547048757952,0.041475106678358825
-1.2459385906379226,0,20,5,2011,0,0,0.777837468180927,1.1402547048757952,0.041475106678358825
-0.23540340052032,1,20,5,2011,0,0,0.10685583180694048,-0.8156441915537423,0.15429368644208524
-0.25570883086971885,1,20,5,2011,0,0,0.3857325744248791,1.2616448153265678,-1.0244476068440205
0.9579011416530114,2,20,5,2011,0,0,0.7248928234357926,1.2130534409670979,-0.7275005902960983
1.3473198337634127,2,20,5,2011,0,0,0.10685583180694048,-0.8156441915537423,-0.2645186827751454
0.5116519662286834,1,20,5,2011,0,0,0.44077403678368254,-1.0608182562226132,2.9343137840161777
0.573135801532393,2,20,5,2011,0,0,0.08693606447708799,-0.9163468506928439,-0.005355247185830073
-0.07023490707221185,1,20,5,2011,0,0,0.44077403678368254,-1.0608182562226132,2.9343137840161777
-0.2837710107424666,1,20,5,2011,0,0,-0.3277096186258993,-1.0608182562226132,-0.7706058023756356
0.06984690069365158,1,20,5,2011,0,0,-0.0331067439054459,-0.9163468506928439,0.40068520734116686
-0.034159492930900565,1,20,5,2011,0,0,0.01983790083968926,-0.8156441915537423,0.01593127729789241
-0.7837888727676563,0,20,5,2011,0,0,-0.05197810242846424,-0.9163468506928439,-0.30017361128537934
0.7363931897707003,2,20,5,2011,0,0,-0.282103835528605,-0.9163468506928439,-0.30017361128537934
1.6258211757285925,2,20,5,2011,0,0,0.4696052789716271,1.1639194910278443,-0.15489308168397692
0.5724470756586781,2,20,5,2011,0,0,0.9848982075307122,1.2604210314536557,-0.3448753127011958
1.577114680345175,2,20,5,2011,0,0,0.7568692920442405,-1.0608182562226132,0.14471475042440998
1.8019984234725068,2,20,5,2011,0,0,0.2148419389108791,0.4056344200086285,0.1590831544509229
-1.4562002121550588,0,20,5,2011,0,0,0.9377198112231659,-1.0608182562226132,0.24742223105836839
0.9403924192566392,2,20,5,2011,0,0,0.4952912947390686,1.1729527699655964,-0.28740169659514614
0.6343900705580522,2,20,5,2011,0,0,-0.07923673140615725,-0.9163468506928439,-1.831206884777084
-1.3486181105998394,0,20,5,2011,0,0,0.6913437416170933,1.1876059580350475,-0.9222722893221548
0.573135801532393,2,21,5,2011,0,0,0.39621666249322207,-0.9140942920701965,-0.005355247185830073
1.6258211757285925,2,21,5,2011,0,0,0.9560669653427676,1.1580167203290985,-0.15489308168397692
-1.3486181105998394,0,21,5,2011,0,0,1.1510710034139575,1.1816263518909975,-0.9222722893221548
-0.9389381283506959,0,21,5,2011,0,0,0.2310922754168117,-0.9140942920701965,0.928058851425379
0.409163668762588,1,21,5,2011,0,0,-0.39952562189405244,0.5827325353277111,-0.6854597044407476
1.9623971257156043,2,21,5,2011,0,0,0.5733977508482284,0.987947457827668,-0.49760612587190106
-0.1532543914646637,1,21,5,2011,0,0,0.2583509043945047,-0.9140942920701965,-1.831206884777084
-0.08150143081591646,1,21,5,2011,0,0,-0.07556730058223698,-0.9140942920701965,-0.21502751335049178
0.5724470756586781,2,21,5,2011,0,0,1.4378108120831532,1.2542052300369033,-0.3448753127011958
-0.8812789017076371,0,21,5,2011,0,0,-1.0836123683534689,0.5827325353277111,0.1984632247458085
0.22127507692775497,1,21,5,2011,0,0,-0.15996420953240248,0.5827325353277111,0.1984632247458085
-0.2837710107424666,1,21,5,2011,0,0,-0.3743638105300281,-1.0611616700389093,-0.7706058023756356
-0.23540340052032,1,21,5,2011,0,0,0.4323867663290079,-0.81329393117709,0.15429368644208524
1.8019984234725068,2,21,5,2011,0,0,0.6038016062464246,0.4029070375119268,0.1590831544509229
-0.9305589082924309,0,21,5,2011,0,0,1.1657487267096385,1.260244790408756,-0.9802780685402972
-1.376855708149767,0,21,5,2011,0,0,-0.18669863410667878,-1.0611616700389093,-0.7003602715793531
-0.6294758300313095,1,21,5,2011,0,0,0.47170209658529616,0.987947457827668,-0.49760612587190106
-0.5381791422292902,1,21,5,2011,0,0,0.9791319590931232,1.1580167203290985,-0.15489308168397692
-1.2459385906379226,0,21,5,2011,0,0,1.2108303054035157,1.1344661201860446,0.041475106678358825
0.06984690069365158,1,21,5,2011,0,0,0.3364573605036638,-0.9140942920701965,0.40068520734116686
1.3473198337634127,2,21,5,2011,0,0,0.4323867663290079,-0.81329393117709,-0.2645186827751454
-0.07023490707221185,1,21,5,2011,0,0,0.969172075428197,-1.0611616700389093,2.9343137840161777
0.6343900705580522,2,21,5,2011,0,0,0.2667381748491797,-0.9140942920701965,-1.831206884777084
0.7363931897707003,2,21,5,2011,0,0,0.2630687440252595,-0.9140942920701965,-0.30017361128537934
1.577114680345175,2,21,5,2011,0,0,1.0713919340945468,-1.0611616700389093,0.14471475042440998
-0.25570883086971885,1,21,5,2011,0,0,0.7841279210219334,1.25542504170701,-1.0244476068440205
-1.4562002121550588,0,21,5,2011,0,0,1.2653475633589018,-1.0611616700389093,0.24742223105836839
0.9403924192566392,2,21,5,2011,0,0,1.0242135377870005,1.1670206962159175,-0.28740169659514614
-1.191930361324644,0,21,5,2011,0,0,1.3749062836730919,1.2542052300369033,-0.3448753127011958
1.7698846401364374,2,21,5,2011,0,0,-0.18669863410667878,-1.0611616700389093,-0.5476294584086479
1.9384129158557557,2,21,5,2011,0,0,0.8108623455962097,-1.0611616700389093,-1.2112368591886808
0.6455589321870862,2,21,5,2011,0,0,0.9791319590931232,1.1580167203290985,-0.15489308168397692
0.9579011416530114,2,21,5,2011,0,0,1.1872411072497426,1.2069912872418471,-0.7275005902960983
-0.9075748471041216,0,21,5,2011,0,0,1.0713919340945468,-1.0611616700389093,0.14471475042440998
0.7468814399824394,2,21,5,2011,0,0,1.2538150664837238,1.1344661201860446,0.041475106678358825
-0.48283908635581385,1,21,5,2011,0,0,0.6038016062464246,0.4029070375119268,0.1590831544509229
-0.034159492930900565,1,21,5,2011,0,0,0.2310922754168117,-0.81329393117709,0.01593127729789241
-0.9763164935158085,0,21,5,2011,0,0,-0.682071795335911,0.5827325353277111,-1.002096756136112
0.5116519662286834,1,21,5,2011,0,0,0.969172075428197,-1.0611616700389093,2.9343137840161777
-0.7652654590723796,0,21,5,2011,0,0,1.1903863336702456,0.9558622564591754,1.2553391653626047
-0.1483451814265229,1,21,5,2011,0,0,0.4093217725786515,-1.0611616700389093,1.2553391653626047
-1.1255585835694173,0,21,5,2011,0,0,0.9791319590931232,1.1580167203290985,-0.15489308168397692
-1.2233312978149107,0,21,5,2011,0,0,0.969172075428197,-1.0611616700389093,2.9343137840161777
-0.9769592987077368,0,21,5,2011,0,0,1.2108303054035157,1.1344661201860446,0.041475106678358825
-0.7837888727676563,0,21,5,2011,0,0,0.4030313197376459,-0.9140942920701965,-0.30017361128537934
0.5116519662286834,1,22,6,2011,0,0,0.714408735367449,-1.0615050812775275,2.9343137840161777
0.06984690069365158,1,22,6,2011,0,0,0.666706134656486,-0.911841733447549,0.40068520734116686
0.7468814399824394,2,22,6,2011,0,0,1.3319215225928838,1.1286775380739726,0.041475106678358825
-1.2233312978149107,0,22,6,2011,0,0,0.714408735367449,-1.0615050812775275,2.9343137840161777
-1.191930361324644,0,22,6,2011,0,0,1.3686158308320862,1.2479894260424724,-0.3448753127011958
-0.48283908635581385,1,22,6,2011,0,0,0.9539701477290986,0.40017965501522584,0.1590831544509229
0.9403924192566392,2,22,6,2011,0,0,1.30099346279127,1.1610886198885604,-0.28740169659514614
-1.376855708149767,0,22,6,2011,0,0,-0.2842006531422737,-1.0615050812775275,-0.7003602715793531
-0.9769592987077368,0,22,6,2011,0,0,1.298896645177601,1.1286775380739726,0.041475106678358825
-0.8812789017076371,0,22,6,2011,0,0,-0.6506195311308802,0.5828678119034487,0.1984632247458085
-0.9305589082924309,0,22,6,2011,0,0,1.4477706957480796,1.25400933419227,-0.9802780685402972
-0.9075748471041216,0,22,6,2011,0,0,1.2417583652051292,-1.0615050812775275,0.14471475042440998
1.8019984234725068,2,22,6,2011,0,0,0.9539701477290986,0.40017965501522584,0.1590831544509229
-0.7652654590723796,0,22,6,2011,0,0,1.3266794785587115,0.9504986046731398,1.2553391653626047
0.7363931897707003,2,22,6,2011,0,0,0.41037018138548637,-0.911841733447549,-0.30017361128537934
1.7698846401364374,2,22,6,2011,0,0,-0.2842006531422737,-1.0615050812775275,-0.5476294584086479
0.6455589321870862,2,22,6,2011,0,0,1.3439782238714781,1.1521139470526751,-0.15489308168397692
0.9579011416530114,2,22,6,2011,0,0,1.3539381075364052,1.2009291360942747,-0.7275005902960983
0.6343900705580522,2,22,6,2011,0,0,0.47327470979554703,-0.911841733447549,-1.831206884777084
-0.9763164935158085,0,22,6,2011,0,0,-0.2150056718912063,0.5828678119034487,-1.002096756136112
-0.1483451814265229,1,22,6,2011,0,0,0.86275858153451,-1.0615050812775275,1.2553391653626047
-1.1255585835694173,0,22,6,2011,0,0,1.3439782238714781,1.1521139470526751,-0.15489308168397692
-0.7837888727676563,0,22,6,2011,0,0,0.609043650280596,-0.911841733447549,-0.30017361128537934
-0.6294758300313095,1,22,6,2011,0,0,0.6556978421847249,0.982750795797844,-0.49760612587190106
0.22127507692775497,1,22,6,2011,0,0,0.1608488853589098,0.5828678119034487,0.1984632247458085
-0.07023490707221185,1,22,6,2011,0,0,0.714408735367449,-1.0615050812775275,2.9343137840161777
-0.1532543914646637,1,22,6,2011,0,0,0.41823324743674356,-0.911841733447549,-1.831206884777084
1.577114680345175,2,22,6,2011,0,0,1.2417583652051292,-1.0615050812775275,0.14471475042440998
-0.5381791422292902,1,22,6,2011,0,0,1.3439782238714781,1.1521139470526751,-0.15489308168397692
-0.25570883086971885,1,22,6,2011,0,0,1.251194044466638,1.249205270665131,-1.0244476068440205
0.573135801532393,2,22,6,2011,0,0,0.7830795122150993,-0.911841733447549,-0.005355247185830073
1.9384129158557557,2,22,6,2011,0,0,1.0525205755715283,-1.0615050812775275,-1.2112368591886808
-1.3486181105998394,0,22,6,2011,0,0,1.3434540194680615,1.1756467457469475,-0.9222722893221548
-0.9389381283506959,0,22,6,2011,0,0,0.6242455779796946,-0.911841733447549,0.928058851425379
0.409163668762588,1,22,6,2011,0,0,-0.17673875044175216,0.5828678119034487,-0.6854597044407476
1.9623971257156043,2,22,6,2011,0,0,0.8035234839483693,0.982750795797844,-0.49760612587190106
1.6258211757285925,2,22,6,2011,0,0,1.3046628936151898,1.1521139470526751,-0.15489308168397692
-0.08150143081591646,1,22,6,2011,0,0,0.12100935069920443,-0.911841733447549,-0.21502751335049178
0.5724470756586781,2,22,6,2011,0,0,1.4655936454642637,1.2479894260424724,-0.3448753127011958
1.3473198337634127,2,22,6,2011,0,0,0.8381209745739028,-0.8109436708004377,-0.2645186827751454
-1.2459385906379226,0,22,6,2011,0,0,1.298896645177601,1.1286775380739726,0.041475106678358825
-0.2837710107424666,1,22,6,2011,0,0,-0.4493250402186844,-1.0615050812775275,-0.7706058023756356
-0.23540340052032,1,22,6,2011,0,0,0.8381209745739028,-0.8109436708004377,0.15429368644208524
-0.034159492930900565,1,22,6,2011,0,0,0.6242455779796946,-0.8109436708004377,0.01593127729789241
-1.4562002121550588,0,22,6,2011,0,0,1.2973240319673502,-1.0615050812775275,0.24742223105836839
0.9579011416530114,2,23,6,2011,0,0,1.3790999189004292,1.1948669823690239,-0.7275005902960983
-0.1483451814265229,1,23,6,2011,0,0,0.8590891507105893,-1.0618484950938234,1.2553391653626047
-0.1532543914646637,1,23,6,2011,0,0,0.31496497996355977,-0.9095891748249016,-1.831206884777084
-0.9389381283506959,0,23,6,2011,0,0,0.5948901313883325,-0.9095891748249016,0.928058851425379
-0.2837710107424666,1,23,6,2011,0,0,-0.18931965612376453,-1.0618484950938234,-0.7706058023756356
-0.07023490707221185,1,23,6,2011,0,0,1.0766339781287182,-1.0618484950938234,2.9343137840161777
-0.7652654590723796,0,23,6,2011,0,0,1.4482949001514969,0.9451349554647821,1.2553391653626047
0.6343900705580522,2,23,6,2011,0,0,0.3694822379189465,-0.9095891748249016,-1.831206884777084
-1.376855708149767,0,23,6,2011,0,0,0.1681877470067503,-1.0618484950938234,-0.7003602715793531
1.8019984234725068,2,23,6,2011,0,0,0.8229190468748042,0.39745227251852416,0.1590831544509229
-1.4562002121550588,0,23,6,2011,0,0,1.511723632964975,-1.0618484950938234,0.24742223105836839
0.7363931897707003,2,23,6,2011,0,0,0.5283161721543512,-0.9095891748249016,-0.30017361128537934
-0.08150143081591646,1,23,6,2011,0,0,0.08746026888050507,-0.9095891748249016,-0.21502751335049178
1.3473198337634127,2,23,6,2011,0,0,0.7904183738629398,-0.8085934104237846,-0.2645186827751454
1.6258211757285925,2,23,6,2011,0,0,1.3219616389279574,1.146211173776251,-0.15489308168397692
0.9403924192566392,2,23,6,2011,0,0,1.307808120035693,1.1551565461388817,-0.28740169659514614
-0.7837888727676563,0,23,6,2011,0,0,0.6121888767010992,-0.9095891748249016,-0.30017361128537934
-0.25570883086971885,1,23,6,2011,0,0,1.2595813149213126,1.2429854970455734,-1.0244476068440205
-1.2233312978149107,0,23,6,2011,0,0,1.0766339781287182,-1.0618484950938234,2.9343137840161777
-0.9075748471041216,0,23,6,2011,0,0,1.3832935541277664,-1.0618484950938234,0.14471475042440998
-0.5381791422292902,1,23,6,2011,0,0,1.390632415775607,1.146211173776251,-0.15489308168397692
1.9384129158557557,2,23,6,2011,0,0,1.1463531637832027,-1.0618484950938234,-1.2112368591886808
-1.2459385906379226,0,23,6,2011,0,0,1.2700654029896565,1.1228889533842221,0.041475106678358825
1.577114680345175,2,23,6,2011,0,0,1.3832935541277664,-1.0618484950938234,0.14471475042440998
0.6455589321870862,2,23,6,2011,0,0,1.390632415775607,1.146211173776251,-0.15489308168397692
1.9623971257156043,2,23,6,2011,0,0,0.8103381411927922,0.9775541337680206,-0.49760612587190106
-0.9763164935158085,0,23,6,2011,0,0,-0.12589092331028603,0.5830030910568657,-1.002096756136112
1.7698846401364374,2,23,6,2011,0,0,0.1681877470067503,-1.0618484950938234,-0.5476294584086479
-1.1255585835694173,0,23,6,2011,0,0,1.390632415775607,1.146211173776251,-0.15489308168397692
-0.48283908635581385,1,23,6,2011,0,0,0.8229190468748042,0.39745227251852416,0.1590831544509229
0.06984690069365158,1,23,6,2011,0,0,0.5927933137746635,-0.9095891748249016,0.40068520734116686
0.5116519662286834,1,23,6,2011,0,0,1.0766339781287182,-1.0618484950938234,2.9343137840161777
-0.8812789017076371,0,23,6,2011,0,0,-0.2558936153577462,0.5830030910568657,0.1984632247458085
-1.191930361324644,0,23,6,2011,0,0,1.3974470730200308,1.24177362462572,-0.3448753127011958
0.7468814399824394,2,23,6,2011,0,0,1.2878883527058407,1.1228889533842221,0.041475106678358825
-0.9769592987077368,0,23,6,2011,0,0,1.2700654029896565,1.1228889533842221,0.041475106678358825
-0.23540340052032,1,23,6,2011,0,0,0.7904183738629398,-0.8085934104237846,0.15429368644208524
0.5724470756586781,2,23,6,2011,0,0,1.4472464913446628,1.24177362462572,-0.3448753127011958
0.409163668762588,1,23,6,2011,0,0,0.1529858193076522,0.5830030910568657,-0.6854597044407476
-0.9305589082924309,0,23,6,2011,0,0,1.4482949001514969,1.2477738753981062,-0.9802780685402972
-1.3486181105998394,0,23,6,2011,0,0,1.3329699313997179,1.1696671396028981,-0.9222722893221548
0.573135801532393,2,23,6,2011,0,0,0.6205761471557739,-0.9095891748249016,-0.005355247185830073
0.22127507692775497,1,23,6,2011,0,0,0.3831115524077926,0.5830030910568657,0.1984632247458085
-0.034159492930900565,1,23,6,2011,0,0,0.5948901313883325,-0.8085934104237846,0.01593127729789241
-0.6294758300313095,1,23,6,2011,0,0,0.6955373768444306,0.9775541337680206,-0.49760612587190106
-0.9769592987077368,0,24,6,2011,0,0,1.3759546924799266,1.1217653664582523,0.041475106678358825
0.22127507692775497,1,24,6,2011,0,0,0.48218618465363916,0.5844572807362235,0.1984632247458085
-0.7652654590723796,0,24,6,2011,0,0,1.5887816802673,0.9441091295794264,1.2553391653626047
-0.6294758300313095,1,24,6,2011,0,0,0.282988511355112,0.9768594803030352,-0.49760612587190106
-0.1532543914646637,1,24,6,2011,0,0,0.051290165044719595,-0.9059498817955799,-1.831206884777084
-0.08150143081591646,1,24,6,2011,0,0,-0.19298908694768477,-0.9059498817955799,-0.21502751335049178
-0.48283908635581385,1,24,6,2011,0,0,0.5838818389165714,0.39805135081439363,0.1590831544509229
-1.2459385906379226,0,24,6,2011,0,0,1.3759546924799266,1.1217653664582523,0.041475106678358825
-0.9075748471041216,0,24,6,2011,0,0,1.5609988468861895,-1.0616554192296372,0.14471475042440998
-1.2233312978149107,0,24,6,2011,0,0,1.5022879537034663,-1.0616554192296372,2.9343137840161777
-1.376855708149767,0,24,6,2011,0,0,0.27093181007651707,-1.0616554192296372,-0.7003602715793531
1.3473198337634127,2,24,6,2011,0,0,0.46383903053403824,-0.8049280776847056,-0.2645186827751454
-0.1483451814265229,1,24,6,2011,0,0,0.9644542357974423,-1.0616554192296372,1.2553391653626047
-1.1255585835694173,0,24,6,2011,0,0,1.5389822619426687,1.1450476869624033,-0.15489308168397692
0.573135801532393,2,24,6,2011,0,0,0.3228280460148177,-0.9059498817955799,-0.005355247185830073
0.409163668762588,1,24,6,2011,0,0,0.21589034771771323,0.5844572807362235,-0.6854597044407476
-0.9389381283506959,0,24,6,2011,0,0,0.3034324830883819,-0.9059498817955799,0.928058851425379
-0.23540340052032,1,24,6,2011,0,0,0.46383903053403824,-0.8049280776847056,0.15429368644208524
0.7468814399824394,2,24,6,2011,0,0,1.4168426359464659,1.1217653664582523,0.041475106678358825
0.5116519662286834,1,24,6,2011,0,0,1.5022879537034663,-1.0616554192296372,2.9343137840161777
0.6455589321870862,2,24,6,2011,0,0,1.5389822619426687,1.1450476869624033,-0.15489308168397692
-1.4562002121550588,0,24,6,2011,0,0,1.7261232339626007,-1.0616554192296372,0.24742223105836839
0.6343900705580522,2,24,6,2011,0,0,0.15088900169398353,-0.9059498817955799,-1.831206884777084
-0.2837710107424666,1,24,6,2011,0,0,-0.08238195782666043,-1.0616554192296372,-0.7706058023756356
-0.5381791422292902,1,24,6,2011,0,0,1.5389822619426687,1.1450476869624033,-0.15489308168397692
-0.25570883086971885,1,24,6,2011,0,0,1.391680824582442,1.2417310259082917,-1.0244476068440205
-0.07023490707221185,1,24,6,2011,0,0,1.5022879537034663,-1.0616554192296372,2.9343137840161777
1.577114680345175,2,24,6,2011,0,0,1.5609988468861895,-1.0616554192296372,0.14471475042440998
1.9623971257156043,2,24,6,2011,0,0,0.43133835752217303,0.9768594803030352,-0.49760612587190106
1.7698846401364374,2,24,6,2011,0,0,0.27093181007651707,-1.0616554192296372,-0.5476294584086479
-0.8812789017076371,0,24,6,2011,0,0,-0.49230980129889296,0.5844572807362235,0.1984632247458085
0.06984690069365158,1,24,6,2011,0,0,0.2646413572355107,-0.9059498817955799,0.40068520734116686
-1.191930361324644,0,24,6,2011,0,0,1.5085784065444718,1.2405202902447237,-0.3448753127011958
0.9579011416530114,2,24,6,2011,0,0,1.5148688593854782,1.1936577520697895,-0.7275005902960983
0.7363931897707003,2,24,6,2011,0,0,0.30605350510546764,-0.9059498817955799,-0.30017361128537934
1.9384129158557557,2,24,6,2011,0,0,1.3277278873655463,-1.0616554192296372,-1.2112368591886808
0.5724470756586781,2,24,6,2011,0,0,1.5578536204656872,1.2405202902447237,-0.3448753127011958
-1.3486181105998394,0,24,6,2011,0,0,1.5022879537034663,1.1684816007481686,-0.9222722893221548
-0.7837888727676563,0,24,6,2011,0,0,0.29976305226446165,-0.9059498817955799,-0.30017361128537934
1.6258211757285925,2,24,6,2011,0,0,1.4860376171975336,1.1450476869624033,-0.15489308168397692
0.9403924192566392,2,24,6,2011,0,0,1.4797471643565272,1.1539846483595873,-0.28740169659514614
-0.9763164935158085,0,24,6,2011,0,0,0.008305403964511425,0.5844572807362235,-1.002096756136112
-0.9305589082924309,0,24,6,2011,0,0,1.6233791708928342,1.246514901056216,-0.9802780685402972
-0.034159492930900565,1,24,6,2011,0,0,0.3034324830883819,-0.8049280776847056,0.01593127729789241
1.8019984234725068,2,24,6,2011,0,0,0.5838818389165714,0.39805135081439363,0.1590831544509229
1.8019984234725068,2,25,6,2011,0,0,0.8737668740062704,0.4011452766379493,0.1590831544509229
-0.6294758300313095,1,25,6,2011,0,0,0.656746250991559,0.979541333261679,-0.49760612587190106
-0.9075748471041216,0,25,6,2011,0,0,1.704106649019079,-1.0610599754606698,0.14471475042440998
-0.48283908635581385,1,25,6,2011,0,0,0.8737668740062704,0.4011452766379493,0.1590831544509229
0.5116519662286834,1,25,6,2011,0,0,1.6128950828244906,-1.0610599754606698,2.9343137840161777
0.9403924192566392,2,25,6,2011,0,0,1.3313973181894663,1.1563828844913393,-0.28740169659514614
-0.5381791422292902,1,25,6,2011,0,0,1.443577060520742,1.1474386643510666,-0.15489308168397692
0.22127507692775497,1,25,6,2011,0,0,0.3605707630608544,0.5869006520211995,0.1984632247458085
1.9384129158557557,2,25,6,2011,0,0,1.2407099563982944,-1.0610599754606698,-1.2112368591886808
0.6343900705580522,2,25,6,2011,0,0,0.2945210082302898,-0.9012705340947349,-1.831206884777084
-0.23540340052032,1,25,6,2011,0,0,0.7254170278392094,-0.8002764400293858,0.15429368644208524
-1.4562002121550588,0,25,6,2011,0,0,1.883384554987754,-1.0610599754606698,0.24742223105836839
-0.9763164935158085,0,25,6,2011,0,0,-0.20032794859552527,0.5869006520211995,-1.002096756136112
-1.1255585835694173,0,25,6,2011,0,0,1.443577060520742,1.1474386643510666,-0.15489308168397692
0.409163668762588,1,25,6,2011,0,0,0.07120993237457246,0.5869006520211995,-0.6854597044407476
-1.3486181105998394,0,25,6,2011,0,0,1.3932534377926935,1.1708916091383315,-0.9222722893221548
-1.376855708149767,0,25,6,2011,0,0,0.42976574431192144,-1.0610599754606698,-0.7003602715793531
1.6258211757285925,2,25,6,2011,0,0,1.4147458183327977,1.1474386643510666,-0.15489308168397692
0.573135801532393,2,25,6,2011,0,0,0.5608168451662157,-0.9012705340947349,-0.005355247185830073
-0.034159492930900565,1,25,6,2011,0,0,0.5424696910466148,-0.8002764400293858,0.01593127729789241
1.3473198337634127,2,25,6,2011,0,0,0.7254170278392094,-0.8002764400293858,-0.2645186827751454
0.7363931897707003,2,25,6,2011,0,0,0.5356550338021917,-0.9012705340947349,-0.30017361128537934
1.577114680345175,2,25,6,2011,0,0,1.704106649019079,-1.0610599754606698,0.14471475042440998
-0.8812789017076371,0,25,6,2011,0,0,-0.5940054555618252,0.5869006520211995,0.1984632247458085
0.7468814399824394,2,25,6,2011,0,0,1.356559129553491,1.1241405246330194,0.041475106678358825
-0.9389381283506959,0,25,6,2011,0,0,0.5424696910466148,-0.9012705340947349,0.928058851425379
-1.2233312978149107,0,25,6,2011,0,0,1.6128950828244906,-1.0610599754606698,2.9343137840161777
-0.25570883086971885,1,25,6,2011,0,0,1.3502686767124845,1.2442005271217782,-1.0244476068440205
0.5724470756586781,2,25,6,2011,0,0,1.4650694410608462,1.2429888093626436,-0.3448753127011958
-1.2459385906379226,0,25,6,2011,0,0,1.350792881115902,1.1241405246330194,0.041475106678358825
0.06984690069365158,1,25,6,2011,0,0,0.4837587978638907,-0.9012705340947349,0.40068520734116686
1.7698846401364374,2,25,6,2011,0,0,0.42976574431192144,-1.0610599754606698,-0.5476294584086479
-1.191930361324644,0,25,6,2011,0,0,1.4026891170542024,1.2429888093626436,-0.3448753127011958
-0.07023490707221185,1,25,6,2011,0,0,1.6128950828244906,-1.0610599754606698,2.9343137840161777
-0.2837710107424666,1,25,6,2011,0,0,0.1472195708700633,-1.0610599754606698,-0.7706058023756356
-0.08150143081591646,1,25,6,2011,0,0,-0.06508321251389367,-0.9012705340947349,-0.21502751335049178
-0.7652654590723796,0,25,6,2011,0,0,1.5788217966023739,0.9463366744084198,1.2553391653626047
1.9623971257156043,2,25,6,2011,0,0,0.7453367951690626,0.979541333261679,-0.49760612587190106
0.9579011416530114,2,25,6,2011,0,0,1.4325687680489818,1.196088209184711,-0.7275005902960983
0.6455589321870862,2,25,6,2011,0,0,1.443577060520742,1.1474386643510666,-0.15489308168397692
-0.7837888727676563,0,25,6,2011,0,0,0.6174309207352707,-0.9012705340947349,-0.30017361128537934
-0.1532543914646637,1,25,6,2011,0,0,0.2310922754168117,-0.9012705340947349,-1.831206884777084
-0.9769592987077368,0,25,6,2011,0,0,1.350792881115902,1.1241405246330194,0.041475106678358825
-0.9305589082924309,0,25,6,2011,0,0,1.497045909669294,1.248988289409112,-0.9802780685402972
-0.1483451814265229,1,25,6,2011,0,0,0.9948580911956384,-1.0610599754606698,1.2553391653626047
-0.9305589082924309,0,26,7,2011,0,0,1.6228549664894167,1.2514616777620082,-0.967506153850064
-0.25570883086971885,1,26,7,2011,0,0,1.5243045386469878,1.2466700283352647,-0.95633072849611
0.5724470756586781,2,26,7,2011,0,0,1.4807955731633622,1.2454573284805628,-0.348600454485847
0.6343900705580522,2,26,7,2011,0,0,0.391498822862468,-0.8965911889715692,-1.9360430178594148
-1.4562002121550588,0,26,7,2011,0,0,2.1098408572639746,-1.060464531691702,0.11704226859557161
-1.191930361324644,0,26,7,2011,0,0,1.411076387508877,1.2454573284805628,-0.348600454485847
-0.23540340052032,1,26,7,2011,0,0,0.8166285940337986,-0.7956248049517453,0.24582574172208918
-1.2233312978149107,0,26,7,2011,0,0,1.6600734791320362,-1.060464531691702,2.8103197788984966
1.7698846401364374,2,26,7,2011,0,0,0.844411427414909,-1.060464531691702,-0.7157930018300516
-1.2459385906379226,0,26,7,2011,0,0,1.4231330887874722,1.1265156828077858,-0.023980956109086893
-0.08150143081591646,1,26,7,2011,0,0,0.08955708649417374,-0.8965911889715692,-0.2421678320672369
-0.9763164935158085,0,26,7,2011,0,0,0.28351271575852943,0.5893440258838539,-1.0026289192482052
0.7468814399824394,2,26,7,2011,0,0,1.4021649126507856,1.1265156828077858,-0.023980956109086893
-1.376855708149767,0,26,7,2011,0,0,0.844411427414909,-1.060464531691702,-0.8844887083635484
-1.1255585835694173,0,26,7,2011,0,0,1.5405548751529197,1.1498296417397305,-0.1969339675393277
-1.3486181105998394,0,26,7,2011,0,0,1.4482949001514969,1.173301620106173,-0.9009857648384328
-0.8812789017076371,0,26,7,2011,0,0,0.018789492032854745,0.5893440258838539,0.21283162877232042
-0.1532543914646637,1,26,7,2011,0,0,0.3705306467257806,-0.8965911889715692,-1.9360430178594148
1.577114680345175,2,26,7,2011,0,0,1.948910105414901,-1.060464531691702,0.01859209285835713
0.7363931897707003,2,26,7,2011,0,0,0.495815499142486,-0.8965911889715692,-0.22141347069560813
-0.5381791422292902,1,26,7,2011,0,0,1.5405548751529197,1.1498296417397305,-0.1969339675393277
-0.9769592987077368,0,26,7,2011,0,0,1.4231330887874722,1.1265156828077858,-0.023980956109086893
0.9579011416530114,2,26,7,2011,0,0,1.510675224158141,1.1985186662996323,-0.6902491724495852
-0.034159492930900565,1,26,7,2011,0,0,0.6614640906223138,-0.7956248049517453,-0.10593407537141651
0.573135801532393,2,26,7,2011,0,0,0.6336812572412034,-0.8965911889715692,0.07234056717975562
1.3473198337634127,2,26,7,2011,0,0,0.8166285940337986,-0.7956248049517453,-0.19799829376351416
1.6258211757285925,2,26,7,2011,0,0,1.4420044473104905,1.1498296417397305,-0.1969339675393277
0.409163668762588,1,26,7,2011,0,0,0.4627906217272041,0.5893440258838539,-0.7030210871398184
1.9623971257156043,2,26,7,2011,0,0,0.6017047886327556,0.9822231862203228,-0.5045242463291106
-0.2837710107424666,1,26,7,2011,0,0,0.4827103890570566,-1.060464531691702,-0.7860385326263339
0.5116519662286834,1,26,7,2011,0,0,1.6600734791320362,-1.060464531691702,2.8103197788984966
1.8019984234725068,2,26,7,2011,0,0,0.8313063173294797,0.4042392024615057,0.21442811810859963
-0.9075748471041216,0,26,7,2011,0,0,1.948910105414901,-1.060464531691702,0.01859209285835713
0.9403924192566392,2,26,7,2011,0,0,1.43466558566265,1.1587811206230916,-0.13839602520909253
-0.7652654590723796,0,26,7,2011,0,0,1.73922834404803,0.9485642166597348,1.2872689520881881
1.9384129158557557,2,26,7,2011,0,0,1.3817209409175157,-1.060464531691702,-1.3719501190407817
-0.1483451814265229,1,26,7,2011,0,0,1.2464762048358833,-1.060464531691702,1.2872689520881881
-0.48283908635581385,1,26,7,2011,0,0,0.8313063173294797,0.4042392024615057,0.21442811810859963
-0.07023490707221185,1,26,7,2011,0,0,1.6600734791320362,-1.060464531691702,2.8103197788984966
-0.7837888727676563,0,26,7,2011,0,0,0.48480720667072563,-0.8965911889715692,-0.22141347069560813
-0.6294758300313095,1,26,7,2011,0,0,0.4418224455905167,0.9822231862203228,-0.5045242463291106
0.6455589321870862,2,26,7,2011,0,0,1.5405548751529197,1.1498296417397305,-0.1969339675393277
-0.9389381283506959,0,26,7,2011,0,0,0.6614640906223138,-0.8965911889715692,0.873246050879795
0.22127507692775497,1,26,7,2011,0,0,0.7694501977262524,0.5893440258838539,0.21283162877232042
0.06984690069365158,1,26,7,2011,0,0,0.6064226282635103,-0.8965911889715692,0.35545134281325813
-0.9305589082924309,0,27,7,2011,0,0,1.6176129224552454,1.253935063537226,-0.967506153850064
0.7363931897707003,2,27,7,2011,0,0,0.7872731474424366,-0.8919118438484026,-0.22141347069560813
0.9403924192566392,2,27,7,2011,0,0,1.4493433089583312,1.1611793567548438,-0.13839602520909253
-1.3486181105998394,0,27,7,2011,0,0,1.4918038656351225,1.1757116310740143,-0.9009857648384328
-1.376855708149767,0,27,7,2011,0,0,1.0021969528434789,-1.0598690879227344,-0.8844887083635484
-0.034159492930900565,1,27,7,2011,0,0,0.8407419965909885,-0.7909731698741047,-0.10593407537141651
-0.9769592987077368,0,27,7,2011,0,0,1.390632415775607,1.1288908435602323,-0.023980956109086893
0.9579011416530114,2,27,7,2011,0,0,1.581967023022877,1.200949125992233,-0.6902491724495852
-0.7837888727676563,0,27,7,2011,0,0,0.8014266663347002,-0.8919118438484026,-0.22141347069560813
0.6455589321870862,2,27,7,2011,0,0,1.623903375296251,1.152220621706073,-0.1969339675393277
0.573135801532393,2,27,7,2011,0,0,0.7537240656237373,-0.8919118438484026,0.07234056717975562
0.6343900705580522,2,27,7,2011,0,0,0.6153341031216024,-0.8919118438484026,-1.9360430178594148
0.22127507692775497,1,27,7,2011,0,0,0.7537240656237373,0.5917873971688292,0.21283162877232042
1.3473198337634127,2,27,7,2011,0,0,0.9796561634965407,-0.7909731698741047,-0.19799829376351416
-1.1255585835694173,0,27,7,2011,0,0,1.623903375296251,1.152220621706073,-0.1969339675393277
0.409163668762588,1,27,7,2011,0,0,0.5403728734329457,0.5917873971688292,-0.7030210871398184
1.6258211757285925,2,27,7,2011,0,0,1.5473695323973435,1.152220621706073,-0.1969339675393277
-0.48283908635581385,1,27,7,2011,0,0,1.0121568365084053,0.4073331257073829,0.21442811810859963
1.9623971257156043,2,27,7,2011,0,0,0.8653796035515957,0.984905041756646,-0.5045242463291106
-0.1483451814265229,1,27,7,2011,0,0,1.18776531165316,-1.0598690879227344,1.2872689520881881
-0.9075748471041216,0,27,7,2011,0,0,1.5929753154946373,-1.0598690879227344,0.01859209285835713
-0.9763164935158085,0,27,7,2011,0,0,0.3574255366403512,0.5917873971688292,-1.0026289192482052
-0.5381791422292902,1,27,7,2011,0,0,1.623903375296251,1.152220621706073,-0.1969339675393277
-0.2837710107424666,1,27,7,2011,0,0,0.6509800025539701,-1.0598690879227344,-0.7860385326263339
-0.25570883086971885,1,27,7,2011,0,0,1.3308731137860488,1.2491395321264298,-0.95633072849611
-0.6294758300313095,1,27,7,2011,0,0,0.7054972605093569,0.984905041756646,-0.5045242463291106
0.5724470756586781,2,27,7,2011,0,0,1.519586699016233,1.247925847598483,-0.348600454485847
0.06984690069365158,1,27,7,2011,0,0,0.7830795122150993,-0.8919118438484026,0.35545134281325813
-1.191930361324644,0,27,7,2011,0,0,1.425754110804558,1.247925847598483,-0.348600454485847
-0.07023490707221185,1,27,7,2011,0,0,1.6626945011491225,-1.0598690879227344,2.8103197788984966
-0.23540340052032,1,27,7,2011,0,0,0.9796561634965407,-0.7909731698741047,0.24582574172208918
-1.4562002121550588,0,27,7,2011,0,0,2.005524180983956,-1.0598690879227344,0.11704226859557161
1.577114680345175,2,27,7,2011,0,0,1.5929753154946373,-1.0598690879227344,0.01859209285835713
-0.08150143081591646,1,27,7,2011,0,0,0.2704076056731,-0.8919118438484026,-0.2421678320672369
-0.9389381283506959,0,27,7,2011,0,0,0.8407419965909885,-0.8919118438484026,0.873246050879795
0.5116519662286834,1,27,7,2011,0,0,1.6626945011491225,-1.0598690879227344,2.8103197788984966
1.7698846401364374,2,27,7,2011,0,0,1.0021969528434789,-1.0598690879227344,-0.7157930018300516
-1.2459385906379226,0,27,7,2011,0,0,1.390632415775607,1.1288908435602323,-0.023980956109086893
1.9384129158557557,2,27,7,2011,0,0,1.3843419629346014,-1.0598690879227344,-1.3719501190407817
0.7468814399824394,2,27,7,2011,0,0,1.3707126484457546,1.1288908435602323,-0.023980956109086893
-0.7652654590723796,0,27,7,2011,0,0,1.511723632964975,0.9507917614887282,1.2872689520881881
-0.1532543914646637,1,27,7,2011,0,0,0.5073479960176639,-0.8919118438484026,-1.9360430178594148
-0.8812789017076371,0,27,7,2011,0,0,0.047096529817382264,0.5917873971688292,0.21283162877232042
-1.2233312978149107,0,27,7,2011,0,0,1.6626945011491225,-1.0598690879227344,2.8103197788984966
1.8019984234725068,2,27,7,2011,0,0,1.0121568365084053,0.4073331257073829,0.21442811810859963
1.7698846401364374,2,28,7,2011,0,0,0.912557999859142,-1.0593190448078915,-0.7157930018300516
-0.9763164935158085,0,28,7,2011,0,0,0.3658128070950259,0.5950018552462248,-1.0026289192482052
-0.7837888727676563,0,28,7,2011,0,0,0.7946120090902771,-0.887905909540438,-0.22141347069560813
1.8019984234725068,2,28,7,2011,0,0,1.0635288680432888,0.41011611131031944,0.21442811810859963
-0.9769592987077368,0,28,7,2011,0,0,1.4388592208899873,1.131051190884406,-0.023980956109086893
-0.7652654590723796,0,28,7,2011,0,0,1.3885355981619387,0.9528228511168207,1.2872689520881881
-0.9305589082924309,0,28,7,2011,0,0,1.6915257433370672,1.2561294078651613,-0.967506153850064
-0.5381791422292902,1,28,7,2011,0,0,1.7229780075420975,1.154381172666861,-0.1969339675393277
-0.25570883086971885,1,28,7,2011,0,0,1.3670432176218346,1.2513322834489582,-0.95633072849611
-1.191930361324644,0,28,7,2011,0,0,1.5180140858059814,1.2501181942254618,-0.348600454485847
-0.08150143081591646,1,28,7,2011,0,0,0.32754588564557247,-0.887905909540438,-0.2421678320672369
-1.2459385906379226,0,28,7,2011,0,0,1.4388592208899873,1.131051190884406,-0.023980956109086893
-0.6294758300313095,1,28,7,2011,0,0,0.7594903140613262,0.9872829245377492,-0.5045242463291106
1.9384129158557557,2,28,7,2011,0,0,1.3151469816835337,-1.0593190448078915,-1.3719501190407817
-0.9075748471041216,0,28,7,2011,0,0,1.4587789882198405,-1.0593190448078915,0.01859209285835713
1.577114680345175,2,28,7,2011,0,0,1.4587789882198405,-1.0593190448078915,0.01859209285835713
0.7363931897707003,2,28,7,2011,0,0,0.8134833676132954,-0.887905909540438,-0.22141347069560813
0.22127507692775497,1,28,7,2011,0,0,0.6483589805368843,0.5950018552462248,0.21283162877232042
0.6455589321870862,2,28,7,2011,0,0,1.7229780075420975,1.154381172666861,-0.1969339675393277
1.9623971257156043,2,28,7,2011,0,0,0.875339487216522,0.9872829245377492,-0.5045242463291106
1.3473198337634127,2,28,7,2011,0,0,1.0299797862245894,-0.7869410566617343,-0.19799829376351416
1.6258211757285925,2,28,7,2011,0,0,1.6590250703252019,1.154381172666861,-0.1969339675393277
-1.376855708149767,0,28,7,2011,0,0,0.912557999859142,-1.0593190448078915,-0.8844887083635484
-1.2233312978149107,0,28,7,2011,0,0,1.56833770853403,-1.0593190448078915,2.8103197788984966
-1.1255585835694173,0,28,7,2011,0,0,1.7229780075420975,1.154381172666861,-0.1969339675393277
-1.3486181105998394,0,28,7,2011,0,0,1.596644746318558,1.1778799872457655,-0.9009857648384328
0.409163668762588,1,28,7,2011,0,0,0.5241225369270139,0.5950018552462248,-0.7030210871398184
-0.8812789017076371,0,28,7,2011,0,0,-0.19980374419210822,0.5950018552462248,0.21283162877232042
-0.23540340052032,1,28,7,2011,0,0,1.0299797862245894,-0.7869410566617343,0.24582574172208918
0.573135801532393,2,28,7,2011,0,0,0.8517502890627496,-0.887905909540438,0.07234056717975562
-0.9389381283506959,0,28,7,2011,0,0,0.892114028125872,-0.887905909540438,0.873246050879795
0.06984690069365158,1,28,7,2011,0,0,0.848080858238829,-0.887905909540438,0.35545134281325813
0.5116519662286834,1,28,7,2011,0,0,1.56833770853403,-1.0593190448078915,2.8103197788984966
0.7468814399824394,2,28,7,2011,0,0,1.4561579662027542,1.131051190884406,-0.023980956109086893
-0.07023490707221185,1,28,7,2011,0,0,1.56833770853403,-1.0593190448078915,2.8103197788984966
-0.2837710107424666,1,28,7,2011,0,0,0.5110174268415845,-1.0593190448078915,-0.7860385326263339
-0.48283908635581385,1,28,7,2011,0,0,1.0635288680432888,0.41011611131031944,0.21442811810859963
0.6343900705580522,2,28,7,2011,0,0,0.609043650280596,-0.887905909540438,-1.9360430178594148
0.9403924192566392,2,28,7,2011,0,0,1.5914027022843864,1.1633428875121548,-0.13839602520909253
-0.1483451814265229,1,28,7,2011,0,0,1.0436091007134363,-1.0593190448078915,1.2872689520881881
0.9579011416530114,2,28,7,2011,0,0,1.6118466740176565,1.2031258647749652,-0.6902491724495852
-0.1532543914646637,1,28,7,2011,0,0,0.5618652539730506,-0.887905909540438,-1.9360430178594148
-0.034159492930900565,1,28,7,2011,0,0,0.892114028125872,-0.7869410566617343,-0.10593407537141651
-1.4562002121550588,0,28,7,2011,0,0,1.816286391350355,-1.0593190448078915,0.11704226859557161
0.5724470756586781,2,28,7,2011,0,0,1.5788217966023739,1.2501181942254618,-0.348600454485847
0.7468814399824394,2,29,7,2011,0,0,1.384866167338018,1.1326745149486168,-0.023980956109086893
-1.4562002121550588,0,29,7,2011,0,0,2.0437911024334103,-1.0588825020395216,0.11704226859557161
1.577114680345175,2,29,7,2011,0,0,1.5940237243014723,-1.0588825020395216,0.01859209285835713
-1.2459385906379226,0,29,7,2011,0,0,1.3172437992972026,1.1326745149486168,-0.023980956109086893
-0.07023490707221185,1,29,7,2011,0,0,1.729268460383104,-1.0588825020395216,2.8103197788984966
0.7363931897707003,2,29,7,2011,0,0,1.1107072643508349,-0.8855835035593157,-0.22141347069560813
-0.1483451814265229,1,29,7,2011,0,0,1.1830474720224051,-1.0588825020395216,1.2872689520881881
-0.034159492930900565,1,29,7,2011,0,0,1.027882968610921,-0.7844577545567369,-0.10593407537141651
-0.8812789017076371,0,29,7,2011,0,0,-0.10282592955993036,0.6001440225716345,0.21283162877232042
-0.7652654590723796,0,29,7,2011,0,0,1.5934995198980548,0.9543628078980184,1.2872689520881881
-0.9389381283506959,0,29,7,2011,0,0,1.027882968610921,-0.8855835035593157,0.873246050879795
-0.2837710107424666,1,29,7,2011,0,0,0.6100920590874302,-1.0588825020395216,-0.7860385326263339
-0.9075748471041216,0,29,7,2011,0,0,1.5940237243014723,-1.0588825020395216,0.01859209285835713
0.5116519662286834,1,29,7,2011,0,0,1.729268460383104,-1.0588825020395216,2.8103197788984966
1.9384129158557557,2,29,7,2011,0,0,1.2926061923365955,-1.0588825020395216,-1.3719501190407817
0.22127507692775497,1,29,7,2011,0,0,0.934050380399246,0.6001440225716345,0.21283162877232042
-0.48283908635581385,1,29,7,2011,0,0,1.265871767762319,0.41212174378403027,0.21442811810859963
-0.6294758300313095,1,29,7,2011,0,0,1.0441333051168529,0.9889008844526818,-0.5045242463291106
0.6455589321870862,2,29,7,2011,0,0,1.6820900640755576,1.1559656614244773,-0.1969339675393277
0.06984690069365158,1,29,7,2011,0,0,1.07453716051505,-0.8855835035593157,0.35545134281325813
-0.5381791422292902,1,29,7,2011,0,0,1.6820900640755576,1.1559656614244773,-0.1969339675393277
-0.7837888727676563,0,29,7,2011,0,0,1.1421595285558652,-0.8855835035593157,-0.22141347069560813
-0.25570883086971885,1,29,7,2011,0,0,1.4299477460318952,1.252833157466411,-0.95633072849611
0.5724470756586781,2,29,7,2011,0,0,1.552611576431515,1.2516201173581265,-0.348600454485847
-0.23540340052032,1,29,7,2011,0,0,1.2632507457452333,-0.7844577545567369,0.24582574172208918
-1.2233312978149107,0,29,7,2011,0,0,1.729268460383104,-1.0588825020395216,2.8103197788984966
1.8019984234725068,2,29,7,2011,0,0,1.265871767762319,0.41212174378403027,0.21442811810859963
0.573135801532393,2,29,7,2011,0,0,1.1065136291234976,-0.8855835035593157,0.07234056717975562
0.9403924192566392,2,29,7,2011,0,0,1.446198082537828,1.1649196458114897,-0.13839602520909253
1.3473198337634127,2,29,7,2011,0,0,1.2632507457452333,-0.7844577545567369,-0.19799829376351416
1.9623971257156043,2,29,7,2011,0,0,1.0855454529868103,0.9889008844526818,-0.5045242463291106
0.9579011416530114,2,29,7,2011,0,0,1.5662408909203618,1.2046683167490995,-0.6902491724495852
0.409163668762588,1,29,7,2011,0,0,0.8349757481533996,0.6001440225716345,-0.7030210871398184
-1.376855708149767,0,29,7,2011,0,0,1.0651014812535404,-1.0588825020395216,-0.8844887083635484
-1.3486181105998394,0,29,7,2011,0,0,1.5091026109478893,1.1794442102938074,-0.9009857648384328
-0.9305589082924309,0,29,7,2011,0,0,1.6197097400689136,1.2576261447083754,-0.967506153850064
-0.1532543914646637,1,29,7,2011,0,0,0.7946120090902771,-0.8855835035593157,-1.9360430178594148
-1.1255585835694173,0,29,7,2011,0,0,1.6820900640755576,1.1559656614244773,-0.1969339675393277
-0.9763164935158085,0,29,7,2011,0,0,0.37629689516336956,0.6001440225716345,-1.0026289192482052
1.6258211757285925,2,29,7,2011,0,0,1.6333390545577606,1.1559656614244773,-0.1969339675393277
-0.08150143081591646,1,29,7,2011,0,0,0.5943659269849151,-0.8855835035593157,-0.2421678320672369
-0.9769592987077368,0,29,7,2011,0,0,1.3172437992972026,1.1326745149486168,-0.023980956109086893
-1.191930361324644,0,29,7,2011,0,0,1.4682146674813494,1.2516201173581265,-0.348600454485847
1.7698846401364374,2,29,7,2011,0,0,1.0651014812535404,-1.0588825020395216,-0.7157930018300516
0.6343900705580522,2,29,7,2011,0,0,0.9728415062521168,-0.8855835035593157,-1.9360430178594148
0.6343900705580522,2,30,7,2011,0,0,0.5959385401951667,-0.8832610975781935,-1.9360430178594148
-1.4562002121550588,0,30,7,2011,0,0,1.9447164701875637,-1.0584459592711517,0.11704226859557161
-0.9075748471041216,0,30,7,2011,0,0,1.4975701140727116,-1.0584459592711517,0.01859209285835713
0.5724470756586781,2,30,7,2011,0,0,1.6396295073987661,1.2531220379131127,-0.348600454485847
0.22127507692775497,1,30,7,2011,0,0,0.9293325407684913,0.6052861898970433,0.21283162877232042
0.5116519662286834,1,30,7,2011,0,0,1.8403997939075456,-1.0584459592711517,2.8103197788984966
-0.25570883086971885,1,30,7,2011,0,0,1.4823681863736131,1.2543340314838631,-0.95633072849611
-0.9389381283506959,0,30,7,2011,0,0,0.8984044809668776,-0.8832610975781935,0.873246050879795
0.409163668762588,1,30,7,2011,0,0,0.6876743107931726,0.6052861898970433,-0.7030210871398184
-0.7837888727676563,0,30,7,2011,0,0,0.8643311947447616,-0.8832610975781935,-0.22141347069560813
-0.9305589082924309,0,30,7,2011,0,0,1.7255990295591832,1.2591228815515894,-0.967506153850064
1.8019984234725068,2,30,7,2011,0,0,1.2124029186137673,0.4141273762577403,0.21442811810859963
1.7698846401364374,2,30,7,2011,0,0,1.018971493752829,-1.0584459592711517,-0.7157930018300516
0.06984690069365158,1,30,7,2011,0,0,0.8213464336645527,-0.8832610975781935,0.35545134281325813
0.9579011416530114,2,30,7,2011,0,0,1.679469042058472,1.206210766145555,-0.6902491724495852
1.9384129158557557,2,30,7,2011,0,0,1.3722852616560062,-1.0584459592711517,-1.3719501190407817
-0.9769592987077368,0,30,7,2011,0,0,1.405310139071288,1.1342978364351484,-0.023980956109086893
-0.6294758300313095,1,30,7,2011,0,0,0.8669522167618473,0.9905188443676142,-0.5045242463291106
-0.9763164935158085,0,30,7,2011,0,0,0.45387914686911196,0.6052861898970433,-1.0026289192482052
-0.48283908635581385,1,30,7,2011,0,0,1.2124029186137673,0.4141273762577403,0.21442811810859963
-0.5381791422292902,1,30,7,2011,0,0,1.7497124321163737,1.1575501527597722,-0.1969339675393277
0.573135801532393,2,30,7,2011,0,0,0.8732426696028537,-0.8832610975781935,0.07234056717975562
-1.1255585835694173,0,30,7,2011,0,0,1.7497124321163737,1.1575501527597722,-0.1969339675393277
-0.23540340052032,1,30,7,2011,0,0,1.1128040819645033,-0.7819744524517396,0.24582574172208918
1.3473198337634127,2,30,7,2011,0,0,1.1128040819645033,-0.7819744524517396,-0.19799829376351416
-0.034159492930900565,1,30,7,2011,0,0,0.8984044809668776,-0.7819744524517396,-0.10593407537141651
-0.1483451814265229,1,30,7,2011,0,0,1.0409880786963506,-1.0584459592711517,1.2872689520881881
-1.191930361324644,0,30,7,2011,0,0,1.5667650953237784,1.2531220379131127,-0.348600454485847
0.7363931897707003,2,30,7,2011,0,0,0.8742910784096878,-0.8832610975781935,-0.22141347069560813
1.6258211757285925,2,30,7,2011,0,0,1.671605976007214,1.1575501527597722,-0.1969339675393277
-0.07023490707221185,1,30,7,2011,0,0,1.8403997939075456,-1.0584459592711517,2.8103197788984966
0.9403924192566392,2,30,7,2011,0,0,1.5017637493000489,1.1664964066885022,-0.13839602520909253
-0.08150143081591646,1,30,7,2011,0,0,0.26935919686626547,-0.8832610975781935,-0.2421678320672369
-0.7652654590723796,0,30,7,2011,0,0,1.323534252138209,0.9559027621015376,1.2872689520881881
-0.8812789017076371,0,30,7,2011,0,0,-0.07976093580957469,0.6052861898970433,0.21283162877232042
-0.1532543914646637,1,30,7,2011,0,0,0.4858556154775598,-0.8832610975781935,-1.9360430178594148
0.7468814399824394,2,30,7,2011,0,0,1.4708356894984351,1.1342978364351484,-0.023980956109086893
1.577114680345175,2,30,7,2011,0,0,1.4975701140727116,-1.0584459592711517,0.01859209285835713
1.9623971257156043,2,30,7,2011,0,0,1.011108427701571,0.9905188443676142,-0.5045242463291106
-1.376855708149767,0,30,7,2011,0,0,1.018971493752829,-1.0584459592711517,-0.8844887083635484
-1.3486181105998394,0,30,7,2011,0,0,1.637532689785098,1.1810084333418498,-0.9009857648384328
-1.2233312978149107,0,30,7,2011,0,0,1.8403997939075456,-1.0584459592711517,2.8103197788984966
-1.2459385906379226,0,30,7,2011,0,0,1.405310139071288,1.1342978364351484,-0.023980956109086893
0.6455589321870862,2,30,7,2011,0,0,1.7497124321163737,1.1575501527597722,-0.1969339675393277
-0.2837710107424666,1,30,7,2011,0,0,0.545614917467118,-1.0584459592711517,-0.7860385326263339
-0.9389381283506959,0,31,8,2011,0,0,0.8989286853702951,-0.8809386915970712,0.873246050879795
-0.1483451814265229,1,31,8,2011,0,0,0.9712688930418653,-1.058009416502781,1.2872689520881881
-0.9075748471041216,0,31,8,2011,0,0,1.6574524571149503,-1.058009416502781,0.01859209285835713
0.22127507692775497,1,31,8,2011,0,0,0.8727184651994363,0.6104283572224529,0.21283162877232042
-0.9305589082924309,0,31,8,2011,0,0,1.7476156145027049,1.2606196183948026,-0.967506153850064
-1.191930361324644,0,31,8,2011,0,0,1.5866848626536318,1.2546239584680992,-0.348600454485847
-0.2837710107424666,1,31,8,2011,0,0,0.3946440492829705,-1.058009416502781,-0.7860385326263339
-0.7652654590723796,0,31,8,2011,0,0,1.5353128311187483,0.9574427163050561,1.2872689520881881
-0.07023490707221185,1,31,8,2011,0,0,1.6999130137917418,-1.058009416502781,2.8103197788984966
-0.48283908635581385,1,31,8,2011,0,0,1.0504237579578592,0.41613300615377186,0.21442811810859963
0.6455589321870862,2,31,8,2011,0,0,1.8891508034253428,1.1591346415173889,-0.1969339675393277
-0.7837888727676563,0,31,8,2011,0,0,0.8098139367893749,-0.8809386915970712,-0.22141347069560813
1.9623971257156043,2,31,8,2011,0,0,1.0284071730143378,0.9921368042825466,-0.5045242463291106
0.9579011416530114,2,31,8,2011,0,0,1.7444703880822017,1.2077532155420108,-0.6902491724495852
-0.1532543914646637,1,31,8,2011,0,0,0.5199289016996759,-0.8809386915970712,-1.9360430178594148
1.8019984234725068,2,31,8,2011,0,0,1.0504237579578592,0.41613300615377186,0.21442811810859963
-0.08150143081591646,1,31,8,2011,0,0,0.26097192641159045,-0.8809386915970712,-0.2421678320672369
0.6343900705580522,2,31,8,2011,0,0,0.5948901313883325,-0.8809386915970712,-1.9360430178594148
-0.6294758300313095,1,31,8,2011,0,0,0.8292094997158106,0.9921368042825466,-0.5045242463291106
0.5724470756586781,2,31,8,2011,0,0,1.670033362796963,1.2546239584680992,-0.348600454485847
-1.3486181105998394,0,31,8,2011,0,0,1.7240264163489316,1.1825726563898917,-0.9009857648384328
0.7363931897707003,2,31,8,2011,0,0,0.820822229261136,-0.8809386915970712,-0.22141347069560813
-0.5381791422292902,1,31,8,2011,0,0,1.8891508034253428,1.1591346415173889,-0.1969339675393277
-0.25570883086971885,1,31,8,2011,0,0,1.4136974095259633,1.2558349055013158,-0.95633072849611
-0.23540340052032,1,31,8,2011,0,0,1.046230122730522,-0.7794911503467414,0.24582574172208918
-1.2233312978149107,0,31,8,2011,0,0,1.6999130137917418,-1.058009416502781,2.8103197788984966
-1.376855708149767,0,31,8,2011,0,0,0.9109853866488904,-1.058009416502781,-0.8844887083635484
0.573135801532393,2,31,8,2011,0,0,0.86275858153451,-0.8809386915970712,0.07234056717975562
-1.2459385906379226,0,31,8,2011,0,0,1.4954732964590425,1.135921160499359,-0.023980956109086893
1.3473198337634127,2,31,8,2011,0,0,1.046230122730522,-0.7794911503467414,-0.19799829376351416
-0.034159492930900565,1,31,8,2011,0,0,0.8989286853702951,-0.7794911503467414,-0.10593407537141651
0.7468814399824394,2,31,8,2011,0,0,1.5489421456075951,1.135921160499359,-0.023980956109086893
-0.8812789017076371,0,31,8,2011,0,0,-0.11907626606586298,0.6104283572224529,0.21283162877232042
1.577114680345175,2,31,8,2011,0,0,1.6574524571149503,-1.058009416502781,0.01859209285835713
1.6258211757285925,2,31,8,2011,0,0,1.8430208159246313,1.1591346415173889,-0.1969339675393277
-1.1255585835694173,0,31,8,2011,0,0,1.8891508034253428,1.1591346415173889,-0.1969339675393277
0.9403924192566392,2,31,8,2011,0,0,1.7544302717471285,1.1680731675655156,-0.13839602520909253
1.9384129158557557,2,31,8,2011,0,0,1.462972623447178,-1.058009416502781,-1.3719501190407817
1.7698846401364374,2,31,8,2011,0,0,0.9109853866488904,-1.058009416502781,-0.7157930018300516
-0.9769592987077368,0,31,8,2011,0,0,1.4954732964590425,1.135921160499359,-0.023980956109086893
0.409163668762588,1,31,8,2011,0,0,0.7343285026973014,0.6104283572224529,-0.7030210871398184
-0.9763164935158085,0,31,8,2011,0,0,0.30290827868496484,0.6104283572224529,-1.0026289192482052
-1.4562002121550588,0,31,8,2011,0,0,2.031210196751398,-1.058009416502781,0.11704226859557161
0.5116519662286834,1,31,8,2011,0,0,1.6999130137917418,-1.058009416502781,2.8103197788984966
0.06984690069365158,1,31,8,2011,0,0,0.8596133551140068,-0.8809386915970712,0.35545134281325813
-0.8812789017076371,0,32,8,2011,0,0,-0.18984386052718158,0.6155705271255403,0.21283162877232042
1.7698846401364374,2,32,8,2011,0,0,0.9314293583821603,-1.0575728763120895,-0.7157930018300516
-0.9763164935158085,0,32,8,2011,0,0,0.46698425695454143,0.6155705271255403,-1.0026289192482052
-0.034159492930900565,1,32,8,2011,0,0,0.8653796035515957,-0.7770078482417441,-0.10593407537141651
1.3473198337634127,2,32,8,2011,0,0,0.969172075428197,-0.7770078482417441,-0.19799829376351416
1.6258211757285925,2,32,8,2011,0,0,1.750760840923208,1.1607191302750046,-0.1969339675393277
-1.191930361324644,0,32,8,2011,0,0,1.6092256520005699,1.2561258790230847,-0.348600454485847
-1.1255585835694173,0,32,8,2011,0,0,1.7895519667760789,1.1607191302750046,-0.1969339675393277
0.6343900705580522,2,32,8,2011,0,0,0.6121888767010992,-0.8786162881936274,-1.9360430178594148
0.9579011416530114,2,32,8,2011,0,0,1.6936225609507354,1.2092956649384665,-0.6902491724495852
0.573135801532393,2,32,8,2011,0,0,0.7516272480100682,-0.8786162881936274,0.07234056717975562
-0.1483451814265229,1,32,8,2011,0,0,1.1557888430447123,-1.0575728763120895,1.2872689520881881
-1.4562002121550588,0,32,8,2011,0,0,1.9824591872336004,-1.0575728763120895,0.11704226859557161
0.409163668762588,1,32,8,2011,0,0,0.49633970354590345,0.6155705271255403,-0.7030210871398184
-0.1532543914646637,1,32,8,2011,0,0,0.5304129897680195,-0.8786162881936274,-1.9360430178594148
-1.3486181105998394,0,32,8,2011,0,0,1.6763238156379687,1.184136879437934,-0.9009857648384328
-0.9305589082924309,0,32,8,2011,0,0,1.7533818629402937,1.2621163552380168,-0.967506153850064
1.9623971257156043,2,32,8,2011,0,0,0.804047688351786,0.9937547641974791,-0.5045242463291106
-1.376855708149767,0,32,8,2011,0,0,0.9314293583821603,-1.0575728763120895,-0.8844887083635484
-0.08150143081591646,1,32,8,2011,0,0,0.2520604515534987,-0.8786162881936274,-0.2421678320672369
0.9403924192566392,2,32,8,2011,0,0,1.7077760798429997,1.1696499284425281,-0.13839602520909253
-0.9769592987077368,0,32,8,2011,0,0,1.5442243059768404,1.1375444845635696,-0.023980956109086893
1.577114680345175,2,32,8,2011,0,0,1.4378108120831532,-1.0575728763120895,0.01859209285835713
-0.9075748471041216,0,32,8,2011,0,0,1.4378108120831532,-1.0575728763120895,0.01859209285835713
0.22127507692775497,1,32,8,2011,0,0,0.8396935877841544,0.6155705271255403,0.21283162877232042
0.5116519662286834,1,32,8,2011,0,0,1.7224538031386807,-1.0575728763120895,2.8103197788984966
1.9384129158557557,2,32,8,2011,0,0,1.299945053984436,-1.0575728763120895,-1.3719501190407817
-0.25570883086971885,1,32,8,2011,0,0,1.460875805833509,1.2573357795187687,-0.95633072849611
-0.6294758300313095,1,32,8,2011,0,0,0.6682787478667376,0.9937547641974791,-0.5045242463291106
-0.48283908635581385,1,32,8,2011,0,0,0.9864708207409638,0.4181386386274819,0.21442811810859963
-0.9389381283506959,0,32,8,2011,0,0,0.8653796035515957,-0.8786162881936274,0.873246050879795
0.06984690069365158,1,32,8,2011,0,0,0.8066687103688717,-0.8786162881936274,0.35545134281325813
0.7363931897707003,2,32,8,2011,0,0,0.6677545434633202,-0.8786162881936274,-0.22141347069560813
1.8019984234725068,2,32,8,2011,0,0,0.9864708207409638,0.4181386386274819,0.21442811810859963
-0.7837888727676563,0,32,8,2011,0,0,0.6525526157642217,-0.8786162881936274,-0.22141347069560813
-0.5381791422292902,1,32,8,2011,0,0,1.7895519667760789,1.1607191302750046,-0.1969339675393277
0.5724470756586781,2,32,8,2011,0,0,1.6836626772858092,1.2561258790230847,-0.348600454485847
-1.2459385906379226,0,32,8,2011,0,0,1.5442243059768404,1.1375444845635696,-0.023980956109086893
-0.07023490707221185,1,32,8,2011,0,0,1.7224538031386807,-1.0575728763120895,2.8103197788984966
-1.2233312978149107,0,32,8,2011,0,0,1.7224538031386807,-1.0575728763120895,2.8103197788984966
-0.7652654590723796,0,32,8,2011,0,0,1.4918038656351225,0.9589826730862537,1.2872689520881881
-0.2837710107424666,1,32,8,2011,0,0,0.3464172441685908,-1.0575728763120895,-0.7860385326263339
0.6455589321870862,2,32,8,2011,0,0,1.7895519667760789,1.1607191302750046,-0.1969339675393277
-0.23540340052032,1,32,8,2011,0,0,0.969172075428197,-0.7770078482417441,0.24582574172208918
0.7468814399824394,2,32,8,2011,0,0,1.5772491833921223,1.1375444845635696,-0.023980956109086893
0.5116519662286834,1,33,8,2011,0,0,1.7591481113778826,-1.0565675816372093,2.8103197788984966
-0.9763164935158085,0,33,8,2011,0,0,0.55819582314913,0.6191679792749574,-1.0026289192482052
-0.9075748471041216,0,33,8,2011,0,0,1.5316434002948283,-1.0565675816372093,0.01859209285835713
0.6455589321870862,2,33,8,2011,0,0,1.673702793620883,1.1623587813558067,-0.1969339675393277
0.9579011416530114,2,33,8,2011,0,0,1.6291454193304231,1.210923162264417,-0.6902491724495852
1.9384129158557557,2,33,8,2011,0,0,1.2889367615126748,-1.0565675816372093,-1.3719501190407817
-0.25570883086971885,1,33,8,2011,0,0,1.2967998275639327,1.2589512597068364,-0.95633072849611
0.409163668762588,1,33,8,2011,0,0,0.6483589805368843,0.6191679792749574,-0.7030210871398184
-0.1532543914646637,1,33,8,2011,0,0,0.30762611831571923,-0.8776109935187465,-1.9360430178594148
-0.9389381283506959,0,33,8,2011,0,0,0.6876743107931726,-0.8776109935187465,0.873246050879795
1.9623971257156043,2,33,8,2011,0,0,0.685053288776087,0.995312450252456,-0.5045242463291106
-0.2837710107424666,1,33,8,2011,0,0,0.49319447712540027,-1.0565675816372093,-0.7860385326263339
-0.08150143081591646,1,33,8,2011,0,0,0.12572719032995883,-0.8776109935187465,-0.2421678320672369
0.06984690069365158,1,33,8,2011,0,0,0.579688203689234,-0.8776109935187465,0.35545134281325813
-1.1255585835694173,0,33,8,2011,0,0,1.673702793620883,1.1623587813558067,-0.1969339675393277
-1.2233312978149107,0,33,8,2011,0,0,1.7591481113778826,-1.0565675816372093,2.8103197788984966
-0.7837888727676563,0,33,8,2011,0,0,0.6410201188890439,-0.8776109935187465,-0.22141347069560813
-1.3486181105998394,0,33,8,2011,0,0,1.6338632589611772,1.1857706714551568,-0.9009857648384328
-0.8812789017076371,0,33,8,2011,0,0,-0.11121320001460502,0.6191679792749574,0.21283162877232042
0.7468814399824394,2,33,8,2011,0,0,1.5594262336759388,1.139187069042679,-0.023980956109086893
1.3473198337634127,2,33,8,2011,0,0,0.7752164461638413,-0.7759011683100627,-0.19799829376351416
0.7363931897707003,2,33,8,2011,0,0,0.679287040338498,-0.8776109935187465,-0.22141347069560813
-0.9769592987077368,0,33,8,2011,0,0,1.5232561298401528,1.139187069042679,-0.023980956109086893
0.22127507692775497,1,33,8,2011,0,0,0.8145317764201296,0.6191679792749574,0.21283162877232042
0.9403924192566392,2,33,8,2011,0,0,1.664791318762791,1.1712873446759378,-0.13839602520909253
-0.48283908635581385,1,33,8,2011,0,0,0.7757406505672588,0.4196361565073278,0.21442811810859963
1.8019984234725068,2,33,8,2011,0,0,0.7757406505672588,0.4196361565073278,0.21442811810859963
0.5724470756586781,2,33,8,2011,0,0,1.6422505294158527,1.2577416633772336,-0.348600454485847
-0.07023490707221185,1,33,8,2011,0,0,1.7591481113778826,-1.0565675816372093,2.8103197788984966
-0.23540340052032,1,33,8,2011,0,0,0.7752164461638413,-0.7759011683100627,0.24582574172208918
-0.034159492930900565,1,33,8,2011,0,0,0.6876743107931726,-0.7759011683100627,-0.10593407537141651
-1.191930361324644,0,33,8,2011,0,0,1.5861606582502144,1.2577416633772336,-0.348600454485847
0.573135801532393,2,33,8,2011,0,0,0.6158583075250199,-0.8776109935187465,0.07234056717975562
-0.6294758300313095,1,33,8,2011,0,0,0.5194046972962592,0.995312450252456,-0.5045242463291106
-0.1483451814265229,1,33,8,2011,0,0,0.9906644559683011,-1.0565675816372093,1.2872689520881881
-0.5381791422292902,1,33,8,2011,0,0,1.673702793620883,1.1623587813558067,-0.1969339675393277
-1.4562002121550588,0,33,8,2011,0,0,1.9766929387960115,-1.0565675816372093,0.11704226859557161
-1.2459385906379226,0,33,8,2011,0,0,1.5232561298401528,1.139187069042679,-0.023980956109086893
-0.7652654590723796,0,33,8,2011,0,0,1.2527666576768897,0.9605878425597076,1.2872689520881881
-0.9305589082924309,0,33,8,2011,0,0,1.4477706957480796,1.263730639383189,-0.967506153850064
1.6258211757285925,2,33,8,2011,0,0,1.6605976835354535,1.1623587813558067,-0.1969339675393277
-1.376855708149767,0,33,8,2011,0,0,0.9696962798316144,-1.0565675816372093,-0.8844887083635484
1.7698846401364374,2,33,8,2011,0,0,0.9696962798316144,-1.0565675816372093,-0.7157930018300516
1.577114680345175,2,33,8,2011,0,0,1.5316434002948283,-1.0565675816372093,0.01859209285835713
0.6343900705580522,2,33,8,2011,0,0,0.46698425695454143,-0.8776109935187465,-1.9360430178594148
0.7468814399824394,2,34,8,2011,0,0,1.4839407995838647,1.1408328678870698,-0.023980956109086893
0.22127507692775497,1,34,8,2011,0,0,0.9151790218762277,0.6225079806134954,0.21283162877232042
-0.9075748471041216,0,34,8,2011,0,0,1.7512850453266253,-1.0554674928298444,0.01859209285835713
0.06984690069365158,1,34,8,2011,0,0,0.6363022792582891,-0.8768252165356806,0.35545134281325813
-1.1255585835694173,0,34,8,2011,0,0,1.7764468566906493,1.164007627016366,-0.1969339675393277
-0.7837888727676563,0,34,8,2011,0,0,0.5770671816721483,-0.8768252165356806,-0.22141347069560813
1.6258211757285925,2,34,8,2011,0,0,1.6915257433370672,1.164007627016366,-0.1969339675393277
1.8019984234725068,2,34,8,2011,0,0,0.7531998612203198,0.42104898475501146,0.21442811810859963
0.9403924192566392,2,34,8,2011,0,0,1.5609988468861895,1.1729348705650264,-0.13839602520909253
1.3473198337634127,2,34,8,2011,0,0,0.7704986065330865,-0.7750239249776539,-0.19799829376351416
0.5116519662286834,1,34,8,2011,0,0,1.9095947751586126,-1.0554674928298444,2.8103197788984966
0.5724470756586781,2,34,8,2011,0,0,1.620233944472331,1.2593764220239518,-0.348600454485847
-1.376855708149767,0,34,8,2011,0,0,1.223935415488945,-1.0554674928298444,-0.8844887083635484
-0.034159492930900565,1,34,8,2011,0,0,0.735901115907553,-0.7750239249776539,-0.10593407537141651
-1.2233312978149107,0,34,8,2011,0,0,1.9095947751586126,-1.0554674928298444,2.8103197788984966
-1.2459385906379226,0,34,8,2011,0,0,1.4593031926232574,1.1408328678870698,-0.023980956109086893
0.409163668762588,1,34,8,2011,0,0,0.7039246472991053,0.6225079806134954,-0.7030210871398184
-0.9763164935158085,0,34,8,2011,0,0,0.4890008418980629,0.6225079806134954,-1.0026289192482052
-1.4562002121550588,0,34,8,2011,0,0,2.174317998884287,-1.0554674928298444,0.11704226859557161
-0.5381791422292902,1,34,8,2011,0,0,1.7764468566906493,1.164007627016366,-0.1969339675393277
0.7363931897707003,2,34,8,2011,0,0,0.5849302477234063,-0.8768252165356806,-0.22141347069560813
-0.23540340052032,1,34,8,2011,0,0,0.7704986065330865,-0.7750239249776539,0.24582574172208918
-0.6294758300313095,1,34,8,2011,0,0,0.4517823292554429,0.9968600910937201,-0.5045242463291106
0.573135801532393,2,34,8,2011,0,0,0.6163825119284366,-0.8768252165356806,0.07234056717975562
-1.3486181105998394,0,34,8,2011,0,0,1.6249517841030858,1.1874160578709625,-0.9009857648384328
-0.8812789017076371,0,34,8,2011,0,0,-0.03048572188835979,0.6225079806134954,0.21283162877232042
1.577114680345175,2,34,8,2011,0,0,1.7512850453266253,-1.0554674928298444,0.01859209285835713
1.9384129158557557,2,34,8,2011,0,0,1.2207901890684418,-1.0554674928298444,-1.3719501190407817
1.7698846401364374,2,34,8,2011,0,0,1.223935415488945,-1.0554674928298444,-0.7157930018300516
-0.7652654590723796,0,34,8,2011,0,0,1.5332160135050799,0.9622038795263644,1.2872689520881881
-0.25570883086971885,1,34,8,2011,0,0,1.3895840069687728,1.260585840493727,-0.95633072849611
-0.9769592987077368,0,34,8,2011,0,0,1.4593031926232574,1.1408328678870698,-0.023980956109086893
-0.1532543914646637,1,34,8,2011,0,0,0.35794974104376864,-0.8768252165356806,-1.9360430178594148
0.6455589321870862,2,34,8,2011,0,0,1.7764468566906493,1.164007627016366,-0.1969339675393277
-0.1483451814265229,1,34,8,2011,0,0,1.0006243396332273,-1.0554674928298444,1.2872689520881881
0.9579011416530114,2,34,8,2011,0,0,1.671605976007214,1.2125648368229616,-0.6902491724495852
0.6343900705580522,2,34,8,2011,0,0,0.4643632349374557,-0.8768252165356806,-1.9360430178594148
-1.191930361324644,0,34,8,2011,0,0,1.545796919187092,1.2593764220239518,-0.348600454485847
-0.48283908635581385,1,34,8,2011,0,0,0.7531998612203198,0.42104898475501146,0.21442811810859963
-0.08150143081591646,1,34,8,2011,0,0,0.1529858193076522,-0.8768252165356806,-0.2421678320672369
-0.9389381283506959,0,34,8,2011,0,0,0.735901115907553,-0.8768252165356806,0.873246050879795
-0.07023490707221185,1,34,8,2011,0,0,1.9095947751586126,-1.0554674928298444,2.8103197788984966
1.9623971257156043,2,34,8,2011,0,0,0.6273908044001978,0.9968600910937201,-0.5045242463291106
-0.2837710107424666,1,34,8,2011,0,0,0.7264654366460442,-1.0554674928298444,-0.7860385326263339
-0.9305589082924309,0,34,8,2011,0,0,1.6128950828244906,1.2653645164638074,-0.967506153850064
-0.6294758300313095,1,35,9,2011,0,0,0.4727505053921303,0.9984077319349836,-0.5045242463291106
-1.3486181105998394,0,35,9,2011,0,0,1.6878563125131465,1.1890614468644474,-0.9009857648384328
-0.08150143081591646,1,35,9,2011,0,0,0.07802458961899589,-0.876039439552614,-0.2421678320672369
-0.034159492930900565,1,35,9,2011,0,0,0.5754945684618967,-0.7741466842229237,-0.10593407537141651
1.9384129158557557,2,35,9,2011,0,0,1.038367056679264,-1.0543674066001585,-1.3719501190407817
-1.191930361324644,0,35,9,2011,0,0,1.6218065576825826,1.2610111806706692,-0.348600454485847
-0.8812789017076371,0,35,9,2011,0,0,-0.25065157132357435,0.6258479793743542,0.21283162877232042
0.9579011416530114,2,35,9,2011,0,0,1.7318894824001896,1.2142065088038283,-0.6902491724495852
-1.376855708149767,0,35,9,2011,0,0,0.9864708207409638,-1.0543674066001585,-0.8844887083635484
0.6455589321870862,2,35,9,2011,0,0,1.7696321994462263,1.165656470099246,-0.1969339675393277
-0.25570883086971885,1,35,9,2011,0,0,1.3937776421961101,1.2622204212806174,-0.95633072849611
0.7363931897707003,2,35,9,2011,0,0,0.5812608168994856,-0.876039439552614,-0.22141347069560813
1.9623971257156043,2,35,9,2011,0,0,0.6625124994291479,0.9984077319349836,-0.5045242463291106
-0.9763164935158085,0,35,9,2011,0,0,0.27564964970727146,0.6258479793743542,-1.0026289192482052
1.577114680345175,2,35,9,2011,0,0,1.7523334541334594,-1.0543674066001585,0.01859209285835713
-1.2233312978149107,0,35,9,2011,0,0,1.8597953568339807,-1.0543674066001585,2.8103197788984966
-0.9305589082924309,0,35,9,2011,0,0,1.6328148501543431,1.266998390966747,-0.967506153850064
0.573135801532393,2,35,9,2011,0,0,0.5220257193133448,-0.876039439552614,0.07234056717975562
-1.2459385906379226,0,35,9,2011,0,0,1.5368854443289997,1.142478664153782,-0.023980956109086893
1.7698846401364374,2,35,9,2011,0,0,0.9864708207409638,-1.0543674066001585,-0.7157930018300516
-1.4562002121550588,0,35,9,2011,0,0,2.150204596327097,-1.0543674066001585,0.11704226859557161
-0.5381791422292902,1,35,9,2011,0,0,1.7696321994462263,1.165656470099246,-0.1969339675393277
-0.1483451814265229,1,35,9,2011,0,0,1.0514721667646936,-1.0543674066001585,1.2872689520881881
-0.23540340052032,1,35,9,2011,0,0,0.6950131724410131,-0.7741466842229237,0.24582574172208918
-0.1532543914646637,1,35,9,2011,0,0,0.2939968038268727,-0.876039439552614,-1.9360430178594148
0.409163668762588,1,35,9,2011,0,0,0.6389233012753756,0.6258479793743542,-0.7030210871398184
-0.2837710107424666,1,35,9,2011,0,0,0.5833576345131547,-1.0543674066001585,-0.7860385326263339
0.6343900705580522,2,35,9,2011,0,0,0.37472428195311797,-0.876039439552614,-1.9360430178594148
-0.7837888727676563,0,35,9,2011,0,0,0.4952912947390686,-0.876039439552614,-0.22141347069560813
0.7468814399824394,2,35,9,2011,0,0,1.5971689507219755,1.142478664153782,-0.023980956109086893
1.8019984234725068,2,35,9,2011,0,0,0.6525526157642217,0.42246181558037366,0.21442811810859963
1.6258211757285925,2,35,9,2011,0,0,1.6490651866602757,1.165656470099246,-0.1969339675393277
0.9403924192566392,2,35,9,2011,0,0,1.5541841896417665,1.1745823964541144,-0.13839602520909253
0.5724470756586781,2,35,9,2011,0,0,1.7434219792753674,1.2610111806706692,-0.348600454485847
0.5116519662286834,1,35,9,2011,0,0,1.8597953568339807,-1.0543674066001585,2.8103197788984966
-0.07023490707221185,1,35,9,2011,0,0,1.8597953568339807,-1.0543674066001585,2.8103197788984966
0.06984690069365158,1,35,9,2011,0,0,0.5267435589440996,-0.876039439552614,0.35545134281325813
-0.9769592987077368,0,35,9,2011,0,0,1.5368854443289997,1.142478664153782,-0.023980956109086893
-1.1255585835694173,0,35,9,2011,0,0,1.7696321994462263,1.165656470099246,-0.1969339675393277
-0.48283908635581385,1,35,9,2011,0,0,0.6525526157642217,0.42246181558037366,0.21442811810859963
1.3473198337634127,2,35,9,2011,0,0,0.6950131724410131,-0.7741466842229237,-0.19799829376351416
-0.7652654590723796,0,35,9,2011,0,0,1.554708394045184,0.9638199190706997,1.2872689520881881
0.22127507692775497,1,35,9,2011,0,0,0.8606617639208409,0.6258479793743542,0.21283162877232042
-0.9389381283506959,0,35,9,2011,0,0,0.5754945684618967,-0.876039439552614,0.873246050879795
-0.9075748471041216,0,35,9,2011,0,0,1.7523334541334594,-1.0543674066001585,0.01859209285835713
-0.9763164935158085,0,36,9,2011,0,1,-0.06246219049680756,0.6291879807128915,-1.0026289192482052
1.7698846401364374,2,36,9,2011,0,1,0.629487622013866,-1.0532673203704734,-0.7157930018300516
1.9623971257156043,2,36,9,2011,0,1,0.5534779835183752,0.9999553727762477,-0.5045242463291106
-1.4562002121550588,0,36,9,2011,0,1,1.9939916841087781,-1.0532673203704734,0.11704226859557161
0.409163668762588,1,36,9,2011,0,1,0.006732790754259833,0.6291879807128915,-0.7030210871398184
-0.1483451814265229,1,36,9,2011,0,1,0.6221487603660255,-1.0532673203704734,1.2872689520881881
1.8019984234725068,2,36,9,2011,0,1,0.6971099900546822,0.42387464640573663,0.21442811810859963
0.7363931897707003,2,36,9,2011,0,1,0.5293645809611853,-0.8752536651472259,-0.22141347069560813
0.9403924192566392,2,36,9,2011,0,1,0.934050380399246,1.176229922343203,-0.13839602520909253
1.577114680345175,2,36,9,2011,0,1,1.6186613312620795,-1.0532673203704734,0.01859209285835713
-1.2459385906379226,0,36,9,2011,0,1,1.0357460346621783,1.1441244604204943,-0.023980956109086893
0.6455589321870862,2,36,9,2011,0,1,1.0844970441799762,1.1673053157598052,-0.1969339675393277
-0.9305589082924309,0,36,9,2011,0,1,0.9157032262796452,1.268632265469686,-0.967506153850064
-1.2233312978149107,0,36,9,2011,0,1,1.5630956644998586,-1.0532673203704734,2.8103197788984966
-0.9389381283506959,0,36,9,2011,0,1,0.5744461596550626,-0.8752536651472259,0.873246050879795
0.573135801532393,2,36,9,2011,0,1,0.5314613985748536,-0.8752536651472259,0.07234056717975562
-0.7652654590723796,0,36,9,2011,0,1,1.1065136291234976,0.9654359560373572,1.2872689520881881
0.5116519662286834,1,36,9,2011,0,1,1.5630956644998586,-1.0532673203704734,2.8103197788984966
0.7468814399824394,2,36,9,2011,0,1,1.0991747674756571,1.1441244604204943,-0.023980956109086893
-0.48283908635581385,1,36,9,2011,0,1,0.6971099900546822,0.42387464640573663,0.21442811810859963
-0.2837710107424666,1,36,9,2011,0,1,0.1970189891946949,-1.0532673203704734,-0.7860385326263339
-0.08150143081591646,1,36,9,2011,0,1,0.14669536646664585,-0.8752536651472259,-0.2421678320672369
0.22127507692775497,1,36,9,2011,0,1,0.1603246809554927,0.6291879807128915,0.21283162877232042
-0.23540340052032,1,36,9,2011,0,1,0.6682787478667376,-0.7732694408905156,0.24582574172208918
0.9579011416530114,2,36,9,2011,0,1,1.1547404342378773,1.2158481833623735,-0.6902491724495852
-0.034159492930900565,1,36,9,2011,0,1,0.5744461596550626,-0.7732694408905156,-0.10593407537141651
1.3473198337634127,2,36,9,2011,0,1,0.6682787478667376,-0.7732694408905156,-0.19799829376351416
-0.9075748471041216,0,36,9,2011,0,1,1.6186613312620795,-1.0532673203704734,0.01859209285835713
0.6343900705580522,2,36,9,2011,0,1,0.41194279459573796,-0.8752536651472259,-1.9360430178594148
-1.1255585835694173,0,36,9,2011,0,1,1.0844970441799762,1.1673053157598052,-0.1969339675393277
0.06984690069365158,1,36,9,2011,0,1,0.5204531061030933,-0.8752536651472259,0.35545134281325813
1.9384129158557557,2,36,9,2011,0,1,0.7946120090902771,-1.0532673203704734,-1.3719501190407817
-1.191930361324644,0,36,9,2011,0,1,1.2338952991538714,1.262645941895065,-0.348600454485847
-0.8812789017076371,0,36,9,2011,0,1,-0.6590068015855552,0.6291879807128915,0.21283162877232042
-0.07023490707221185,1,36,9,2011,0,1,1.5630956644998586,-1.0532673203704734,2.8103197788984966
1.6258211757285925,2,36,9,2011,0,1,1.0373186478724299,1.1673053157598052,-0.1969339675393277
-1.3486181105998394,0,36,9,2011,0,1,1.0934085190380682,1.190706833280253,-0.9009857648384328
0.5724470756586781,2,36,9,2011,0,1,1.4011165038439508,1.262645941895065,-0.348600454485847
-1.376855708149767,0,36,9,2011,0,1,0.629487622013866,-1.0532673203704734,-0.8844887083635484
-0.25570883086971885,1,36,9,2011,0,1,0.5676315024106395,1.2638550020675081,-0.95633072849611
-0.1532543914646637,1,36,9,2011,0,1,0.34851406178225913,-0.8752536651472259,-1.9360430178594148
-0.7837888727676563,0,36,9,2011,0,1,0.49319447712540027,-0.8752536651472259,-0.22141347069560813
-0.9769592987077368,0,36,9,2011,0,1,1.0357460346621783,1.1441244604204943,-0.023980956109086893
-0.5381791422292902,1,36,9,2011,0,1,1.0844970441799762,1.1673053157598052,-0.1969339675393277
-0.6294758300313095,1,36,9,2011,0,1,0.4890008418980629,0.9999553727762477,-0.5045242463291106
0.9579011416530114,2,37,9,2011,0,0,1.4026891170542024,1.220532346166943,-0.6902491724495852
1.7698846401364374,2,37,9,2011,0,0,0.4905734551083145,-1.051669492125825,-0.7157930018300516
-1.3486181105998394,0,37,9,2011,0,0,1.3298247049792147,1.195362801435711,-0.9009857648384328
0.409163668762588,1,37,9,2011,0,0,-0.17621454603833508,0.6318477687422611,-0.7030210871398184
-0.9389381283506959,0,37,9,2011,0,0,0.5188804928928417,-0.8742246712948047,0.873246050879795
0.5116519662286834,1,37,9,2011,0,0,0.9529217389222644,-1.051669492125825,2.8103197788984966
-0.48283908635581385,1,37,9,2011,0,0,0.5760187728653142,0.4271911496256684,0.21442811810859963
0.9403924192566392,2,37,9,2011,0,0,1.1405869153456136,1.1808696562785006,-0.13839602520909253
0.5724470756586781,2,37,9,2011,0,0,1.4116005919122945,1.267382586237021,-0.348600454485847
-0.07023490707221185,1,37,9,2011,0,0,0.9529217389222644,-1.051669492125825,2.8103197788984966
0.06984690069365158,1,37,9,2011,0,0,0.4219026782606642,-0.8742246712948047,0.35545134281325813
0.7468814399824394,2,37,9,2011,0,0,1.306759711228859,1.1487094676602976,-0.023980956109086893
-0.23540340052032,1,37,9,2011,0,0,0.6011805842293388,-0.7721743734011677,0.24582574172208918
-0.034159492930900565,1,37,9,2011,0,0,0.5188804928928417,-0.7721743734011677,-0.10593407537141651
-0.8812789017076371,0,37,9,2011,0,0,-0.7607024558484875,0.6318477687422611,0.21283162877232042
-0.2837710107424666,1,37,9,2011,0,0,0.1729055866375047,-1.051669492125825,-0.7860385326263339
-0.1532543914646637,1,37,9,2011,0,0,0.005160177544008242,-0.8742246712948047,-1.9360430178594148
0.573135801532393,2,37,9,2011,0,0,0.3867809832317132,-0.8742246712948047,0.07234056717975562
-1.4562002121550588,0,37,9,2011,0,0,1.4472464913446628,-1.051669492125825,0.11704226859557161
-0.1483451814265229,1,37,9,2011,0,0,0.354280310219848,-1.051669492125825,1.2872689520881881
0.6343900705580522,2,37,9,2011,0,0,0.12258196390945603,-0.8742246712948047,-1.9360430178594148
-0.9763164935158085,0,37,9,2011,0,0,-0.2359738480278933,0.6318477687422611,-1.0026289192482052
-1.1255585835694173,0,37,9,2011,0,0,1.1762328147779821,1.1719350405688913,-0.1969339675393277
-1.376855708149767,0,37,9,2011,0,0,0.4905734551083145,-1.051669492125825,-0.8844887083635484
0.7363931897707003,2,37,9,2011,0,0,0.24000375027490342,-0.8742246712948047,-0.22141347069560813
0.22127507692775497,1,37,9,2011,0,0,0.14145332243247438,0.6318477687422611,0.21283162877232042
-0.9075748471041216,0,37,9,2011,0,0,1.0121568365084053,-1.051669492125825,0.01859209285835713
-1.2459385906379226,0,37,9,2011,0,0,1.2517182488700556,1.1487094676602976,-0.023980956109086893
-1.2233312978149107,0,37,9,2011,0,0,0.9529217389222644,-1.051669492125825,2.8103197788984966
-1.191930361324644,0,37,9,2011,0,0,1.334018340206552,1.267382586237021,-0.348600454485847
-0.08150143081591646,1,37,9,2011,0,0,-0.15681898311189968,-0.8742246712948047,-0.2421678320672369
-0.5381791422292902,1,37,9,2011,0,0,1.1762328147779821,1.1719350405688913,-0.1969339675393277
1.577114680345175,2,37,9,2011,0,0,1.0121568365084053,-1.051669492125825,0.01859209285835713
-0.7837888727676563,0,37,9,2011,0,0,0.20540625964936993,-0.8742246712948047,-0.22141347069560813
1.8019984234725068,2,37,9,2011,0,0,0.5760187728653142,0.4271911496256684,0.21442811810859963
-0.9305589082924309,0,37,9,2011,0,0,1.0362702390655958,1.2733756220868557,-0.967506153850064
1.9623971257156043,2,37,9,2011,0,0,0.30605350510546764,1.0042557914043075,-0.5045242463291106
-0.6294758300313095,1,37,9,2011,0,0,0.20278523763228382,1.0042557914043075,-0.5045242463291106
-0.25570883086971885,1,37,9,2011,0,0,0.5718251376379768,1.2685930022684357,-0.95633072849611
1.6258211757285925,2,37,9,2011,0,0,1.0834486353731412,1.1719350405688913,-0.1969339675393277
-0.7652654590723796,0,37,9,2011,0,0,0.9953822955990559,0.9698006078397845,1.2872689520881881
0.6455589321870862,2,37,9,2011,0,0,1.1762328147779821,1.1719350405688913,-0.1969339675393277
1.9384129158557557,2,37,9,2011,0,0,0.764208153692081,-1.051669492125825,-1.3719501190407817
1.3473198337634127,2,37,9,2011,0,0,0.6011805842293388,-0.7721743734011677,-0.19799829376351416
-0.9769592987077368,0,37,9,2011,0,0,1.2517182488700556,1.1487094676602976,-0.023980956109086893
-0.1483451814265229,1,38,9,2011,0,0,0.4219026782606642,-1.049408009579679,1.2872689520881881
-0.7837888727676563,0,38,9,2011,0,0,0.042902894590044933,-0.8728713900016969,-0.22141347069560813
-0.1532543914646637,1,38,9,2011,0,0,-0.21448146748778885,-0.8728713900016969,-1.9360430178594148
0.9579011416530114,2,38,9,2011,0,0,1.064577276850123,1.229273164262343,-0.6902491724495852
0.409163668762588,1,38,9,2011,0,0,-0.16363364035632275,0.6336006056927402,-0.7030210871398184
-1.2233312978149107,0,38,9,2011,0,0,1.2983724407741843,-1.049408009579679,2.8103197788984966
-0.5381791422292902,1,38,9,2011,0,0,0.9172758394898968,1.180539275205476,-0.1969339675393277
0.573135801532393,2,38,9,2011,0,0,0.12729980354021042,-0.8728713900016969,0.07234056717975562
-1.2459385906379226,0,38,9,2011,0,0,1.0572384152022825,1.157213420286546,-0.023980956109086893
-0.9305589082924309,0,38,9,2011,0,0,0.8512260846593321,1.282264958293237,-0.967506153850064
-0.2837710107424666,1,38,9,2011,0,0,-0.06403480370705915,-1.049408009579679,-0.7860385326263339
-0.9075748471041216,0,38,9,2011,0,0,1.2753074470238286,-1.049408009579679,0.01859209285835713
0.5724470756586781,2,38,9,2011,0,0,1.2559118840973928,1.2762550773134014,-0.348600454485847
-1.4562002121550588,0,38,9,2011,0,0,1.6118466740176565,-1.049408009579679,0.11704226859557161
-0.23540340052032,1,38,9,2011,0,0,0.2845611245653636,-0.7707888711248907,0.24582574172208918
0.22127507692775497,1,38,9,2011,0,0,0.025079944873860734,0.6336006056927402,0.21283162877232042
1.3473198337634127,2,38,9,2011,0,0,0.2845611245653636,-0.7707888711248907,-0.19799829376351416
0.6455589321870862,2,38,9,2011,0,0,0.9172758394898968,1.180539275205476,-0.1969339675393277
-0.48283908635581385,1,38,9,2011,0,0,0.29189998621320407,0.433045885282705,0.21442811810859963
-0.25570883086971885,1,38,9,2011,0,0,0.5524295747115411,1.2774688958806384,-0.95633072849611
0.06984690069365158,1,38,9,2011,0,0,0.11838832868211832,-0.8728713900016969,0.35545134281325813
1.9384129158557557,2,38,9,2011,0,0,0.5791639992858173,-1.049408009579679,-1.3719501190407817
-0.08150143081591646,1,38,9,2011,0,0,-0.3911383514393778,-0.8728713900016969,-0.2421678320672369
-0.6294758300313095,1,38,9,2011,0,0,0.11000105822744367,1.0122265769778573,-0.5045242463291106
-0.07023490707221185,1,38,9,2011,0,0,1.2983724407741843,-1.049408009579679,2.8103197788984966
0.7468814399824394,2,38,9,2011,0,0,1.0782065913389698,1.157213420286546,-0.023980956109086893
-1.191930361324644,0,38,9,2011,0,0,1.1536920254310432,1.2762550773134014,-0.348600454485847
-1.376855708149767,0,38,9,2011,0,0,0.2840369201619465,-1.049408009579679,-0.8844887083635484
0.5116519662286834,1,38,9,2011,0,0,1.2983724407741843,-1.049408009579679,2.8103197788984966
-0.034159492930900565,1,38,9,2011,0,0,0.21903557413821642,-0.7707888711248907,-0.10593407537141651
1.9623971257156043,2,38,9,2011,0,0,0.20802728166645565,1.0122265769778573,-0.5045242463291106
-1.1255585835694173,0,38,9,2011,0,0,0.9172758394898968,1.180539275205476,-0.1969339675393277
1.8019984234725068,2,38,9,2011,0,0,0.29189998621320407,0.433045885282705,0.21442811810859963
1.6258211757285925,2,38,9,2011,0,0,0.9120337954557245,1.180539275205476,-0.1969339675393277
-0.9389381283506959,0,38,9,2011,0,0,0.21903557413821642,-0.8728713900016969,0.873246050879795
0.9403924192566392,2,38,9,2011,0,0,0.9235662923309024,1.189499002660528,-0.13839602520909253
1.577114680345175,2,38,9,2011,0,0,1.2753074470238286,-1.049408009579679,0.01859209285835713
-0.7652654590723796,0,38,9,2011,0,0,1.090263292617565,0.9778300768455606,1.2872689520881881
-0.9769592987077368,0,38,9,2011,0,0,1.0572384152022825,1.157213420286546,-0.023980956109086893
0.7363931897707003,2,38,9,2011,0,0,0.16451831618283005,-0.8728713900016969,-0.22141347069560813
-1.3486181105998394,0,38,9,2011,0,0,1.039415465486099,1.204032880295822,-0.9009857648384328
0.6343900705580522,2,38,9,2011,0,0,-0.05459912444554998,-0.8728713900016969,-1.9360430178594148
-0.9763164935158085,0,38,9,2011,0,0,-0.40843709675214457,0.6336006056927402,-1.0026289192482052
1.7698846401364374,2,38,9,2011,0,0,0.2840369201619465,-1.049408009579679,-0.7157930018300516
-0.8812789017076371,0,38,9,2011,0,0,-0.7607024558484875,0.6336006056927402,0.21283162877232042
-0.23540340052032,1,39,9,2011,0,0,0.6677545434633202,-0.7694033688486128,0.24582574172208918
-0.1532543914646637,1,39,9,2011,0,0,0.2761738541106889,-0.8715181087085884,-1.9360430178594148
-0.034159492930900565,1,39,9,2011,0,0,0.6079952414737619,-0.7694033688486128,-0.10593407537141651
-0.6294758300313095,1,39,9,2011,0,0,0.1320176431709652,1.0201973625514074,-0.5045242463291106
0.5724470756586781,2,39,9,2011,0,0,1.374382079269675,1.2851275658121033,-0.348600454485847
0.06984690069365158,1,39,9,2011,0,0,0.5676315024106395,-0.8715181087085884,0.35545134281325813
-0.9075748471041216,0,39,9,2011,0,0,1.2627265413418158,-1.047146524455854,0.01859209285835713
-0.2837710107424666,1,39,9,2011,0,0,0.16871195141016737,-1.047146524455854,-0.7860385326263339
-0.7837888727676563,0,39,9,2011,0,0,0.35061087939592817,-0.8715181087085884,-0.22141347069560813
-0.08150143081591646,1,39,9,2011,0,0,0.06491947953356647,-0.8715181087085884,-0.2421678320672369
0.9403924192566392,2,39,9,2011,0,0,1.1274818052601843,1.198128346464878,-0.13839602520909253
1.8019984234725068,2,39,9,2011,0,0,0.6541252289744733,0.43890061836206234,0.21442811810859963
0.5116519662286834,1,39,9,2011,0,0,1.314622777280117,-1.047146524455854,2.8103197788984966
0.7468814399824394,2,39,9,2011,0,0,1.222887006682111,1.1657173729127939,-0.023980956109086893
-0.07023490707221185,1,39,9,2011,0,0,1.314622777280117,-1.047146524455854,2.8103197788984966
-0.9389381283506959,0,39,9,2011,0,0,0.6079952414737619,-0.8715181087085884,0.873246050879795
-0.7652654590723796,0,39,9,2011,0,0,1.0897390882141476,0.9858595458513366,1.2872689520881881
0.6455589321870862,2,39,9,2011,0,0,1.0865938617936444,1.189143507264383,-0.1969339675393277
0.22127507692775497,1,39,9,2011,0,0,0.35952235425402024,0.6353534400655407,0.21283162877232042
1.9384129158557557,2,39,9,2011,0,0,0.7322316850836331,-1.047146524455854,-1.3719501190407817
1.3473198337634127,2,39,9,2011,0,0,0.6677545434633202,-0.7694033688486128,-0.19799829376351416
-1.191930361324644,0,39,9,2011,0,0,1.2789768778477486,1.2851275658121033,-0.348600454485847
-1.4562002121550588,0,39,9,2011,0,0,1.6207581488757479,-1.047146524455854,0.11704226859557161
-0.5381791422292902,1,39,9,2011,0,0,1.0865938617936444,1.189143507264383,-0.1969339675393277
-1.2459385906379226,0,39,9,2011,0,0,1.2234112110855275,1.1657173729127939,-0.023980956109086893
0.409163668762588,1,39,9,2011,0,0,0.18810751433660317,0.6353534400655407,-0.7030210871398184
0.6343900705580522,2,39,9,2011,0,0,0.3448446309583392,-0.8715181087085884,-1.9360430178594148
-0.9763164935158085,0,39,9,2011,0,0,-0.029961517484942714,0.6353534400655407,-1.0026289192482052
0.7363931897707003,2,39,9,2011,0,0,0.35690133223693377,-0.8715181087085884,-0.22141347069560813
-0.1483451814265229,1,39,9,2011,0,0,0.5901722917575778,-1.047146524455854,1.2872689520881881
1.577114680345175,2,39,9,2011,0,0,1.2627265413418158,-1.047146524455854,0.01859209285835713
-1.376855708149767,0,39,9,2011,0,0,0.5293645809611853,-1.047146524455854,-0.8844887083635484
1.9623971257156043,2,39,9,2011,0,0,0.27564964970727146,1.0201973625514074,-0.5045242463291106
1.6258211757285925,2,39,9,2011,0,0,1.046230122730522,1.189143507264383,-0.1969339675393277
-1.1255585835694173,0,39,9,2011,0,0,1.0865938617936444,1.189143507264383,-0.1969339675393277
-0.9769592987077368,0,39,9,2011,0,0,1.2234112110855275,1.1657173729127939,-0.023980956109086893
-1.2233312978149107,0,39,9,2011,0,0,1.314622777280117,-1.047146524455854,2.8103197788984966
0.9579011416530114,2,39,9,2011,0,0,1.2753074470238286,1.238013979780065,-0.6902491724495852
1.7698846401364374,2,39,9,2011,0,0,0.5293645809611853,-1.047146524455854,-0.7157930018300516
0.573135801532393,2,39,9,2011,0,0,0.5146868576655044,-0.8715181087085884,0.07234056717975562
-0.48283908635581385,1,39,9,2011,0,0,0.6541252289744733,0.43890061836206234,0.21442811810859963
-1.3486181105998394,0,39,9,2011,0,0,1.2045398525625093,1.212702959155933,-0.9009857648384328
-0.8812789017076371,0,39,9,2011,0,0,-0.5683194397943834,0.6353534400655407,0.21283162877232042
-0.9305589082924309,0,39,9,2011,0,0,1.0624804592364545,1.2911542919219399,-0.967506153850064
-0.25570883086971885,1,39,9,2011,0,0,0.7348527071007189,1.2863447869151634,-0.95633072849611
0.22127507692775497,1,40,10,2011,0,0,0.23266488862706292,0.6371062770160191,0.154825849554178
1.8019984234725068,2,40,10,2011,0,0,-0.12379410569661738,0.444755354019099,0.1601474806751084
-0.08150143081591646,1,40,10,2011,0,0,-0.5945296599652423,-0.8701648274154797,-0.3321033980109626
-0.9769592987077368,0,40,10,2011,0,0,0.6824322667590011,1.1742213255390415,-0.2693081507839825
-0.7652654590723796,0,40,10,2011,0,0,0.8381209745739028,0.9938890148571127,1.0249125378263144
-1.3486181105998394,0,40,10,2011,0,0,0.7054972605093569,1.2213730354383654,-1.0228511175077413
0.9579011416530114,2,40,10,2011,0,0,0.8344515437499821,1.2467547978754647,-0.8892781763723856
0.5116519662286834,1,40,10,2011,0,0,0.6425927320992955,-1.044885041909708,2.4841037911854573
1.9623971257156043,2,40,10,2011,0,0,-0.30202360285845753,1.0281681507026357,-0.6066995638509763
0.7468814399824394,2,40,10,2011,0,0,0.7075940781230259,1.1742213255390415,-0.2693081507839825
-0.2837710107424666,1,40,10,2011,0,0,-0.19823113098185663,-1.044885041909708,-0.8541554109742444
-0.07023490707221185,1,40,10,2011,0,0,0.6425927320992955,-1.044885041909708,2.4841037911854573
-0.9389381283506959,0,40,10,2011,0,0,-0.09129343268475253,-0.8701648274154797,0.6039715161607118
-0.6294758300313095,1,40,10,2011,0,0,-0.3858963074052059,1.0281681507026357,-0.6066995638509763
-1.1255585835694173,0,40,10,2011,0,0,0.7054972605093569,1.1977477419009677,-0.41565300660957144
-1.191930361324644,0,40,10,2011,0,0,0.9099369778420563,1.2940000568884833,-0.5455008059602755
-1.2233312978149107,0,40,10,2011,0,0,0.6425927320992955,-1.044885041909708,2.4841037911854573
-0.8812789017076371,0,40,10,2011,0,0,-0.9190121856804752,0.6371062770160191,0.154825849554178
1.3473198337634127,2,40,10,2011,0,0,-0.06665582572414526,-0.7680178665723351,-0.16819715948630334
0.6455589321870862,2,40,10,2011,0,0,0.7054972605093569,1.1977477419009677,-0.41565300660957144
-0.48283908635581385,1,40,10,2011,0,0,-0.12379410569661738,0.444755354019099,0.1601474806751084
1.7698846401364374,2,40,10,2011,0,0,0.1278240079436275,-1.044885041909708,-0.9738921111951804
1.6258211757285925,2,40,10,2011,0,0,0.6153341031216024,1.1977477419009677,-0.41565300660957144
-1.376855708149767,0,40,10,2011,0,0,0.1278240079436275,-1.044885041909708,-1.140991328392398
-0.034159492930900565,1,40,10,2011,0,0,-0.09129343268475253,-0.7680178665723351,-0.27462978190491294
0.573135801532393,2,40,10,2011,0,0,-0.22601396436296706,-0.8701648274154797,0.12342822594068845
-0.1483451814265229,1,40,10,2011,0,0,0.11733991987528418,-1.044885041909708,1.0249125378263144
-1.4562002121550588,0,40,10,2011,0,0,1.2045398525625093,-1.044885041909708,-0.11285219582862611
0.06984690069365158,1,40,10,2011,0,0,-0.18512602089642718,-0.8701648274154797,0.13247499884627
-0.1532543914646637,1,40,10,2011,0,0,-0.4178727760136537,-0.8701648274154797,-2.023317768242675
-0.5381791422292902,1,40,10,2011,0,0,0.7054972605093569,1.1977477419009677,-0.41565300660957144
-0.9075748471041216,0,40,10,2011,0,0,0.8821541444609458,-1.044885041909708,-0.18522637907328096
-1.2459385906379226,0,40,10,2011,0,0,0.6824322667590011,1.1742213255390415,-0.2693081507839825
1.577114680345175,2,40,10,2011,0,0,0.8821541444609458,-1.044885041909708,-0.18522637907328096
-0.7837888727676563,0,40,10,2011,0,0,-0.36387972246168443,-0.8701648274154797,-0.18948368397002535
0.409163668762588,1,40,10,2011,0,0,0.029273580101198435,0.6371062770160191,-0.7785882490570312
-0.25570883086971885,1,40,10,2011,0,0,0.4942428859322344,1.295220680527366,-1.1170439883482108
-0.9763164935158085,0,40,10,2011,0,0,-0.48601934845788697,0.6371062770160191,-1.0590382091300685
-0.9305589082924309,0,40,10,2011,0,0,0.7568692920442405,1.300043625550642,-1.1537632430826312
0.9403924192566392,2,40,10,2011,0,0,0.5833576345131547,1.206757690269227,-0.18948368397002535
0.7363931897707003,2,40,10,2011,0,0,-0.2663777034260895,-0.8701648274154797,-0.18948368397002535
1.9384129158557557,2,40,10,2011,0,0,0.39883768451030854,-1.044885041909708,-1.6385638381993999
0.5724470756586781,2,40,10,2011,0,0,0.9848982075307122,1.2940000568884833,-0.5455008059602755
0.6343900705580522,2,40,10,2011,0,0,-0.4813015088271322,-0.8701648274154797,-2.023317768242675
-0.23540340052032,1,40,10,2011,0,0,-0.06665582572414526,-0.7680178665723351,0.2782876915597652
-0.1483451814265229,1,41,10,2011,0,0,-0.18145659007250695,-1.0429042195930387,1.0249125378263144
-1.191930361324644,0,41,10,2011,0,0,0.8161043896303812,1.3022155311858994,-0.5455008059602755
-0.07023490707221185,1,41,10,2011,0,0,0.47851675382971925,-1.0429042195930387,2.4841037911854573
-0.9305589082924309,0,41,10,2011,0,0,0.4764199362160502,1.3082748339985588,-1.1537632430826312
-0.1532543914646637,1,41,10,2011,0,0,-0.22444135115271546,-0.869053930401521,-2.023317768242675
-0.08150143081591646,1,41,10,2011,0,0,-0.2239171467492984,-0.869053930401521,-0.3321033980109626
0.6343900705580522,2,41,10,2011,0,0,-0.07294627856515125,-0.869053930401521,-2.023317768242675
-0.2837710107424666,1,41,10,2011,0,0,-0.5499722856747825,-1.0429042195930387,-0.8541554109742444
-0.48283908635581385,1,41,10,2011,0,0,0.2955694170371243,0.4501156857550295,0.1601474806751084
1.9623971257156043,2,41,10,2011,0,0,0.2284712533997256,1.0355325966595486,-0.6066995638509763
-0.9769592987077368,0,41,10,2011,0,0,0.8375967701704853,1.182093362821053,-0.2693081507839825
0.06984690069365158,1,41,10,2011,0,0,0.10895264942060916,-0.869053930401521,0.13247499884627
0.6455589321870862,2,41,10,2011,0,0,0.6085194458771794,1.205712640056473,-0.41565300660957144
-0.6294758300313095,1,41,10,2011,0,0,0.0402818725729592,1.0355325966595486,-0.6066995638509763
1.9384129158557557,2,41,10,2011,0,0,0.29189998621320407,-1.0429042195930387,-1.6385638381993999
-0.8812789017076371,0,41,10,2011,0,0,-1.338375708414217,0.6391717399889568,0.154825849554178
-1.3486181105998394,0,41,10,2011,0,0,0.7432399775553935,1.2293994370065442,-1.0228511175077413
-0.25570883086971885,1,41,10,2011,0,0,0.18653490112635157,1.303439330524883,-1.1170439883482108
0.573135801532393,2,41,10,2011,0,0,0.10633162740352341,-0.869053930401521,0.12342822594068845
-1.4562002121550588,0,41,10,2011,0,0,0.9597363961666875,-1.0429042195930387,-0.11285219582862611
-0.5381791422292902,1,41,10,2011,0,0,0.6085194458771794,1.205712640056473,-0.41565300660957144
-0.034159492930900565,1,41,10,2011,0,0,0.23318909303048038,-0.7668922097704062,-0.27462978190491294
0.409163668762588,1,41,10,2011,0,0,-0.563601600163629,0.6391717399889568,-0.7785882490570312
0.7363931897707003,2,41,10,2011,0,0,0.19282535396735756,-0.869053930401521,-0.18948368397002535
1.7698846401364374,2,41,10,2011,0,0,-0.33766950229082554,-1.0429042195930387,-0.9738921111951804
-1.376855708149767,0,41,10,2011,0,0,-0.33766950229082554,-1.0429042195930387,-1.140991328392398
1.577114680345175,2,41,10,2011,0,0,0.6336812572412034,-1.0429042195930387,-0.18522637907328096
1.6258211757285925,2,41,10,2011,0,0,0.7070698737196085,1.205712640056473,-0.41565300660957144
-1.1255585835694173,0,41,10,2011,0,0,0.6085194458771794,1.205712640056473,-0.41565300660957144
-1.2233312978149107,0,41,10,2011,0,0,0.47851675382971925,-1.0429042195930387,2.4841037911854573
1.3473198337634127,2,41,10,2011,0,0,0.3458930397651734,-0.7668922097704062,-0.16819715948630334
-0.9763164935158085,0,41,10,2011,0,0,-0.9546580851128432,0.6391717399889568,-1.0590382091300685
-0.23540340052032,1,41,10,2011,0,0,0.3458930397651734,-0.7668922097704062,0.2782876915597652
0.9579011416530114,2,41,10,2011,0,0,0.6845290843726695,1.254847275658248,-0.8892781763723856
1.8019984234725068,2,41,10,2011,0,0,0.2955694170371243,0.4501156857550295,0.1601474806751084
-1.2459385906379226,0,41,10,2011,0,0,0.8375967701704853,1.182093362821053,-0.2693081507839825
0.9403924192566392,2,41,10,2011,0,0,0.7107393045435283,1.2147460427228005,-0.18948368397002535
0.7468814399824394,2,41,10,2011,0,0,0.8182012072440502,1.182093362821053,-0.2693081507839825
0.5724470756586781,2,41,10,2011,0,0,0.9109853866488904,1.3022155311858994,-0.5455008059602755
0.5116519662286834,1,41,10,2011,0,0,0.47851675382971925,-1.0429042195930387,2.4841037911854573
-0.7837888727676563,0,41,10,2011,0,0,0.16346990737599554,-0.869053930401521,-0.18948368397002535
-0.9075748471041216,0,41,10,2011,0,0,0.6336812572412034,-1.0429042195930387,-0.18522637907328096
0.22127507692775497,1,41,10,2011,0,0,-0.4210180024341569,0.6391717399889568,0.154825849554178
-0.9389381283506959,0,41,10,2011,0,0,0.23318909303048038,-0.869053930401521,0.6039715161607118
-0.7652654590723796,0,41,10,2011,0,0,0.5194046972962592,1.0013127886659166,1.0249125378263144
-0.9389381283506959,0,42,10,2011,0,0,0.0586290266925601,-0.8693973442178178,0.6039715161607118
0.7468814399824394,2,42,10,2011,0,0,0.49633970354590345,1.1861739028822873,-0.2693081507839825
-1.2233312978149107,0,42,10,2011,0,0,0.7794100813911786,-1.0426073715416178,2.4841037911854573
1.577114680345175,2,42,10,2011,0,0,1.0341734214519267,-1.0426073715416178,-0.18522637907328096
-0.9769592987077368,0,42,10,2011,0,0,0.5089206092279155,1.1861739028822873,-0.2693081507839825
1.7698846401364374,2,42,10,2011,0,0,-0.1846018164930101,-1.0426073715416178,-0.9738921111951804
-0.07023490707221185,1,42,10,2011,0,0,0.7794100813911786,-1.0426073715416178,2.4841037911854573
-1.1255585835694173,0,42,10,2011,0,0,0.3658128070950259,1.2098415167478185,-0.41565300660957144
-1.2459385906379226,0,42,10,2011,0,0,0.5089206092279155,1.1861739028822873,-0.2693081507839825
-0.9763164935158085,0,42,10,2011,0,0,-0.5866665939139847,0.6431129642520036,-1.0590382091300685
-0.1483451814265229,1,42,10,2011,0,0,0.03923346376612468,-1.0426073715416178,1.0249125378263144
0.5724470756586781,2,42,10,2011,0,0,0.6672303390599027,1.306488904809526,-0.5455008059602755
-1.4562002121550588,0,42,10,2011,0,0,1.2349437079607055,-1.0426073715416178,-0.11285219582862611
-0.23540340052032,1,42,10,2011,0,0,0.07540356760190979,-0.7673256361252844,0.2782876915597652
-0.25570883086971885,1,42,10,2011,0,0,0.09375072172151105,1.3077145368780327,-1.1170439883482108
-0.7837888727676563,0,42,10,2011,0,0,-0.34133893311474583,-0.8693973442178178,-0.18948368397002535
-0.9305589082924309,0,42,10,2011,0,0,0.38153893919754106,1.312557278473368,-1.1537632430826312
0.6455589321870862,2,42,10,2011,0,0,0.3658128070950259,1.2098415167478185,-0.41565300660957144
0.22127507692775497,1,42,10,2011,0,0,-0.4881161660715556,0.6431129642520036,0.154825849554178
-0.2837710107424666,1,42,10,2011,0,0,-0.5719888706183037,-1.0426073715416178,-0.8541554109742444
1.8019984234725068,2,42,10,2011,0,0,0.07435515879507563,0.4525096171634302,0.1601474806751084
-0.8812789017076371,0,42,10,2011,0,0,-1.084660777160303,0.6431129642520036,0.154825849554178
0.9579011416530114,2,42,10,2011,0,0,0.5424696910466148,1.2590497244537229,-0.8892781763723856
1.9623971257156043,2,42,10,2011,0,0,-0.23544964362447623,1.0392590178050383,-0.6066995638509763
-0.6294758300313095,1,42,10,2011,0,0,-0.41734857161023664,1.0392590178050383,-0.6066995638509763
-0.5381791422292902,1,42,10,2011,0,0,0.3658128070950259,1.2098415167478185,-0.41565300660957144
-0.1532543914646637,1,42,10,2011,0,0,-0.34448415953524897,-0.8693973442178178,-2.023317768242675
-0.034159492930900565,1,42,10,2011,0,0,0.0586290266925601,-0.7673256361252844,-0.27462978190491294
0.409163668762588,1,42,10,2011,0,0,-0.6584825971821382,0.6431129642520036,-0.7785882490570312
1.6258211757285925,2,42,10,2011,0,0,0.33278792967974397,1.2098415167478185,-0.41565300660957144
-0.7652654590723796,0,42,10,2011,0,0,0.635253870451455,1.0051023912928831,1.0249125378263144
-1.191930361324644,0,42,10,2011,0,0,0.5686799112174736,1.306488904809526,-0.5455008059602755
0.06984690069365158,1,42,10,2011,0,0,-0.1232699012932003,-0.8693973442178178,0.13247499884627
0.5116519662286834,1,42,10,2011,0,0,0.7794100813911786,-1.0426073715416178,2.4841037911854573
-1.3486181105998394,0,42,10,2011,0,0,0.45702437328961515,1.233563782556162,-1.0228511175077413
-0.08150143081591646,1,42,10,2011,0,0,-0.6789265689154081,-0.8693973442178178,-0.3321033980109626
-0.48283908635581385,1,42,10,2011,0,0,0.07435515879507563,0.4525096171634302,0.1601474806751084
0.573135801532393,2,42,10,2011,0,0,-0.0829061622300775,-0.8693973442178178,0.12342822594068845
-1.376855708149767,0,42,10,2011,0,0,-0.1846018164930101,-1.0426073715416178,-1.140991328392398
0.6343900705580522,2,42,10,2011,0,0,-0.3177497349609731,-0.8693973442178178,-2.023317768242675
1.9384129158557557,2,42,10,2011,0,0,0.3464172441685908,-1.0426073715416178,-1.6385638381993999
-0.9075748471041216,0,42,10,2011,0,0,1.0341734214519267,-1.0426073715416178,-0.18522637907328096
0.7363931897707003,2,42,10,2011,0,0,-0.3214191657848933,-0.8693973442178178,-0.18948368397002535
0.9403924192566392,2,42,10,2011,0,0,0.2898031685995354,1.21888844707172,-0.18948368397002535
1.3473198337634127,2,42,10,2011,0,0,0.07540356760190979,-0.7673256361252844,-0.16819715948630334
1.7698846401364374,2,43,10,2011,0,0,-0.5646500089704636,-1.0423105234901977,-0.9738921111951804
-0.5381791422292902,1,43,10,2011,0,0,0.38153893919754106,1.2139703960168422,-0.41565300660957144
-0.23540340052032,1,43,10,2011,0,0,-0.3340000714669053,-0.767759059902484,0.2782876915597652
-0.9389381283506959,0,43,10,2011,0,0,-0.4650511723211996,-0.8697407580341144,0.6039715161607118
-1.4562002121550588,0,43,10,2011,0,0,0.9723173018487002,-1.0423105234901977,-0.11285219582862611
1.577114680345175,2,43,10,2011,0,0,0.7657807669023325,-1.0423105234901977,-0.18522637907328096
0.06984690069365158,1,43,10,2011,0,0,-0.6590068015855552,-0.8697407580341144,0.13247499884627
0.573135801532393,2,43,10,2011,0,0,-0.53372194916885,-0.8697407580341144,0.12342822594068845
-1.376855708149767,0,43,10,2011,0,0,-0.5646500089704636,-1.0423105234901977,-1.140991328392398
0.5116519662286834,1,43,10,2011,0,0,0.4837587978638907,-1.0423105234901977,2.4841037911854573
0.7468814399824394,2,43,10,2011,0,0,0.6745692007077432,1.1902544403658428,-0.2693081507839825
1.6258211757285925,2,43,10,2011,0,0,0.4030313197376459,1.2139703960168422,-0.41565300660957144
0.9579011416530114,2,43,10,2011,0,0,0.5938417225814984,1.2632521732491984,-0.8892781763723856
-0.9763164935158085,0,43,10,2011,0,0,-0.8498172044294078,0.6470541910927288,-1.0590382091300685
-0.8812789017076371,0,43,10,2011,0,0,-1.5391459949229955,0.6470541910927288,0.154825849554178
1.9384129158557557,2,43,10,2011,0,0,-0.1505285302708933,-1.0423105234901977,-1.6385638381993999
-0.25570883086971885,1,43,10,2011,0,0,-0.069276847741231,1.311989740653503,-1.1170439883482108
0.7363931897707003,2,43,10,2011,0,0,-0.6128768140848435,-0.8697407580341144,-0.18948368397002535
1.3473198337634127,2,43,10,2011,0,0,-0.3340000714669053,-0.767759059902484,-0.16819715948630334
-1.2233312978149107,0,43,10,2011,0,0,0.4837587978638907,-1.0423105234901977,2.4841037911854573
-0.7837888727676563,0,43,10,2011,0,0,-0.6626762324094755,-0.8697407580341144,-0.18948368397002535
-0.9075748471041216,0,43,10,2011,0,0,0.7657807669023325,-1.0423105234901977,-0.18522637907328096
0.6455589321870862,2,43,10,2011,0,0,0.38153893919754106,1.2139703960168422,-0.41565300660957144
-0.9769592987077368,0,43,10,2011,0,0,0.6881985151965901,1.1902544403658428,-0.2693081507839825
-0.08150143081591646,1,43,10,2011,0,0,-1.212042447190677,-0.8697407580341144,-0.3321033980109626
1.9623971257156043,2,43,10,2011,0,0,-0.46243015030411383,1.0429854363728495,-0.6066995638509763
-1.1255585835694173,0,43,10,2011,0,0,0.38153893919754106,1.2139703960168422,-0.41565300660957144
-1.191930361324644,0,43,10,2011,0,0,0.6740449963043266,1.310762275855474,-0.5455008059602755
-0.9305589082924309,0,43,10,2011,0,0,0.30290827868496484,1.316839722948177,-1.1537632430826312
1.8019984234725068,2,43,10,2011,0,0,-0.3355726846771569,0.4549035485718308,0.1601474806751084
-0.7652654590723796,0,43,10,2011,0,0,0.4528307380622771,1.0088919939198497,1.0249125378263144
0.409163668762588,1,43,10,2011,0,0,-1.1092983841209103,0.6470541910927288,-0.7785882490570312
0.22127507692775497,1,43,10,2011,0,0,-0.8084050565594508,0.6470541910927288,0.154825849554178
-1.2459385906379226,0,43,10,2011,0,0,0.6881985151965901,1.1902544403658428,-0.2693081507839825
-1.3486181105998394,0,43,10,2011,0,0,0.5812608168994856,1.2377281255281016,-1.0228511175077413
-0.034159492930900565,1,43,10,2011,0,0,-0.4650511723211996,-0.767759059902484,-0.27462978190491294
-0.6294758300313095,1,43,10,2011,0,0,-0.6238851065566043,1.0429854363728495,-0.6066995638509763
-0.1532543914646637,1,43,10,2011,0,0,-0.8435267515884014,-0.8697407580341144,-2.023317768242675
0.6343900705580522,2,43,10,2011,0,0,-0.8183649402243771,-0.8697407580341144,-2.023317768242675
0.5724470756586781,2,43,10,2011,0,0,0.7589661096579087,1.310762275855474,-0.5455008059602755
0.9403924192566392,2,43,10,2011,0,0,0.43972562797684767,1.2230308514206392,-0.18948368397002535
-0.1483451814265229,1,43,10,2011,0,0,-0.18984386052718158,-1.0423105234901977,1.0249125378263144
-0.2837710107424666,1,43,10,2011,0,0,-0.8540108396567451,-1.0423105234901977,-0.8541554109742444
-0.48283908635581385,1,43,10,2011,0,0,-0.3355726846771569,0.4549035485718308,0.1601474806751084
-0.07023490707221185,1,43,10,2011,0,0,0.4837587978638907,-1.0423105234901977,2.4841037911854573
-0.034159492930900565,1,44,11,2011,1,0,-0.8057840345423647,-0.7681924836796831,-0.27462978190491294
-1.3486181105998394,0,44,11,2011,1,0,-0.07713991379248858,1.2418924710777202,-1.0228511175077413
-0.1483451814265229,1,44,11,2011,1,0,-0.5316251315551812,-1.0420136754387774,1.0249125378263144
-0.7837888727676563,0,44,11,2011,1,0,-0.7753801791441686,-0.8700841718504104,-0.18948368397002535
-0.8812789017076371,0,44,11,2011,1,0,-1.8227405771716887,0.6509954153557748,0.154825849554178
1.6258211757285925,2,44,11,2011,1,0,-0.13899603339571548,1.2180992727081885,-0.41565300660957144
1.577114680345175,2,44,11,2011,1,0,0.5445665086602831,-1.0420136754387774,-0.18522637907328096
-1.2233312978149107,0,44,11,2011,1,0,0.08326663365316773,-1.0420136754387774,2.4841037911854573
0.06984690069365158,1,44,11,2011,1,0,-1.042724424886929,-0.8700841718504104,0.13247499884627
0.5116519662286834,1,44,11,2011,1,0,0.08326663365316773,-1.0420136754387774,2.4841037911854573
0.5724470756586781,2,44,11,2011,1,0,0.1545584325179038,1.3150356494791013,-0.5455008059602755
-0.5381791422292902,1,44,11,2011,1,0,-0.11383422203169113,1.2180992727081885,-0.41565300660957144
-0.9075748471041216,0,44,11,2011,1,0,0.5445665086602831,-1.0420136754387774,-0.18522637907328096
-1.2459385906379226,0,44,11,2011,1,0,0.041330281379793346,1.194334980427077,-0.2693081507839825
0.7468814399824394,2,44,11,2011,1,0,-0.007420728138004113,1.194334980427077,-0.2693081507839825
-1.1255585835694173,0,44,11,2011,1,0,-0.11383422203169113,1.2180992727081885,-0.41565300660957144
1.9623971257156043,2,44,11,2011,1,0,-0.7496941633767268,1.0467118575183392,-0.6066995638509763
-0.08150143081591646,1,44,11,2011,1,0,-1.3881751267388487,-0.8700841718504104,-0.3321033980109626
-0.9769592987077368,0,44,11,2011,1,0,0.041330281379793346,1.194334980427077,-0.2693081507839825
-1.191930361324644,0,44,11,2011,1,0,0.059153231095977546,1.3150356494791013,-0.5455008059602755
-0.48283908635581385,1,44,11,2011,1,0,-0.7475973457630581,0.45729747998023146,0.1601474806751084
-0.9305589082924309,0,44,11,2011,1,0,-0.19508590456135344,1.3211221700006637,-1.1537632430826312
-0.1532543914646637,1,44,11,2011,1,0,-1.194219497474493,-0.8700841718504104,-2.023317768242675
1.8019984234725068,2,44,11,2011,1,0,-0.7475973457630581,0.45729747998023146,0.1601474806751084
0.6455589321870862,2,44,11,2011,1,0,-0.11383422203169113,1.2180992727081885,-0.41565300660957144
0.409163668762588,1,44,11,2011,1,0,-1.2130908559975115,0.6509954153557748,-0.7785882490570312
-0.2837710107424666,1,44,11,2011,1,0,-1.0830881639500514,-1.0420136754387774,-0.8541554109742444
-0.9763164935158085,0,44,11,2011,1,0,-1.297487764947677,0.6509954153557748,-1.0590382091300685
0.6343900705580522,2,44,11,2011,1,0,-0.9960702329828002,-0.8700841718504104,-2.023317768242675
-0.6294758300313095,1,44,11,2011,1,0,-0.9069554844018799,1.0467118575183392,-0.6066995638509763
0.22127507692775497,1,44,11,2011,1,0,-1.0605473746031129,0.6509954153557748,0.154825849554178
-0.7652654590723796,0,44,11,2011,1,0,0.047096529817382264,1.0126815991244948,1.0249125378263144
1.3473198337634127,2,44,11,2011,1,0,-0.7192903079785306,-0.7681924836796831,-0.16819715948630334
-0.07023490707221185,1,44,11,2011,1,0,0.08326663365316773,-1.0420136754387774,2.4841037911854573
0.9403924192566392,2,44,11,2011,1,0,-0.16782727558366042,1.227173255769558,-0.18948368397002535
-0.23540340052032,1,44,11,2011,1,0,-0.7192903079785306,-0.7681924836796831,0.2782876915597652
0.573135801532393,2,44,11,2011,1,0,-0.9599001291470151,-0.8700841718504104,0.12342822594068845
1.9384129158557557,2,44,11,2011,1,0,-0.436219930133255,-1.0420136754387774,-1.6385638381993999
-1.4562002121550588,0,44,11,2011,1,0,0.7196507794016205,-1.0420136754387774,-0.11285219582862611
-1.376855708149767,0,44,11,2011,1,0,-0.7690897263031625,-1.0420136754387774,-1.140991328392398
-0.9389381283506959,0,44,11,2011,1,0,-0.8057840345423647,-0.8700841718504104,0.6039715161607118
1.7698846401364374,2,44,11,2011,1,0,-0.7690897263031625,-1.0420136754387774,-0.9738921111951804
0.9579011416530114,2,44,11,2011,1,0,0.018789492032854745,1.2674546194669938,-0.8892781763723856
-0.25570883086971885,1,44,11,2011,1,0,-0.4456556093947642,1.3162649470066528,-1.1170439883482108
0.7363931897707003,2,44,11,2011,1,0,-0.6925558834042547,-0.8700841718504104,-0.18948368397002535
-0.6294758300313095,1,45,11,2011,1,0,-0.7009431538589292,1.0504382786638289,-0.6066995638509763
-0.9305589082924309,0,45,11,2011,1,0,0.005160177544008242,1.3254046144754728,-1.1537632430826312
-1.3486181105998394,0,45,11,2011,1,0,0.13254184757438228,1.2460568166273382,-1.0228511175077413
-0.9769592987077368,0,45,11,2011,1,0,0.27879487612777465,1.1984155204883113,-0.2693081507839825
0.573135801532393,2,45,11,2011,1,0,-0.5976748863857455,-0.8704275830890287,0.12342822594068845
-0.1532543914646637,1,45,11,2011,1,0,-0.9137701416463033,-0.8704275830890287,-2.023317768242675
-0.25570883086971885,1,45,11,2011,1,0,-0.39952562189405244,1.3205401507821237,-1.1170439883482108
-0.8812789017076371,0,45,11,2011,1,0,-2.026131885697553,0.6549366396188214,0.154825849554178
0.9403924192566392,2,45,11,2011,1,0,0.04866914302763385,1.2313156601184778,-0.18948368397002535
-0.9763164935158085,0,45,11,2011,1,0,-1.5003548690701245,0.6549366396188214,-1.0590382091300685
1.8019984234725068,2,45,11,2011,1,0,-0.5520691032884512,0.4596914113886321,0.1601474806751084
0.409163668762588,1,45,11,2011,1,0,-1.326843211539039,0.6549366396188214,-0.7785882490570312
-1.2459385906379226,0,45,11,2011,1,0,0.27879487612777465,1.1984155204883113,-0.2693081507839825
-0.034159492930900565,1,45,11,2011,1,0,-0.5442060372371936,-0.7686259074568828,-0.27462978190491294
-0.23540340052032,1,45,11,2011,1,0,-0.44513140499134707,-0.7686259074568828,0.2782876915597652
-0.9075748471041216,0,45,11,2011,1,0,-0.1521011434811449,-1.0417168248096789,-0.18522637907328096
-0.9389381283506959,0,45,11,2011,1,0,-0.5442060372371936,-0.8704275830890287,0.6039715161607118
-0.08150143081591646,1,45,11,2011,1,0,-0.9488918366752543,-0.8704275830890287,-0.3321033980109626
0.22127507692775497,1,45,11,2011,1,0,-1.0526843085518551,0.6549366396188214,0.154825849554178
-1.4562002121550588,0,45,11,2011,1,0,0.029797784504615506,-1.0417168248096789,-0.11285219582862611
-0.7652654590723796,0,45,11,2011,1,0,-0.3628313136548503,1.0164712017514614,1.0249125378263144
0.6455589321870862,2,45,11,2011,1,0,0.08483924686341895,1.2222281519772122,-0.41565300660957144
0.9579011416530114,2,45,11,2011,1,0,0.16504252058624713,1.2716570682624686,-0.8892781763723856
-0.2837710107424666,1,45,11,2011,1,0,-1.6025747277364741,-1.0417168248096789,-0.8541554109742444
-0.07023490707221185,1,45,11,2011,1,0,-0.49388241450914455,-1.0417168248096789,2.4841037911854573
0.7468814399824394,2,45,11,2011,1,0,0.2583509043945047,1.1984155204883113,-0.2693081507839825
0.5116519662286834,1,45,11,2011,1,0,-0.49388241450914455,-1.0417168248096789,2.4841037911854573
1.7698846401364374,2,45,11,2011,1,0,-1.2780922020212415,-1.0417168248096789,-0.9738921111951804
0.5724470756586781,2,45,11,2011,1,0,0.3154891843669772,1.3193090205250495,-0.5455008059602755
1.9623971257156043,2,45,11,2011,1,0,-0.5719888706183037,1.0504382786638289,-0.6066995638509763
1.3473198337634127,2,45,11,2011,1,0,-0.44513140499134707,-0.7686259074568828,-0.16819715948630334
-0.1483451814265229,1,45,11,2011,1,0,-0.8985682139472052,-1.0417168248096789,1.0249125378263144
-1.1255585835694173,0,45,11,2011,1,0,0.08483924686341895,1.2222281519772122,-0.41565300660957144
1.9384129158557557,2,45,11,2011,1,0,-0.5798519366695616,-1.0417168248096789,-1.6385638381993999
1.577114680345175,2,45,11,2011,1,0,-0.1521011434811449,-1.0417168248096789,-0.18522637907328096
-1.2233312978149107,0,45,11,2011,1,0,-0.49388241450914455,-1.0417168248096789,2.4841037911854573
0.6343900705580522,2,45,11,2011,1,0,-0.7413068929220521,-0.8704275830890287,-2.023317768242675
0.06984690069365158,1,45,11,2011,1,0,-0.654813166358218,-0.8704275830890287,0.13247499884627
1.6258211757285925,2,45,11,2011,1,0,0.060201639902811695,1.2222281519772122,-0.41565300660957144
-1.191930361324644,0,45,11,2011,1,0,0.1844380835126829,1.3193090205250495,-0.5455008059602755
0.7363931897707003,2,45,11,2011,1,0,-0.5221894522936721,-0.8704275830890287,-0.18948368397002535
-0.7837888727676563,0,45,11,2011,1,0,-0.5793277322661442,-0.8704275830890287,-0.18948368397002535
-0.5381791422292902,1,45,11,2011,1,0,0.08483924686341895,1.2222281519772122,-0.41565300660957144
-1.376855708149767,0,45,11,2011,1,0,-1.2780922020212415,-1.0417168248096789,-1.140991328392398
-0.48283908635581385,1,45,11,2011,1,0,-0.5520691032884512,0.4596914113886321,0.1601474806751084
1.8019984234725068,2,46,11,2011,1,0,-0.35863767842751254,0.4631746517522684,0.1601474806751084
-0.034159492930900565,1,46,11,2011,1,0,-0.39638039547354964,-0.7685840356448347,-0.27462978190491294
1.3473198337634127,2,46,11,2011,1,0,-0.35444404320017525,-0.7685840356448347,-0.16819715948630334
0.6343900705580522,2,46,11,2011,1,0,-0.6658214588299787,-0.8703023027511094,-2.023317768242675
1.9384129158557557,2,46,11,2011,1,0,-0.4058160747350588,-1.0414558709335089,-1.6385638381993999
0.409163668762588,1,46,11,2011,1,0,-1.129218151450763,0.6570188162601485,-0.7785882490570312
0.9579011416530114,2,46,11,2011,1,0,0.2992388478610446,1.277498093246747,-0.8892781763723856
-0.7652654590723796,0,46,11,2011,1,0,-0.022622655837102205,1.021673627470754,1.0249125378263144
-0.48283908635581385,1,46,11,2011,1,0,-0.35863767842751254,0.4631746517522684,0.1601474806751084
-0.9769592987077368,0,46,11,2011,1,0,0.42452370027774994,1.204030962502904,-0.2693081507839825
-0.9389381283506959,0,46,11,2011,1,0,-0.39638039547354964,-0.8703023027511094,0.6039715161607118
-0.2837710107424666,1,46,11,2011,1,0,-1.3236979851185358,-1.0414558709335089,-0.8541554109742444
0.6455589321870862,2,46,11,2011,1,0,0.19492217158102623,1.2279372745671102,-0.41565300660957144
1.9623971257156043,2,46,11,2011,1,0,-0.465575376724617,1.0556890255471616,-0.6066995638509763
-1.191930361324644,0,46,11,2011,1,0,0.30028725666787875,1.3252772101303432,-0.5455008059602755
-0.9305589082924309,0,46,11,2011,1,0,0.032418806521701246,1.3313890692330703,-1.1537632430826312
-0.1483451814265229,1,46,11,2011,1,0,-0.6385628298522853,-1.0414558709335089,1.0249125378263144
-1.1255585835694173,0,46,11,2011,1,0,0.19492217158102623,1.2279372745671102,-0.41565300660957144
-0.9763164935158085,0,46,11,2011,1,0,-1.386602513528597,0.6570188162601485,-1.0590382091300685
-0.07023490707221185,1,46,11,2011,1,0,-0.20871521905019993,-1.0414558709335089,2.4841037911854573
1.6258211757285925,2,46,11,2011,1,0,0.20068842001861514,1.2279372745671102,-0.41565300660957144
0.06984690069365158,1,46,11,2011,1,0,-0.5400124020098559,-0.8703023027511094,0.13247499884627
-0.7837888727676563,0,46,11,2011,1,0,-0.6107799964711749,-0.8703023027511094,-0.18948368397002535
-1.376855708149767,0,46,11,2011,1,0,-0.9190121856804752,-1.0414558709335089,-1.140991328392398
-0.5381791422292902,1,46,11,2011,1,0,0.19492217158102623,1.2279372745671102,-0.41565300660957144
0.7363931897707003,2,46,11,2011,1,0,-0.5227136566970891,-0.8703023027511094,-0.18948368397002535
0.5724470756586781,2,46,11,2011,1,0,0.41875745184016105,1.3252772101303432,-0.5455008059602755
-0.23540340052032,1,46,11,2011,1,0,-0.35444404320017525,-0.7685840356448347,0.2782876915597652
-1.3486181105998394,0,46,11,2011,1,0,0.32230384161140024,1.251829525394262,-1.0228511175077413
0.573135801532393,2,46,11,2011,1,0,-0.5248104743107578,-0.8703023027511094,0.12342822594068845
-0.1532543914646637,1,46,11,2011,1,0,-0.8561076572704138,-0.8703023027511094,-2.023317768242675
-1.2233312978149107,0,46,11,2011,1,0,-0.20871521905019993,-1.0414558709335089,2.4841037911854573
0.5116519662286834,1,46,11,2011,1,0,-0.20871521905019993,-1.0414558709335089,2.4841037911854573
-0.8812789017076371,0,46,11,2011,1,0,-1.501927482280376,0.6570188162601485,0.154825849554178
0.9403924192566392,2,46,11,2011,1,0,0.2132693257006275,1.2370490335091482,-0.18948368397002535
-1.2459385906379226,0,46,11,2011,1,0,0.42452370027774994,1.204030962502904,-0.2693081507839825
-0.9075748471041216,0,46,11,2011,1,0,0.041330281379793346,-1.0414558709335089,-0.18522637907328096
0.7468814399824394,2,46,11,2011,1,0,0.4145638166128237,1.204030962502904,-0.2693081507839825
0.22127507692775497,1,46,11,2011,1,0,-0.8162681226107084,0.6570188162601485,0.154825849554178
-1.4562002121550588,0,46,11,2011,1,0,0.27093181007651707,-1.0414558709335089,-0.11285219582862611
-0.6294758300313095,1,46,11,2011,1,0,-0.6170704493121812,1.0556890255471616,-0.6066995638509763
-0.08150143081591646,1,46,11,2011,1,0,-1.069458849461205,-0.8703023027511094,-0.3321033980109626
-0.25570883086971885,1,46,11,2011,1,0,-0.3387179110976601,1.326511624350022,-1.1170439883482108
1.7698846401364374,2,46,11,2011,1,0,-0.9190121856804752,-1.0414558709335089,-0.9738921111951804
1.577114680345175,2,46,11,2011,1,0,0.041330281379793346,-1.0414558709335089,-0.18522637907328096
0.6343900705580522,2,47,11,2011,1,1,-1.2031309723325854,-0.8699895452670391,-2.023317768242675
0.9579011416530114,2,47,11,2011,1,1,0.24105215908173794,1.2839945523152967,-0.8892781763723856
-0.7837888727676563,0,47,11,2011,1,1,-0.895422987526702,-0.8699895452670391,-0.18948368397002535
0.7363931897707003,2,47,11,2011,1,1,-0.8089292609628679,-0.8699895452670391,-0.18948368397002535
-0.9769592987077368,0,47,11,2011,1,1,0.43133835752217303,1.210260366329911,-0.2693081507839825
0.6455589321870862,2,47,11,2011,1,1,-0.0918176370881696,1.234278495516429,-0.41565300660957144
-0.9075748471041216,0,47,11,2011,1,1,0.1309692343641307,-1.0412092721497608,-0.18522637907328096
-0.1483451814265229,1,47,11,2011,1,1,-0.6390870342557025,-1.0412092721497608,1.0249125378263144
-0.25570883086971885,1,47,11,2011,1,1,-0.4493250402186844,1.3331616048038195,-1.1170439883482108
-1.2233312978149107,0,47,11,2011,1,1,-0.25851463737483193,-1.0412092721497608,2.4841037911854573
-0.08150143081591646,1,47,11,2011,1,1,-1.4212000041541308,-0.8699895452670391,-0.3321033980109626
-0.9763164935158085,0,47,11,2011,1,1,-1.404425463244781,0.658357371275109,-1.0590382091300685
1.7698846401364374,2,47,11,2011,1,1,-1.0112721606818982,-1.0412092721497608,-0.9738921111951804
0.573135801532393,2,47,11,2011,1,1,-0.8571560660772483,-0.8699895452670391,0.12342822594068845
-1.1255585835694173,0,47,11,2011,1,1,-0.0918176370881696,1.234278495516429,-0.41565300660957144
-0.5381791422292902,1,47,11,2011,1,1,-0.0918176370881696,1.234278495516429,-0.41565300660957144
1.9384129158557557,2,47,11,2011,1,1,-0.5358187667825186,-1.0412092721497608,-1.6385638381993999
-1.3486181105998394,0,47,11,2011,1,1,0.19649478479127783,1.2582455840879292,-1.0228511175077413
-0.1532543914646637,1,47,11,2011,1,1,-1.332609459976628,-0.8699895452670391,-2.023317768242675
-0.8812789017076371,0,47,11,2011,1,1,-1.6030989321398912,0.658357371275109,0.154825849554178
-1.2459385906379226,0,47,11,2011,1,1,0.43133835752217303,1.210260366329911,-0.2693081507839825
0.06984690069365158,1,47,11,2011,1,1,-0.8498172044294078,-0.8699895452670391,0.13247499884627
-1.4562002121550588,0,47,11,2011,1,1,0.21851136973479934,-1.0412092721497608,-0.11285219582862611
-1.376855708149767,0,47,11,2011,1,1,-1.0112721606818982,-1.0412092721497608,-1.140991328392398
0.22127507692775497,1,47,11,2011,1,1,-0.9415529750274138,0.658357371275109,0.154825849554178
-0.6294758300313095,1,47,11,2011,1,1,-0.7701381351099967,1.0615495068499166,-0.6066995638509763
0.5724470756586781,2,47,11,2011,1,1,0.6211003515591914,1.3319233240661599,-0.5455008059602755
1.6258211757285925,2,47,11,2011,1,1,-0.09548706791208986,1.234278495516429,-0.41565300660957144
-0.23540340052032,1,47,11,2011,1,1,-0.5400124020098559,-0.7683520445660165,0.2782876915597652
-0.7652654590723796,0,47,11,2011,1,1,-0.13008455853762338,1.02744118345805,1.0249125378263144
-0.034159492930900565,1,47,11,2011,1,1,-0.6238851065566043,-0.7683520445660165,-0.27462978190491294
-0.48283908635581385,1,47,11,2011,1,1,-0.4965034365262303,0.46709361518246306,0.1601474806751084
1.3473198337634127,2,47,11,2011,1,1,-0.5400124020098559,-0.7683520445660165,-0.16819715948630334
1.9623971257156043,2,47,11,2011,1,1,-0.6186430625224325,1.0615495068499166,-0.6066995638509763
1.577114680345175,2,47,11,2011,1,1,0.1309692343641307,-1.0412092721497608,-0.18522637907328096
-1.191930361324644,0,47,11,2011,1,1,0.5146868576655044,1.3319233240661599,-0.5455008059602755
0.409163668762588,1,47,11,2011,1,1,-1.143371670343027,0.658357371275109,-0.7785882490570312
-0.9305589082924309,0,47,11,2011,1,1,-0.20242476620919395,1.3380543275882466,-1.1537632430826312
0.5116519662286834,1,47,11,2011,1,1,-0.25851463737483193,-1.0412092721497608,2.4841037911854573
0.9403924192566392,2,47,11,2011,1,1,0.10266219657960315,1.2434187945165192,-0.18948368397002535
-0.9389381283506959,0,47,11,2011,1,1,-0.6238851065566043,-0.8699895452670391,0.6039715161607118
1.8019984234725068,2,47,11,2011,1,1,-0.4965034365262303,0.46709361518246306,0.1601474806751084
-0.2837710107424666,1,47,11,2011,1,1,-1.329988437959542,-1.0412092721497608,-0.8541554109742444
0.7468814399824394,2,47,11,2011,1,1,0.4287173355050873,1.210260366329911,-0.2693081507839825
-0.07023490707221185,1,47,11,2011,1,1,-0.25851463737483193,-1.0412092721497608,2.4841037911854573
-1.376855708149767,0,48,12,2011,1,0,-1.270753340373401,-1.0409626733660127,-1.140991328392398
-0.48283908635581385,1,48,12,2011,1,0,-0.41892118482048823,0.471012578612657,0.1601474806751084
-0.7837888727676563,0,48,12,2011,1,0,-0.6558615751650521,-0.8696767877829695,-0.18948368397002535
-0.25570883086971885,1,48,12,2011,1,0,-0.9101007108223831,1.3398115878352954,-1.1170439883482108
-0.23540340052032,1,48,12,2011,1,0,-0.4000498262974699,-0.7681200534871975,0.2782876915597652
0.9403924192566392,2,48,12,2011,1,0,-0.48601934845788697,1.2497885529462116,-0.18948368397002535
-0.034159492930900565,1,48,12,2011,1,0,-0.4755352603895433,-0.7681200534871975,-0.27462978190491294
0.573135801532393,2,48,12,2011,1,0,-0.5751340970388068,-0.8696767877829695,0.12342822594068845
-1.4562002121550588,0,48,12,2011,1,0,0.04919334743105093,-1.0409626733660127,-0.11285219582862611
-0.5381791422292902,1,48,12,2011,1,0,-0.4959792321228132,1.2406197138880692,-0.41565300660957144
-0.1483451814265229,1,48,12,2011,1,0,-0.966190581988021,-1.0409626733660127,1.0249125378263144
0.6343900705580522,2,48,12,2011,1,0,-0.7643718866724077,-0.8696767877829695,-2.023317768242675
-1.191930361324644,0,48,12,2011,1,0,-0.1683514799870775,1.3385694405796558,-0.5455008059602755
-0.9305589082924309,0,48,12,2011,1,0,-0.5945296599652423,1.3447195859434236,-1.1537632430826312
1.8019984234725068,2,48,12,2011,1,0,-0.41892118482048823,0.471012578612657,0.1601474806751084
-0.9769592987077368,0,48,12,2011,1,0,-0.24174009646548222,1.2164897727345965,-0.2693081507839825
0.6455589321870862,2,48,12,2011,1,0,-0.4959792321228132,1.2406197138880692,-0.41565300660957144
-0.7652654590723796,0,48,12,2011,1,0,-0.5604563737431258,1.0332087394453449,1.0249125378263144
1.7698846401364374,2,48,12,2011,1,0,-1.270753340373401,-1.0409626733660127,-0.9738921111951804
-0.6294758300313095,1,48,12,2011,1,0,-0.803687216928696,1.067409985574993,-0.6066995638509763
-0.9075748471041216,0,48,12,2011,1,0,-0.0467360583942924,-1.0409626733660127,-0.18522637907328096
0.22127507692775497,1,48,12,2011,1,0,-1.2780922020212415,0.6596959262900701,0.154825849554178
-1.2459385906379226,0,48,12,2011,1,0,-0.24174009646548222,1.2164897727345965,-0.2693081507839825
1.6258211757285925,2,48,12,2011,1,0,-0.4949308233159787,1.2406197138880692,-0.41565300660957144
-0.07023490707221185,1,48,12,2011,1,0,-0.2978299676311202,-1.0409626733660127,2.4841037911854573
0.5724470756586781,2,48,12,2011,1,0,-0.06770423453097942,1.3385694405796558,-0.5455008059602755
1.577114680345175,2,48,12,2011,1,0,-0.0467360583942924,-1.0409626733660127,-0.18522637907328096
-0.08150143081591646,1,48,12,2011,1,0,-1.1239761074165913,-0.8696767877829695,-0.3321033980109626
1.9384129158557557,2,48,12,2011,1,0,-1.0207078399434075,-1.0409626733660127,-1.6385638381993999
1.9623971257156043,2,48,12,2011,1,0,-0.6217882889429357,1.067409985574993,-0.6066995638509763
-1.3486181105998394,0,48,12,2011,1,0,-0.36912176649585626,1.2646616402039172,-1.0228511175077413
0.7468814399824394,2,48,12,2011,1,0,-0.2642808858124208,1.2164897727345965,-0.2693081507839825
-0.1532543914646637,1,48,12,2011,1,0,-1.0311919280117512,-0.8696767877829695,-2.023317768242675
-0.2837710107424666,1,48,12,2011,1,0,-1.6623340297260323,-1.0409626733660127,-0.8541554109742444
0.9579011416530114,2,48,12,2011,1,0,-0.3670249488821876,1.2904910088061678,-0.8892781763723856
1.3473198337634127,2,48,12,2011,1,0,-0.4000498262974699,-0.7681200534871975,-0.16819715948630334
0.06984690069365158,1,48,12,2011,1,0,-0.6254577197668559,-0.8696767877829695,0.13247499884627
-0.8812789017076371,0,48,12,2011,1,0,-1.9815745114070933,0.6596959262900701,0.154825849554178
-1.1255585835694173,0,48,12,2011,1,0,-0.4959792321228132,1.2406197138880692,-0.41565300660957144
0.409163668762588,1,48,12,2011,1,0,-1.2398252805717875,0.6596959262900701,-0.7785882490570312
0.7363931897707003,2,48,12,2011,1,0,-0.6558615751650521,-0.8696767877829695,-0.18948368397002535
-1.2233312978149107,0,48,12,2011,1,0,-0.2978299676311202,-1.0409626733660127,2.4841037911854573
0.5116519662286834,1,48,12,2011,1,0,-0.2978299676311202,-1.0409626733660127,2.4841037911854573
-0.9389381283506959,0,48,12,2011,1,0,-0.4755352603895433,-0.8696767877829695,0.6039715161607118
-0.9763164935158085,0,48,12,2011,1,0,-1.5910422308612964,0.6596959262900701,-1.0590382091300685
-0.2837710107424666,1,49,12,2011,1,0,-2.129400153170737,-1.0407160771599433,-0.8541554109742444
-0.1532543914646637,1,49,12,2011,1,0,-1.2424463025888735,-0.8693640277212207,-2.023317768242675
-0.9075748471041216,0,49,12,2011,1,0,-0.81784073582096,-1.0407160771599433,-0.18522637907328096
1.9623971257156043,2,49,12,2011,1,0,-0.8671159497421745,1.0732704668777477,-0.6066995638509763
-1.4562002121550588,0,49,12,2011,1,0,-0.549448081271365,-1.0407160771599433,-0.11285219582862611
0.22127507692775497,1,49,12,2011,1,0,-2.1094803858408846,0.661034483882709,0.154825849554178
0.573135801532393,2,49,12,2011,1,0,-0.832518459116641,-0.8693640277212207,0.12342822594068845
-1.3486181105998394,0,49,12,2011,1,0,-0.7371132576947148,1.2710776963199062,-1.0228511175077413
-0.5381791422292902,1,49,12,2011,1,0,-0.8776000378105182,1.246960934837389,-0.41565300660957144
0.5724470756586781,2,49,12,2011,1,0,-0.3958561910701322,1.3452155545154725,-0.5455008059602755
0.9403924192566392,2,49,12,2011,1,0,-0.747073141359641,1.2561583139535826,-0.18948368397002535
-0.9763164935158085,0,49,12,2011,1,0,-2.2929519270368965,0.661034483882709,-1.0590382091300685
1.6258211757285925,2,49,12,2011,1,0,-0.8608254969011685,1.246960934837389,-0.41565300660957144
-1.2459385906379226,0,49,12,2011,1,0,-0.3953319866667151,1.2227191765616034,-0.2693081507839825
-1.191930361324644,0,49,12,2011,1,0,-0.4676721943382857,1.3452155545154725,-0.5455008059602755
-0.034159492930900565,1,49,12,2011,1,0,-0.6726361160744018,-0.7678880624083793,-0.27462978190491294
0.6455589321870862,2,49,12,2011,1,0,-0.8776000378105182,1.246960934837389,-0.41565300660957144
0.5116519662286834,1,49,12,2011,1,0,-0.8393331163610641,-1.0407160771599433,2.4841037911854573
-0.8812789017076371,0,49,12,2011,1,0,-2.464366766954313,0.661034483882709,0.154825849554178
-0.08150143081591646,1,49,12,2011,1,0,-1.2550272082708855,-0.8693640277212207,-0.3321033980109626
-0.07023490707221185,1,49,12,2011,1,0,-0.8393331163610641,-1.0407160771599433,2.4841037911854573
-0.9305589082924309,0,49,12,2011,1,0,-1.0762735067056284,1.3513848442986005,-1.1537632430826312
-1.376855708149767,0,49,12,2011,1,0,-1.7488277562898664,-1.0407160771599433,-1.140991328392398
-0.7652654590723796,0,49,12,2011,1,0,-1.255551412674303,1.0389762954326398,1.0249125378263144
1.9384129158557557,2,49,12,2011,1,0,-1.3913203531593517,-1.0407160771599433,-1.6385638381993999
0.409163668762588,1,49,12,2011,1,0,-2.1561345777450134,0.661034483882709,-0.7785882490570312
0.06984690069365158,1,49,12,2011,1,0,-0.8293732326961378,-0.8693640277212207,0.13247499884627
1.8019984234725068,2,49,12,2011,1,0,-0.6086831788575062,0.4749315420428517,0.1601474806751084
-0.1483451814265229,1,49,12,2011,1,0,-1.7556424135342898,-1.0407160771599433,1.0249125378263144
0.9579011416530114,2,49,12,2011,1,0,-0.7622750690587391,1.2969874678747177,-0.8892781763723856
-0.9769592987077368,0,49,12,2011,1,0,-0.3953319866667151,1.2227191765616034,-0.2693081507839825
-1.1255585835694173,0,49,12,2011,1,0,-0.8776000378105182,1.246960934837389,-0.41565300660957144
-0.25570883086971885,1,49,12,2011,1,0,-1.4505554507454925,1.3464615682890921,-1.1170439883482108
0.7468814399824394,2,49,12,2011,1,0,-0.46243015030411383,1.2227191765616034,-0.2693081507839825
-0.9389381283506959,0,49,12,2011,1,0,-0.6726361160744018,-0.8693640277212207,0.6039715161607118
1.577114680345175,2,49,12,2011,1,0,-0.81784073582096,-1.0407160771599433,-0.18522637907328096
0.6343900705580522,2,49,12,2011,1,0,-1.1417990571327754,-0.8693640277212207,-2.023317768242675
-0.23540340052032,1,49,12,2011,1,0,-0.6238851065566043,-0.7678880624083793,0.2782876915597652
-0.48283908635581385,1,49,12,2011,1,0,-0.6086831788575062,0.4749315420428517,0.1601474806751084
-0.6294758300313095,1,49,12,2011,1,0,-1.0217562487502418,1.0732704668777477,-0.6066995638509763
-1.2233312978149107,0,49,12,2011,1,0,-0.8393331163610641,-1.0407160771599433,2.4841037911854573
1.7698846401364374,2,49,12,2011,1,0,-1.7488277562898664,-1.0407160771599433,-0.9738921111951804
0.7363931897707003,2,49,12,2011,1,0,-0.9436497926410824,-0.8693640277212207,-0.18948368397002535
-0.7837888727676563,0,49,12,2011,1,0,-1.0301435192049166,-0.8693640277212207,-0.18948368397002535
1.3473198337634127,2,49,12,2011,1,0,-0.6238851065566043,-0.7678880624083793,-0.16819715948630334
-1.1255585835694173,0,50,12,2011,1,0,-0.39952562189405244,1.2525482028242978,-0.41565300660957144
0.06984690069365158,1,50,12,2011,1,0,-1.1879290446334867,-0.8685791400372894,0.13247499884627
-0.23540340052032,1,50,12,2011,1,0,-0.9174395724702236,-0.7671071855924331,0.2782876915597652
-1.376855708149767,0,50,12,2011,1,0,-1.5899938220544618,-1.0396197594964487,-1.140991328392398
-0.5381791422292902,1,50,12,2011,1,0,-0.39952562189405244,1.2525482028242978,-0.41565300660957144
-1.4562002121550588,0,50,12,2011,1,0,-0.2621840681987522,-1.0396197594964487,-0.11285219582862611
0.6455589321870862,2,50,12,2011,1,0,-0.39952562189405244,1.2525482028242978,-0.41565300660957144
-0.9769592987077368,0,50,12,2011,1,0,0.006732790754259833,1.22822370879677,-0.2693081507839825
1.9623971257156043,2,50,12,2011,1,0,-1.10195952247307,1.0784701164371313,-0.6066995638509763
0.573135801532393,2,50,12,2011,1,0,-1.1627672332694625,-0.8685791400372894,0.12342822594068845
-1.3486181105998394,0,50,12,2011,1,0,-0.1971827221750221,1.2767225444925778,-1.0228511175077413
1.7698846401364374,2,50,12,2011,1,0,-1.5899938220544618,-1.0396197594964487,-0.9738921111951804
1.577114680345175,2,50,12,2011,1,0,-0.40109823510430404,-1.0396197594964487,-0.18522637907328096
0.7468814399824394,2,50,12,2011,1,0,0.020886309646523406,1.22822370879677,-0.2693081507839825
1.3473198337634127,2,50,12,2011,1,0,-0.9174395724702236,-0.7671071855924331,-0.16819715948630334
-1.2459385906379226,0,50,12,2011,1,0,0.006732790754259833,1.22822370879677,-0.2693081507839825
-0.9389381283506959,0,50,12,2011,1,0,-0.9997396638067204,-0.8685791400372894,0.6039715161607118
-1.2233312978149107,0,50,12,2011,1,0,-0.7806222231783404,-1.0396197594964487,2.4841037911854573
-0.7837888727676563,0,50,12,2011,1,0,-1.1895016578437383,-0.8685791400372894,-0.18948368397002535
-0.48283908635581385,1,50,12,2011,1,0,-0.9567549027265119,0.4786296267669032,0.1601474806751084
-0.6294758300313095,1,50,12,2011,1,0,-1.3153107146638607,1.0784701164371313,-0.6066995638509763
0.6343900705580522,2,50,12,2011,1,0,-1.3205527586980326,-0.8685791400372894,-2.023317768242675
-0.7652654590723796,0,50,12,2011,1,0,-0.7549362074108986,1.0441363466925475,1.0249125378263144
-0.8812789017076371,0,50,12,2011,1,0,-2.253112392377191,0.6638676362676014,0.154825849554178
-0.25570883086971885,1,50,12,2011,1,0,-0.9640937643743523,1.3522864028737478,-1.1170439883482108
1.8019984234725068,2,50,12,2011,1,0,-0.9567549027265119,0.4786296267669032,0.1601474806751084
0.9579011416530114,2,50,12,2011,1,0,-0.2574662285679974,1.3026941777573964,-0.8892781763723856
-0.1483451814265229,1,50,12,2011,1,0,-1.3561986581304006,-1.0396197594964487,1.0249125378263144
0.5724470756586781,2,50,12,2011,1,0,0.07907299842583004,1.3510374118812833,-0.5455008059602755
1.9384129158557557,2,50,12,2011,1,0,-1.1397022395191068,-1.0396197594964487,-1.6385638381993999
0.409163668762588,1,50,12,2011,1,0,-1.7388678726249398,0.6638676362676014,-0.7785882490570312
0.7363931897707003,2,50,12,2011,1,0,-1.1066773621038244,-0.8685791400372894,-0.18948368397002535
-0.2837710107424666,1,50,12,2011,1,0,-1.945404407571308,-1.0396197594964487,-0.8541554109742444
-0.9305589082924309,0,50,12,2011,1,0,-0.569892053004635,1.3572214330979158,-1.1537632430826312
1.6258211757285925,2,50,12,2011,1,0,-0.42206641124099104,1.2525482028242978,-0.41565300660957144
-0.9763164935158085,0,50,12,2011,1,0,-1.8704431778826516,0.6638676362676014,-1.0590382091300685
-0.1532543914646637,1,50,12,2011,1,0,-1.501927482280376,-0.8685791400372894,-2.023317768242675
-0.08150143081591646,1,50,12,2011,1,0,-1.569549850321192,-0.8685791400372894,-0.3321033980109626
0.5116519662286834,1,50,12,2011,1,0,-0.7806222231783404,-1.0396197594964487,2.4841037911854573
-0.07023490707221185,1,50,12,2011,1,0,-0.7806222231783404,-1.0396197594964487,2.4841037911854573
-1.191930361324644,0,50,12,2011,1,0,-0.012138567768758513,1.3510374118812833,-0.5455008059602755
-0.034159492930900565,1,50,12,2011,1,0,-0.9997396638067204,-0.7671071855924331,-0.27462978190491294
0.22127507692775497,1,50,12,2011,1,0,-1.6749149354080446,0.6638676362676014,0.154825849554178
-0.9075748471041216,0,50,12,2011,1,0,-0.40109823510430404,-1.0396197594964487,-0.18522637907328096
0.9403924192566392,2,50,12,2011,1,0,-0.3434357507284145,1.2617675411849414,-0.18948368397002535
-1.1255585835694173,0,51,12,2011,1,0,-0.6102557920677578,1.2571301993354345,-0.41565300660957144
-0.8812789017076371,0,51,12,2011,1,0,-2.4108979178057615,0.668693586864187,0.154825849554178
-1.191930361324644,0,51,12,2011,1,0,-0.25012736692015725,1.3557602604870853,-0.5455008059602755
1.8019984234725068,2,51,12,2011,1,0,-0.8340910723268923,0.48203320139407296,0.1601474806751084
1.6258211757285925,2,51,12,2011,1,0,-0.6039653392267518,1.2571301993354345,-0.41565300660957144
-0.7652654590723796,0,51,12,2011,1,0,-0.8152197138038739,1.048486385634688,1.0249125378263144
-0.6294758300313095,1,51,12,2011,1,0,-1.1334117866781004,1.082788661301483,-0.6066995638509763
-0.9763164935158085,0,51,12,2011,1,0,-1.960082130866989,0.668693586864187,-1.0590382091300685
-0.9305589082924309,0,51,12,2011,1,0,-0.7208629211887821,1.3619531257191784,-1.1537632430826312
-0.5381791422292902,1,51,12,2011,1,0,-0.6102557920677578,1.2571301993354345,-0.41565300660957144
1.9623971257156043,2,51,12,2011,1,0,-0.9431255882376653,1.082788661301483,-0.6066995638509763
1.3473198337634127,2,51,12,2011,1,0,-0.8697369717592602,-0.7655944619862101,-0.16819715948630334
-1.2459385906379226,0,51,12,2011,1,0,-0.14528648623672183,1.232761742998471,-0.2693081507839825
0.22127507692775497,1,51,12,2011,1,0,-1.6885442498968912,0.668693586864187,0.154825849554178
-1.3486181105998394,0,51,12,2011,1,0,-0.4115823231726477,1.2813391154074947,-1.0228511175077413
0.06984690069365158,1,51,12,2011,1,0,-1.1742997301446403,-0.867164741983306,0.13247499884627
-0.08150143081591646,1,51,12,2011,1,0,-1.8688705646724,-0.867164741983306,-0.3321033980109626
0.5116519662286834,1,51,12,2011,1,0,-0.6700150940573161,-1.0373904824674003,2.4841037911854573
-0.034159492930900565,1,51,12,2011,1,0,-0.9619969467606837,-0.7655944619862101,-0.27462978190491294
-0.07023490707221185,1,51,12,2011,1,0,-0.6700150940573161,-1.0373904824674003,2.4841037911854573
-0.1532543914646637,1,51,12,2011,1,0,-1.7676991148128849,-0.867164741983306,-2.023317768242675
-0.9075748471041216,0,51,12,2011,1,0,-0.5148505906458316,-1.0373904824674003,-0.18522637907328096
-0.2837710107424666,1,51,12,2011,1,0,-2.0664956247606754,-1.0373904824674003,-0.8541554109742444
-1.2233312978149107,0,51,12,2011,1,0,-0.6700150940573161,-1.0373904824674003,2.4841037911854573
-0.7837888727676563,0,51,12,2011,1,0,-1.2188571044351004,-0.867164741983306,-0.18948368397002535
-0.48283908635581385,1,51,12,2011,1,0,-0.8340910723268923,0.48203320139407296,0.1601474806751084
0.6343900705580522,2,51,12,2011,1,0,-1.5926148440715477,-0.867164741983306,-2.023317768242675
-0.25570883086971885,1,51,12,2011,1,0,-1.0495390821313524,1.3570110378108569,-1.1170439883482108
0.7363931897707003,2,51,12,2011,1,0,-1.1580493936387077,-0.867164741983306,-0.18948368397002535
0.9579011416530114,2,51,12,2011,1,0,-0.4577123106733591,1.3073478904440314,-0.8892781763723856
-0.1483451814265229,1,51,12,2011,1,0,-1.3488597964825602,-1.0373904824674003,1.0249125378263144
0.5724470756586781,2,51,12,2011,1,0,-0.20399737941944554,1.3557602604870853,-0.5455008059602755
1.9384129158557557,2,51,12,2011,1,0,-1.1669608684967998,-1.0373904824674003,-1.6385638381993999
-0.9389381283506959,0,51,12,2011,1,0,-0.9619969467606837,-0.867164741983306,0.6039715161607118
-0.23540340052032,1,51,12,2011,1,0,-0.8697369717592602,-0.7655944619862101,0.2782876915597652
0.9403924192566392,2,51,12,2011,1,0,-0.5358187667825186,1.266362725100069,-0.18948368397002535
-1.376855708149767,0,51,12,2011,1,0,-1.7519729827103694,-1.0373904824674003,-1.140991328392398
-1.4562002121550588,0,51,12,2011,1,0,-0.2511757757269914,-1.0373904824674003,-0.11285219582862611
0.573135801532393,2,51,12,2011,1,0,-1.114016223751665,-0.867164741983306,0.12342822594068845
0.7468814399824394,2,51,12,2011,1,0,-0.18669863410667878,1.232761742998471,-0.2693081507839825
1.7698846401364374,2,51,12,2011,1,0,-1.7519729827103694,-1.0373904824674003,-0.9738921111951804
0.409163668762588,1,51,12,2011,1,0,-1.7084640172267438,0.668693586864187,-0.7785882490570312
-0.9769592987077368,0,51,12,2011,1,0,-0.14528648623672183,1.232761742998471,-0.2693081507839825
1.577114680345175,2,51,12,2011,1,0,-0.5148505906458316,-1.0373904824674003,-0.18522637907328096
0.6455589321870862,2,51,12,2011,1,0,-0.6102557920677578,1.2571301993354345,-0.41565300660957144
-0.1483451814265229,1,52,12,2011,1,1,-1.5380975861161612,-1.0351612054383512,1.0249125378263144
0.5724470756586781,2,52,12,2011,1,1,-0.4886403704749727,1.360483111670566,-0.5455008059602755
0.7468814399824394,2,52,12,2011,1,1,-0.554690125305537,1.2372997797778498,-0.2693081507839825
0.9579011416530114,2,52,12,2011,1,1,-0.5966264775789113,1.3120016031306672,-0.8892781763723856
-1.376855708149767,0,52,12,2011,1,1,-1.3970866015969405,-1.0351612054383512,-1.140991328392398
-0.7652654590723796,0,52,12,2011,1,1,-0.8571560660772483,1.0528364271545068,1.0249125378263144
-0.6294758300313095,1,52,12,2011,1,1,-1.3504324096928118,1.0871072061658344,-0.6066995638509763
0.6343900705580522,2,52,12,2011,1,1,-1.8809272659509952,-0.8657503439293224,-2.023317768242675
-0.48283908635581385,1,52,12,2011,1,1,-1.068934645057788,0.48543677602124274,0.1601474806751084
0.573135801532393,2,52,12,2011,1,1,-1.2964393561408425,-0.8657503439293224,0.12342822594068845
1.7698846401364374,2,52,12,2011,1,1,-1.3970866015969405,-1.0351612054383512,-0.9738921111951804
1.577114680345175,2,52,12,2011,1,1,-0.48549514405446953,-1.0351612054383512,-0.18522637907328096
1.6258211757285925,2,52,12,2011,1,1,-0.7135240595409417,1.2617121984242496,-0.41565300660957144
-0.23540340052032,1,52,12,2011,1,1,-1.0657894186372847,-0.7640817383799872,0.2782876915597652
-0.8812789017076371,0,52,12,2011,1,1,-2.2342410338541723,0.6735195374607734,0.154825849554178
-1.3486181105998394,0,52,12,2011,1,1,-0.6584825971821382,1.2859556863224115,-1.0228511175077413
0.5116519662286834,1,52,12,2011,1,1,-0.7098546287170214,-1.0351612054383512,2.4841037911854573
-1.4562002121550588,0,52,12,2011,1,1,-0.3450083639386661,-1.0351612054383512,-0.11285219582862611
-0.034159492930900565,1,52,12,2011,1,1,-1.1480895099737813,-0.7640817383799872,-0.27462978190491294
0.9403924192566392,2,52,12,2011,1,1,-0.7145724683477762,1.270957906437519,-0.18948368397002535
0.06984690069365158,1,52,12,2011,1,1,-1.353577636113315,-0.8657503439293224,0.13247499884627
-1.2459385906379226,0,52,12,2011,1,1,-0.5200926346800034,1.2372997797778498,-0.2693081507839825
-0.9305589082924309,0,52,12,2011,1,1,-0.7743317703373344,1.3666848183404403,-1.1537632430826312
0.22127507692775497,1,52,12,2011,1,1,-1.3205527586980326,0.6735195374607734,0.154825849554178
-0.07023490707221185,1,52,12,2011,1,1,-0.7098546287170214,-1.0351612054383512,2.4841037911854573
-0.1532543914646637,1,52,12,2011,1,1,-2.067019829164093,-0.8657503439293224,-2.023317768242675
-0.9763164935158085,0,52,12,2011,1,1,-1.7965303570008297,0.6735195374607734,-1.0590382091300685
-0.9389381283506959,0,52,12,2011,1,1,-1.1480895099737813,-0.8657503439293224,0.6039715161607118
-0.5381791422292902,1,52,12,2011,1,1,-0.6825959997393284,1.2617121984242496,-0.41565300660957144
-0.2837710107424666,1,52,12,2011,1,1,-1.6487047152371856,-1.0351612054383512,-0.8541554109742444
0.409163668762588,1,52,12,2011,1,1,-1.261317661111892,0.6735195374607734,-0.7785882490570312
1.9384129158557557,2,52,12,2011,1,1,-1.1161130413653337,-1.0351612054383512,-1.6385638381993999
-0.25570883086971885,1,52,12,2011,1,1,-1.1454684879566956,1.3617356727479661,-1.1170439883482108
-1.1255585835694173,0,52,12,2011,1,1,-0.6825959997393284,1.2617121984242496,-0.41565300660957144
1.9623971257156043,2,52,12,2011,1,1,-1.144420079149861,1.0871072061658344,-0.6066995638509763
-1.2233312978149107,0,52,12,2011,1,1,-0.7098546287170214,-1.0351612054383512,2.4841037911854573
-0.9769592987077368,0,52,12,2011,1,1,-0.5200926346800034,1.2372997797778498,-0.2693081507839825
1.3473198337634127,2,52,12,2011,1,1,-1.0657894186372847,-0.7640817383799872,-0.16819715948630334
0.6455589321870862,2,52,12,2011,1,1,-0.6825959997393284,1.2617121984242496,-0.41565300660957144
-0.08150143081591646,1,52,12,2011,1,1,-2.064398807147007,-0.8657503439293224,-0.3321033980109626
-0.9075748471041216,0,52,12,2011,1,1,-0.48549514405446953,-1.0351612054383512,-0.18522637907328096
1.8019984234725068,2,52,12,2011,1,1,-1.068934645057788,0.48543677602124274,0.1601474806751084
-1.191930361324644,0,52,12,2011,1,1,-0.5185200214697518,1.360483111670566,-0.5455008059602755
-0.7837888727676563,0,52,12,2011,1,1,-1.401804441227695,-0.8657503439293224,-0.18948368397002535
0.7363931897707003,2,52,12,2011,1,1,-1.3907961487559346,-0.8657503439293224,-0.18948368397002535
0.06984690069365158,1,1,1,2012,0,0,-1.4107159160857872,-0.8643359484530173,-0.07826159354257814
-0.1532543914646637,1,1,1,2012,0,0,-1.8290310300126946,-0.8643359484530173,-2.1079317030654696
-0.9769592987077368,0,1,1,2012,0,0,-0.05250230683188132,1.2418378139795507,-0.5204891396919022
-0.07023490707221185,1,1,1,2012,0,0,-0.40634027913847587,-1.0329319309869813,2.1099931233840428
0.6343900705580522,2,1,1,2012,0,0,-1.776610589670977,-0.8643359484530173,-2.1079317030654696
-0.9305589082924309,0,1,1,2012,0,0,-0.5578353517260402,1.3714165135393814,-1.3597103674626418
-0.9075748471041216,0,1,1,2012,0,0,0.08746026888050507,-1.0329319309869813,-0.36030804295189417
-0.7837888727676563,0,1,1,2012,0,0,-1.4647089696377567,-0.8643359484530173,-0.14850712433886054
1.7698846401364374,2,1,1,2012,0,0,-1.2780922020212415,-1.0329319309869813,-1.127155087477979
0.22127507692775497,1,1,1,2012,0,0,-1.1234519030131742,0.6783454880573598,0.018059929746264376
0.7468814399824394,2,1,1,2012,0,0,-0.1232699012932003,1.2418378139795507,-0.5204891396919022
0.9579011416530114,2,1,1,2012,0,0,-0.3858963074052059,1.3166553158173022,-1.1122545203393737
-1.2233312978149107,0,1,1,2012,0,0,-0.40634027913847587,-1.0329319309869813,2.1099931233840428
-0.2837710107424666,1,1,1,2012,0,0,-1.6010021145262225,-1.0329319309869813,-0.9680383169621573
-1.2459385906379226,0,1,1,2012,0,0,-0.05250230683188132,1.2418378139795507,-0.5204891396919022
-0.5381791422292902,1,1,1,2012,0,0,-0.528479905134678,1.2662941949353863,-0.6200036416533022
1.9623971257156043,2,1,1,2012,0,0,-1.298011969351094,1.0914257510301861,-0.671091300414235
1.3473198337634127,2,1,1,2012,0,0,-1.1732513213378062,-0.7625690173514428,-0.11338435894071887
-0.8812789017076371,0,1,1,2012,0,0,-2.0712134643914304,0.6783454880573598,0.018059929746264376
-1.191930361324644,0,1,1,2012,0,0,-0.30202360285845753,1.365205960276368,-0.7392081787621455
-0.48283908635581385,1,1,1,2012,0,0,-1.1690576861104685,0.4888403506484125,0.10746333257789635
-1.3486181105998394,0,1,1,2012,0,0,-0.4178727760136537,1.290572254659649,-1.21283334852496
-1.1255585835694173,0,1,1,2012,0,0,-0.528479905134678,1.2662941949353863,-0.6200036416533022
1.6258211757285925,2,1,1,2012,0,0,-0.5992474995959971,1.2662941949353863,-0.6200036416533022
1.9384129158557557,2,1,1,2012,0,0,-1.0243772707673278,-1.0329319309869813,-1.9238032662812743
-0.6294758300313095,1,1,1,2012,0,0,-1.4652331740411737,1.0914257510301861,-0.671091300414235
0.5116519662286834,1,1,1,2012,0,0,-0.40634027913847587,-1.0329319309869813,2.1099931233840428
-0.9389381283506959,0,1,1,2012,0,0,-1.23563164534445,-0.8643359484530173,0.4076033277983765
-1.4562002121550588,0,1,1,2012,0,0,0.14355014004614303,-1.0329319309869813,-0.3294425824504974
0.9403924192566392,2,1,1,2012,0,0,-0.48077730442371513,1.2755530903526469,-0.46514417603422503
0.409163668762588,1,1,1,2012,0,0,-1.099338500455984,0.6783454880573598,-0.8690559781128495
-0.25570883086971885,1,1,1,2012,0,0,-0.7711865439168312,1.3664603076850745,-1.2756285957519398
-0.08150143081591646,1,1,1,2012,0,0,-1.8473781841322958,-0.8643359484530173,-0.40181676569515223
0.573135801532393,2,1,1,2012,0,0,-1.3273674159424562,-0.8643359484530173,0.2325216639197637
-0.7652654590723796,0,1,1,2012,0,0,-0.555214329708954,1.0571864686743258,0.7614917973402551
0.5724470756586781,2,1,1,2012,0,0,-0.19613431336818796,1.365205960276368,-0.7392081787621455
1.8019984234725068,2,1,1,2012,0,0,-1.1690576861104685,0.4888403506484125,0.10746333257789635
0.6455589321870862,2,1,1,2012,0,0,-0.528479905134678,1.2662941949353863,-0.6200036416533022
1.577114680345175,2,1,1,2012,0,0,0.08746026888050507,-1.0329319309869813,-0.36030804295189417
-0.034159492930900565,1,1,1,2012,0,0,-1.23563164534445,-0.7625690173514428,-0.3826588936598022
-1.376855708149767,0,1,1,2012,0,0,-1.2780922020212415,-1.0329319309869813,-1.3027689144686854
-0.23540340052032,1,1,1,2012,0,0,-1.1732513213378062,-0.7625690173514428,0.27775552844767243
0.7363931897707003,2,1,1,2012,0,0,-1.3808362650910082,-0.8643359484530173,-0.14850712433886054
-0.9763164935158085,0,1,1,2012,0,0,-1.661285620919198,0.6783454880573598,-1.096289626976582
-0.1483451814265229,1,1,1,2012,0,0,-1.1423232615361925,-1.0329319309869813,0.7614917973402551
1.577114680345175,2,2,1,2012,0,0,-0.3764606281436968,-1.030702653957933,-0.36030804295189417
1.9623971257156043,2,2,1,2012,0,0,-1.068934645057788,1.0957442933168593,-0.671091300414235
-0.8812789017076371,0,2,1,2012,0,0,-2.658846600622086,0.6831714386539463,0.018059929746264376
-0.08150143081591646,1,2,1,2012,0,0,-1.7105608348404127,-0.8629215503990337,-0.40181676569515223
-1.3486181105998394,0,2,1,2012,0,0,-0.4886403704749727,1.2951888255745658,-1.21283334852496
-1.4562002121550588,0,2,1,2012,0,0,-0.18722283851009586,-1.030702653957933,-0.3294425824504974
-0.23540340052032,1,2,1,2012,0,0,-0.8849388994583587,-0.7610562937452198,0.27775552844767243
-0.5381791422292902,1,2,1,2012,0,0,-0.6909832701940031,1.2708761940242015,-0.6200036416533022
0.7468814399824394,2,2,1,2012,0,0,-0.1846018164930101,1.2463758507589293,-0.5204891396919022
0.5116519662286834,1,2,1,2012,0,0,-0.5300525183449296,-1.030702653957933,2.1099931233840428
-1.2233312978149107,0,2,1,2012,0,0,-0.5300525183449296,-1.030702653957933,2.1099931233840428
-0.9389381283506959,0,2,1,2012,0,0,-1.0055059122443093,-0.8629215503990337,0.4076033277983765
0.06984690069365158,1,2,1,2012,0,0,-1.2020825635257508,-0.8629215503990337,-0.07826159354257814
-1.1255585835694173,0,2,1,2012,0,0,-0.6909832701940031,1.2708761940242015,-0.6200036416533022
-0.25570883086971885,1,2,1,2012,0,0,-1.1386538307122722,1.3711849426221836,-1.2756285957519398
-0.9075748471041216,0,2,1,2012,0,0,-0.3764606281436968,-1.030702653957933,-0.36030804295189417
0.573135801532393,2,2,1,2012,0,0,-1.1365570130986036,-0.8629215503990337,0.2325216639197637
-0.9769592987077368,0,2,1,2012,0,0,-0.09968070313942719,1.2463758507589293,-0.5204891396919022
-0.1532543914646637,1,2,1,2012,0,0,-1.6922136807208115,-0.8629215503990337,-2.1079317030654696
-0.034159492930900565,1,2,1,2012,0,0,-1.0055059122443093,-0.7610562937452198,-0.3826588936598022
1.7698846401364374,2,2,1,2012,0,0,-1.7074156084199095,-1.030702653957933,-1.127155087477979
-1.376855708149767,0,2,1,2012,0,0,-1.7074156084199095,-1.030702653957933,-1.3027689144686854
-0.07023490707221185,1,2,1,2012,0,0,-0.5300525183449296,-1.030702653957933,2.1099931233840428
0.9403924192566392,2,2,1,2012,0,0,-0.5059391157877394,1.280148271690096,-0.46514417603422503
0.6455589321870862,2,2,1,2012,0,0,-0.6909832701940031,1.2708761940242015,-0.6200036416533022
0.409163668762588,1,2,1,2012,0,0,-1.6088651805774803,0.6831714386539463,-0.8690559781128495
1.6258211757285925,2,2,1,2012,0,0,-0.6390870342557025,1.2708761940242015,-0.6200036416533022
1.9384129158557557,2,2,1,2012,0,0,-1.246115733412794,-1.030702653957933,-1.9238032662812743
0.9579011416530114,2,2,1,2012,0,0,-0.5164232038560832,1.3213090285039382,-1.1122545203393737
0.5724470756586781,2,2,1,2012,0,0,-0.2663777034260895,1.3699288088821702,-0.7392081787621455
0.6343900705580522,2,2,1,2012,0,0,-1.5564447402357626,-0.8629215503990337,-2.1079317030654696
-0.7837888727676563,0,2,1,2012,0,0,-1.1491379187806159,-0.8629215503990337,-0.14850712433886054
-0.1483451814265229,1,2,1,2012,0,0,-1.268132318356315,-1.030702653957933,0.7614917973402551
-0.48283908635581385,1,2,1,2012,0,0,-0.8912293522993647,0.4922439278532608,0.10746333257789635
-0.2837710107424666,1,2,1,2012,0,0,-1.986816555441265,-1.030702653957933,-0.9680383169621573
1.8019984234725068,2,2,1,2012,0,0,-0.8912293522993647,0.4922439278532608,0.10746333257789635
0.7363931897707003,2,2,1,2012,0,0,-1.1061531577004073,-0.8629215503990337,-0.14850712433886054
-0.9763164935158085,0,2,1,2012,0,0,-2.025083476890719,0.6831714386539463,-1.096289626976582
1.3473198337634127,2,2,1,2012,0,0,-0.8849388994583587,-0.7610562937452198,-0.11338435894071887
-1.191930361324644,0,2,1,2012,0,0,-0.33137904944981955,1.3699288088821702,-0.7392081787621455
-0.9305589082924309,0,2,1,2012,0,0,-0.8251795974688005,1.376148206160644,-1.3597103674626418
0.22127507692775497,1,2,1,2012,0,0,-1.5302345200649037,0.6831714386539463,0.018059929746264376
-0.6294758300313095,1,2,1,2012,0,0,-1.2361558497478673,1.0957442933168593,-0.671091300414235
-1.2459385906379226,0,2,1,2012,0,0,-0.09968070313942719,1.2463758507589293,-0.5204891396919022
-0.7652654590723796,0,2,1,2012,0,0,-0.7601782514450705,1.0615365076164671,0.7614917973402551
1.7698846401364374,2,3,1,2012,0,0,-1.3352304819937137,-1.029794646030794,-1.127155087477979
1.9384129158557557,2,3,1,2012,0,0,-0.8435267515884014,-1.029794646030794,-1.9238032662812743
-0.9075748471041216,0,3,1,2012,0,0,-0.1924648825442677,-1.029794646030794,-0.36030804295189417
-0.2837710107424666,1,3,1,2012,0,0,-1.620921881856075,-1.029794646030794,-0.9680383169621573
0.6455589321870862,2,3,1,2012,0,0,-0.3130318953302183,1.2732739996836184,-0.6200036416533022
-0.9389381283506959,0,3,1,2012,0,0,-1.5213230452068116,-0.8602557306016148,0.4076033277983765
0.22127507692775497,1,3,1,2012,0,0,-1.1176856545755853,0.6843729848931142,0.018059929746264376
-0.7837888727676563,0,3,1,2012,0,0,-1.9286298666619581,-0.8602557306016148,-0.14850712433886054
-0.1483451814265229,1,3,1,2012,0,0,-0.9908281889486283,-1.029794646030794,0.7614917973402551
0.7468814399824394,2,3,1,2012,0,0,-0.007420728138004113,1.248777997229199,-0.5204891396919022
-0.1532543914646637,1,3,1,2012,0,0,-2.314968511980418,-0.8602557306016148,-2.1079317030654696
0.9579011416530114,2,3,1,2012,0,0,-0.1473833038503905,1.3237266178470208,-1.1122545203393737
-0.9763164935158085,0,3,1,2012,0,0,-1.5139841835589711,0.6843729848931142,-1.096289626976582
-0.25570883086971885,1,3,1,2012,0,0,-0.5961022731754939,1.3736220965462471,-1.2756285957519398
0.7363931897707003,2,3,1,2012,0,0,-1.821167963961437,-0.8602557306016148,-0.14850712433886054
-1.376855708149767,0,3,1,2012,0,0,-1.3352304819937137,-1.029794646030794,-1.3027689144686854
0.9403924192566392,2,3,1,2012,0,0,-0.21343305868095472,1.2825497144540934,-0.46514417603422503
-0.6294758300313095,1,3,1,2012,0,0,-1.7986271746144982,1.0981928637796792,-0.671091300414235
0.573135801532393,2,3,1,2012,0,0,-1.701125155578903,-0.8602557306016148,0.2325216639197637
-0.07023490707221185,1,3,1,2012,0,0,-0.6280787417839416,-1.029794646030794,2.1099931233840428
0.5116519662286834,1,3,1,2012,0,0,-0.6280787417839416,-1.029794646030794,2.1099931233840428
-0.9769592987077368,0,3,1,2012,0,0,0.03766085055587309,1.248777997229199,-0.5204891396919022
1.6258211757285925,2,3,1,2012,0,0,-0.33976631990449424,1.2732739996836184,-0.6200036416533022
-0.48283908635581385,1,3,1,2012,0,0,-1.380312060687591,0.49470244300032623,0.10746333257789635
-1.2233312978149107,0,3,1,2012,0,0,-0.6280787417839416,-1.029794646030794,2.1099931233840428
-0.5381791422292902,1,3,1,2012,0,0,-0.3130318953302183,1.2732739996836184,-0.6200036416533022
1.3473198337634127,2,3,1,2012,0,0,-1.4589427212001675,-0.7583809107599961,-0.11338435894071887
-0.034159492930900565,1,3,1,2012,0,0,-1.5213230452068116,-0.7583809107599961,-0.3826588936598022
1.9623971257156043,2,3,1,2012,0,0,-1.6004779101228055,1.0981928637796792,-0.671091300414235
-0.23540340052032,1,3,1,2012,0,0,-1.4589427212001675,-0.7583809107599961,0.27775552844767243
1.577114680345175,2,3,1,2012,0,0,-0.1924648825442677,-1.029794646030794,-0.36030804295189417
0.5724470756586781,2,3,1,2012,0,0,-0.0918176370881696,1.37236547046961,-0.7392081787621455
-0.8812789017076371,0,3,1,2012,0,0,-1.6130588158048176,0.6843729848931142,0.018059929746264376
1.8019984234725068,2,3,1,2012,0,0,-1.380312060687591,0.49470244300032623,0.10746333257789635
-1.191930361324644,0,3,1,2012,0,0,-0.10387433836676452,1.37236547046961,-0.7392081787621455
-1.3486181105998394,0,3,1,2012,0,0,-0.18512602089642718,1.297596168645001,-1.21283334852496
-0.7652654590723796,0,3,1,2012,0,0,-0.28629747075594236,1.0638102702237182,0.7614917973402551
0.06984690069365158,1,3,1,2012,0,0,-1.7813284293017313,-0.8602557306016148,-0.07826159354257814
-0.08150143081591646,1,3,1,2012,0,0,-2.2520639835703564,-0.8602557306016148,-0.40181676569515223
-0.9305589082924309,0,3,1,2012,0,0,-0.3471051815523347,1.3785873062320904,-1.3597103674626418
-1.1255585835694173,0,3,1,2012,0,0,-0.3130318953302183,1.2732739996836184,-0.6200036416533022
0.409163668762588,1,3,1,2012,0,0,-1.3955139883866892,0.6843729848931142,-0.8690559781128495
-1.4562002121550588,0,3,1,2012,0,0,-0.11488263083852528,-1.029794646030794,-0.3294425824504974
0.6343900705580522,2,3,1,2012,0,0,-2.2462977351327678,-0.8602557306016148,-2.1079317030654696
-1.2459385906379226,0,3,1,2012,0,0,0.03766085055587309,1.248777997229199,-0.5204891396919022
0.409163668762588,1,4,1,2012,0,0,-1.312165488243358,0.6855745285546029,-0.8690559781128495
-0.6294758300313095,1,4,1,2012,0,0,-1.3598680889543209,1.100641434242499,-0.671091300414235
1.8019984234725068,2,4,1,2012,0,0,-1.0615957834099472,0.49716096072507016,0.10746333257789635
-0.7652654590723796,0,4,1,2012,0,0,-0.3187981437678072,1.0660840328309695,0.7614917973402551
-0.8812789017076371,0,4,1,2012,0,0,-1.6397932403790938,0.6855745285546029,0.018059929746264376
0.9579011416530114,2,4,1,2012,0,0,-0.22182032913562938,1.3261442046124252,-1.1122545203393737
1.577114680345175,2,4,1,2012,0,0,-0.2406916876586477,-1.0288866381036554,-0.36030804295189417
0.5116519662286834,1,4,1,2012,0,0,-0.40634027913847587,-1.0288866381036554,2.1099931233840428
0.5724470756586781,2,4,1,2012,0,0,0.00935381277134557,1.3748021320570507,-0.7392081787621455
-0.9389381283506959,0,4,1,2012,0,0,-1.1795417741788121,-0.8575899133818742,0.4076033277983765
-0.1483451814265229,1,4,1,2012,0,0,-0.9630453555675179,-1.0288866381036554,0.7614917973402551
1.9384129158557557,2,4,1,2012,0,0,-0.936835135396659,-1.0288866381036554,-1.9238032662812743
0.6455589321870862,2,4,1,2012,0,0,-0.3874689206154575,1.2756718053430354,-0.6200036416533022
-1.4562002121550588,0,4,1,2012,0,0,-0.09705968112234145,-1.0288866381036554,-0.3294425824504974
-0.08150143081591646,1,4,1,2012,0,0,-1.7834252469154004,-0.8575899133818742,-0.40181676569515223
0.573135801532393,2,4,1,2012,0,0,-1.3766426298636707,-0.8575899133818742,0.2325216639197637
-0.23540340052032,1,4,1,2012,0,0,-1.1124436105414135,-0.7557055303524509,0.27775552844767243
0.7363931897707003,2,4,1,2012,0,0,-1.3509566140962292,-0.8575899133818742,-0.14850712433886054
0.22127507692775497,1,4,1,2012,0,0,-1.1276455382405115,0.6855745285546029,0.018059929746264376
-0.7837888727676563,0,4,1,2012,0,0,-1.4316840922224743,-0.8575899133818742,-0.14850712433886054
1.3473198337634127,2,4,1,2012,0,0,-1.1124436105414135,-0.7557055303524509,-0.11338435894071887
-1.1255585835694173,0,4,1,2012,0,0,-0.3874689206154575,1.2756718053430354,-0.6200036416533022
-0.9305589082924309,0,4,1,2012,0,0,-0.46138174149727934,1.3810264063035376,-1.3597103674626418
0.06984690069365158,1,4,1,2012,0,0,-1.454224881569413,-0.8575899133818742,-0.07826159354257814
-0.9769592987077368,0,4,1,2012,0,0,0.23843113706465185,1.2511801436994687,-0.5204891396919022
0.6343900705580522,2,4,1,2012,0,0,-1.7021735643857376,-0.8575899133818742,-2.1079317030654696
-0.48283908635581385,1,4,1,2012,0,0,-1.0615957834099472,0.49716096072507016,0.10746333257789635
1.6258211757285925,2,4,1,2012,0,0,-0.40267084831455563,1.2756718053430354,-0.6200036416533022
-1.2459385906379226,0,4,1,2012,0,0,0.23843113706465185,1.2511801436994687,-0.5204891396919022
-0.5381791422292902,1,4,1,2012,0,0,-0.3874689206154575,1.2756718053430354,-0.6200036416533022
1.9623971257156043,2,4,1,2012,0,0,-1.1003869092628185,1.100641434242499,-0.671091300414235
-1.191930361324644,0,4,1,2012,0,0,-0.006372319331169595,1.3748021320570507,-0.7392081787621455
-1.2233312978149107,0,4,1,2012,0,0,-0.40634027913847587,-1.0288866381036554,2.1099931233840428
-0.9075748471041216,0,4,1,2012,0,0,-0.2406916876586477,-1.0288866381036554,-0.36030804295189417
1.7698846401364374,2,4,1,2012,0,0,-1.2508335730435483,-1.0288866381036554,-1.127155087477979
-0.034159492930900565,1,4,1,2012,0,0,-1.1795417741788121,-0.7557055303524509,-0.3826588936598022
-0.07023490707221185,1,4,1,2012,0,0,-0.40634027913847587,-1.0288866381036554,2.1099931233840428
-0.9763164935158085,0,4,1,2012,0,0,-1.573219281145112,0.6855745285546029,-1.096289626976582
0.7468814399824394,2,4,1,2012,0,0,0.1293966211538791,1.2511801436994687,-0.5204891396919022
0.9403924192566392,2,4,1,2012,0,0,-0.20556999262969713,1.2849511572180907,-0.46514417603422503
-0.1532543914646637,1,4,1,2012,0,0,-1.8489507973425474,-0.8575899133818742,-2.1079317030654696
-1.3486181105998394,0,4,1,2012,0,0,-0.18617442970326134,1.300003511715436,-1.21283334852496
-1.376855708149767,0,4,1,2012,0,0,-1.2508335730435483,-1.0288866381036554,-1.3027689144686854
-0.2837710107424666,1,4,1,2012,0,0,-1.477814079723186,-1.0288866381036554,-0.9680383169621573
-0.25570883086971885,1,4,1,2012,0,0,-0.6637246412163097,1.37605925047031,-1.2756285957519398
-0.1483451814265229,1,5,2,2012,0,0,-1.0243772707673278,-1.0279786301765172,0.7614917973402551
-0.034159492930900565,1,5,2,2012,0,0,-0.9226816165043954,-0.7530301499449065,-0.3826588936598022
0.5724470756586781,2,5,2,2012,0,0,0.107904240613775,1.3772387910668127,-0.7392081787621455
0.9403924192566392,2,5,2,2012,0,0,-0.08552718424716362,1.2873525999820878,-0.46514417603422503
-0.8812789017076371,0,5,2,2012,0,0,-1.8861693099851669,0.6867760747937708,0.018059929746264376
-0.08150143081591646,1,5,2,2012,0,0,-1.7268111713463454,-0.8549240935844552,-0.40181676569515223
0.5116519662286834,1,5,2,2012,0,0,-0.3984772130872183,-1.0279786301765172,2.1099931233840428
0.6343900705580522,2,5,2,2012,0,0,-1.4924918030188667,-0.8549240935844552,-2.1079317030654696
-1.2233312978149107,0,5,2,2012,0,0,-0.3984772130872183,-1.0279786301765172,2.1099931233840428
-0.1532543914646637,1,5,2,2012,0,0,-1.5894696176510448,-0.8549240935844552,-2.1079317030654696
-0.07023490707221185,1,5,2,2012,0,0,-0.3984772130872183,-1.0279786301765172,2.1099931233840428
-0.7837888727676563,0,5,2,2012,0,0,-1.199461541508665,-0.8549240935844552,-0.14850712433886054
0.7363931897707003,2,5,2,2012,0,0,-1.1512347363942845,-0.8549240935844552,-0.14850712433886054
-0.2837710107424666,1,5,2,2012,0,0,-1.673342322197793,-1.0279786301765172,-0.9680383169621573
-0.9075748471041216,0,5,2,2012,0,0,-0.06980105214464807,-1.0279786301765172,-0.36030804295189417
-0.48283908635581385,1,5,2,2012,0,0,-0.7979209684911072,0.4996194784498141,0.10746333257789635
-1.3486181105998394,0,5,2,2012,0,0,-0.04359083197378921,1.302410852208192,-1.21283334852496
0.9579011416530114,2,5,2,2012,0,0,-0.03834878793961737,1.3285617939555079,-1.1122545203393737
1.7698846401364374,2,5,2,2012,0,0,-1.404425463244781,-1.0279786301765172,-1.127155087477979
0.22127507692775497,1,5,2,2012,0,0,-1.1685334817070514,0.6867760747937708,0.018059929746264376
1.8019984234725068,2,5,2,2012,0,0,-0.7979209684911072,0.4996194784498141,0.10746333257789635
-0.9769592987077368,0,5,2,2012,0,0,0.16504252058624713,1.253582292747417,-0.5204891396919022
0.573135801532393,2,5,2,2012,0,0,-1.0259498839775794,-0.8549240935844552,0.2325216639197637
-0.6294758300313095,1,5,2,2012,0,0,-1.2162360824180147,1.1030900047053183,-0.671091300414235
1.9384129158557557,2,5,2,2012,0,0,-0.8582044748840825,-1.0279786301765172,-1.9238032662812743
-1.376855708149767,0,5,2,2012,0,0,-1.404425463244781,-1.0279786301765172,-1.3027689144686854
-0.23540340052032,1,5,2,2012,0,0,-0.8209859622414628,-0.7530301499449065,0.27775552844767243
-0.25570883086971885,1,5,2,2012,0,0,-0.661627823602641,1.3784964043943735,-1.2756285957519398
-1.1255585835694173,0,5,2,2012,0,0,-0.1232699012932003,1.278069608424774,-0.6200036416533022
0.06984690069365158,1,5,2,2012,0,0,-1.07784611991588,-0.8549240935844552,-0.07826159354257814
-0.9389381283506959,0,5,2,2012,0,0,-0.9226816165043954,-0.8549240935844552,0.4076033277983765
-0.9305589082924309,0,5,2,2012,0,0,-0.19665851777160503,1.3834655063749839,-1.3597103674626418
-1.4562002121550588,0,5,2,2012,0,0,0.07068572797115538,-1.0279786301765172,-0.3294425824504974
0.6455589321870862,2,5,2,2012,0,0,-0.1232699012932003,1.278069608424774,-0.6200036416533022
1.9623971257156043,2,5,2,2012,0,0,-0.9567549027265119,1.1030900047053183,-0.671091300414235
-1.191930361324644,0,5,2,2012,0,0,0.060201639902811695,1.3772387910668127,-0.7392081787621455
0.409163668762588,1,5,2,2012,0,0,-1.3907961487559346,0.6867760747937708,-0.8690559781128495
-1.2459385906379226,0,5,2,2012,0,0,0.16504252058624713,1.253582292747417,-0.5204891396919022
1.577114680345175,2,5,2,2012,0,0,-0.06980105214464807,-1.0279786301765172,-0.36030804295189417
-0.5381791422292902,1,5,2,2012,0,0,-0.1232699012932003,1.278069608424774,-0.6200036416533022
0.7468814399824394,2,5,2,2012,0,0,0.13149343876754777,1.253582292747417,-0.5204891396919022
1.3473198337634127,2,5,2,2012,0,0,-0.8209859622414628,-0.7530301499449065,-0.11338435894071887
-0.9763164935158085,0,5,2,2012,0,0,-1.7116092436472468,0.6867760747937708,-1.096289626976582
1.6258211757285925,2,5,2,2012,0,0,-0.15577057430506516,1.278069608424774,-0.6200036416533022
-0.7652654590723796,0,5,2,2012,0,0,-0.32823382302931636,1.0683577954382206,0.7614917973402551
0.7468814399824394,2,6,2,2012,0,1,-0.27738599589785023,1.2559844392176867,-0.5204891396919022
1.3473198337634127,2,6,2,2012,0,1,-1.0652652142338674,-0.7503547695373612,-0.11338435894071887
-0.1532543914646637,1,6,2,2012,0,1,-1.7960061525974123,-0.8522582763647154,-2.1079317030654696
0.22127507692775497,1,6,2,2012,0,1,-1.8264100079956085,0.6879776210329386,0.018059929746264376
-0.07023490707221185,1,6,2,2012,0,1,-0.3098866689097151,-1.0270706222493786,2.1099931233840428
-0.7837888727676563,0,6,2,2012,0,1,-1.377166834267088,-0.8522582763647154,-0.14850712433886054
-0.23540340052032,1,6,2,2012,0,1,-1.0652652142338674,-0.7503547695373612,0.27775552844767243
-0.9075748471041216,0,6,2,2012,0,1,-0.12851194532737215,-1.0270706222493786,-0.36030804295189417
-0.9769592987077368,0,6,2,2012,0,1,-0.19351329135110185,1.2559844392176867,-0.5204891396919022
1.7698846401364374,2,6,2,2012,0,1,-1.2817616328451618,-1.0270706222493786,-1.127155087477979
-1.1255585835694173,0,6,2,2012,0,1,-0.6113042008745919,1.280467414084191,-0.6200036416533022
-1.2233312978149107,0,6,2,2012,0,1,-0.3098866689097151,-1.0270706222493786,2.1099931233840428
0.06984690069365158,1,6,2,2012,0,1,-1.3289400291527078,-0.8522582763647154,-0.07826159354257814
0.6343900705580522,2,6,2,2012,0,1,-1.6555193724816089,-0.8522582763647154,-2.1079317030654696
1.6258211757285925,2,6,2,2012,0,1,-0.5871907983174022,1.280467414084191,-0.6200036416533022
-0.5381791422292902,1,6,2,2012,0,1,-0.6113042008745919,1.280467414084191,-0.6200036416533022
1.9623971257156043,2,6,2,2012,0,1,-1.2953909473340084,1.1055385751681384,-0.671091300414235
-0.48283908635581385,1,6,2,2012,0,1,-1.1103467929277449,0.5020779935968794,0.10746333257789635
-0.9305589082924309,0,6,2,2012,0,1,-0.7418310973254691,1.3859046090241096,-1.3597103674626418
-1.3486181105998394,0,6,2,2012,0,1,-0.5038422981740708,1.3048181952786273,-1.21283334852496
0.5116519662286834,1,6,2,2012,0,1,-0.3098866689097151,-1.0270706222493786,2.1099931233840428
-0.08150143081591646,1,6,2,2012,0,1,-1.7975787658076638,-0.8522582763647154,-0.40181676569515223
0.5724470756586781,2,6,2,2012,0,1,-0.31198348652338415,1.3796754526542534,-0.7392081787621455
0.409163668762588,1,6,2,2012,0,1,-1.8966533980535105,0.6879776210329386,-0.8690559781128495
1.577114680345175,2,6,2,2012,0,1,-0.12851194532737215,-1.0270706222493786,-0.36030804295189417
-0.8812789017076371,0,6,2,2012,0,1,-2.0649230115504245,0.6879776210329386,0.018059929746264376
-0.7652654590723796,0,6,2,2012,0,1,-0.6102557920677578,1.0706315554677934,0.7614917973402551
-0.1483451814265229,1,6,2,2012,0,1,-1.12607292503026,-1.0270706222493786,0.7614917973402551
-1.4562002121550588,0,6,2,2012,0,1,0.09217810851125947,-1.0270706222493786,-0.3294425824504974
-0.9389381283506959,0,6,2,2012,0,1,-1.1795417741788121,-0.8522582763647154,0.4076033277983765
0.9579011416530114,2,6,2,2012,0,1,-0.5033180937706537,1.3309793832985914,-1.1122545203393737
0.6455589321870862,2,6,2,2012,0,1,-0.6113042008745919,1.280467414084191,-0.6200036416533022
-0.6294758300313095,1,6,2,2012,0,1,-1.347811387675726,1.1055385751681384,-0.671091300414235
-0.2837710107424666,1,6,2,2012,0,1,-1.811208080296511,-1.0270706222493786,-0.9680383169621573
0.573135801532393,2,6,2,2012,0,1,-1.277043793214407,-0.8522582763647154,0.2325216639197637
0.7363931897707003,2,6,2,2012,0,1,-1.3404725260278856,-0.8522582763647154,-0.14850712433886054
-1.2459385906379226,0,6,2,2012,0,1,-0.19351329135110185,1.2559844392176867,-0.5204891396919022
-0.034159492930900565,1,6,2,2012,0,1,-1.1795417741788121,-0.7503547695373612,-0.3826588936598022
-0.9763164935158085,0,6,2,2012,0,1,-1.8080628538760077,0.6879776210329386,-1.096289626976582
1.9384129158557557,2,6,2,2012,0,1,-1.3200285542946155,-1.0270706222493786,-1.9238032662812743
-0.25570883086971885,1,6,2,2012,0,1,-1.1779691609685605,1.380933558318437,-1.2756285957519398
-1.376855708149767,0,6,2,2012,0,1,-1.2817616328451618,-1.0270706222493786,-1.3027689144686854
-1.191930361324644,0,6,2,2012,0,1,-0.3423873419215803,1.3796754526542534,-0.7392081787621455
1.8019984234725068,2,6,2,2012,0,1,-1.1103467929277449,0.5020779935968794,0.10746333257789635
0.9403924192566392,2,6,2,2012,0,1,-0.5326735403620154,1.2897540427460852,-0.46514417603422503
1.9384129158557557,2,7,2,2012,0,0,-1.2576482302879717,-1.025273529134097,-1.9238032662812743
1.3473198337634127,2,7,2,2012,0,0,-1.0977658872457323,-0.7479303854333476,-0.11338435894071887
-0.9763164935158085,0,7,2,2012,0,0,-1.4149095513131247,0.6885902192533455,-1.096289626976582
0.409163668762588,1,7,2,2012,0,0,-1.8693947690758175,0.6885902192533455,-0.8690559781128495
0.7363931897707003,2,7,2,2012,0,0,-1.427490456995137,-0.8498962746617958,-0.14850712433886054
-0.48283908635581385,1,7,2,2012,0,0,-1.1182098589790024,0.5055547304772722,0.10746333257789635
-0.7837888727676563,0,7,2,2012,0,0,-1.463660560830922,-0.8498962746617958,-0.14850712433886054
0.6343900705580522,2,7,2,2012,0,0,-1.6340269919415047,-0.8498962746617958,-2.1079317030654696
-0.1483451814265229,1,7,2,2012,0,0,-1.0972416828423153,-1.025273529134097,0.7614917973402551
-0.9305589082924309,0,7,2,2012,0,0,-0.753363594200647,1.3901208071575222,-1.3597103674626418
1.6258211757285925,2,7,2,2012,0,0,-0.75283938979723,1.2845992267515227,-0.6200036416533022
0.22127507692775497,1,7,2,2012,0,0,-1.778183202881228,0.6885902192533455,0.018059929746264376
1.8019984234725068,2,7,2,2012,0,0,-1.1182098589790024,0.5055547304772722,0.10746333257789635
-0.6294758300313095,1,7,2,2012,0,0,-1.3603922933577384,1.109523583880794,-0.671091300414235
-0.7652654590723796,0,7,2,2012,0,0,-0.46138174149727934,1.0745605795777726,0.7614917973402551
-0.2837710107424666,1,7,2,2012,0,0,-1.4374503406600632,-1.025273529134097,-0.9680383169621573
1.7698846401364374,2,7,2,2012,0,0,-1.1328875822746833,-1.025273529134097,-1.127155087477979
-1.191930361324644,0,7,2,2012,0,0,-0.3035962160687091,1.38388666555715,-0.7392081787621455
0.6455589321870862,2,7,2,2012,0,0,-0.6894106569837515,1.2845992267515227,-0.6200036416533022
-0.9389381283506959,0,7,2,2012,0,0,-1.149662123184033,-0.8498962746617958,0.4076033277983765
-0.034159492930900565,1,7,2,2012,0,0,-1.149662123184033,-0.7479303854333476,-0.3826588936598022
0.9403924192566392,2,7,2,2012,0,0,-0.6742087292846534,1.2938932868609752,-0.46514417603422503
-1.4562002121550588,0,7,2,2012,0,0,-0.02000163382001647,-1.025273529134097,-0.3294425824504974
-1.1255585835694173,0,7,2,2012,0,0,-0.6894106569837515,1.2845992267515227,-0.6200036416533022
-1.376855708149767,0,7,2,2012,0,0,-1.1328875822746833,-1.025273529134097,-1.3027689144686854
-1.2459385906379226,0,7,2,2012,0,0,-0.19927953978869076,1.2601017524425924,-0.5204891396919022
-1.2233312978149107,0,7,2,2012,0,0,-0.33452427587032274,-1.025273529134097,2.1099931233840428
0.5116519662286834,1,7,2,2012,0,0,-0.33452427587032274,-1.025273529134097,2.1099931233840428
0.9579011416530114,2,7,2,2012,0,0,-0.4797288956168806,1.3351516217002466,-1.1122545203393737
-1.3486181105998394,0,7,2,2012,0,0,-0.5206168390834205,1.308969497774259,-1.21283334852496
0.573135801532393,2,7,2,2012,0,0,-1.2718017491802351,-0.8498962746617958,0.2325216639197637
-0.1532543914646637,1,7,2,2012,0,0,-1.7100366304369952,-0.8498962746617958,-2.1079317030654696
-0.08150143081591646,1,7,2,2012,0,0,-1.7970545614042468,-0.8498962746617958,-0.40181676569515223
0.7468814399824394,2,7,2,2012,0,0,-0.28472485754569077,1.2601017524425924,-0.5204891396919022
1.9623971257156043,2,7,2,2012,0,0,-1.4191031865404622,1.109523583880794,-0.671091300414235
-0.9075748471041216,0,7,2,2012,0,0,-0.21290885427753764,-1.025273529134097,-0.36030804295189417
0.06984690069365158,1,7,2,2012,0,0,-1.326843211539039,-0.8498962746617958,-0.07826159354257814
-0.07023490707221185,1,7,2,2012,0,0,-0.33452427587032274,-1.025273529134097,2.1099931233840428
-0.25570883086971885,1,7,2,2012,0,0,-1.0836123683534689,1.3851457790936874,-1.2756285957519398
-0.23540340052032,1,7,2,2012,0,0,-1.0977658872457323,-0.7479303854333476,0.27775552844767243
1.577114680345175,2,7,2,2012,0,0,-0.21290885427753764,-1.025273529134097,-0.36030804295189417
-0.8812789017076371,0,7,2,2012,0,0,-1.6329785831346704,0.6885902192533455,0.018059929746264376
-0.9769592987077368,0,7,2,2012,0,0,-0.19927953978869076,1.2601017524425924,-0.5204891396919022
-0.5381791422292902,1,7,2,2012,0,0,-0.6894106569837515,1.2845992267515227,-0.6200036416533022
0.5724470756586781,2,7,2,2012,0,0,-0.2836764487388563,1.38388666555715,-0.7392081787621455
1.577114680345175,2,8,2,2012,0,0,-0.11331001762827368,-1.022809624060967,-0.36030804295189417
1.6258211757285925,2,8,2,2012,0,0,-0.18617442970326134,1.2900315478968896,-0.6200036416533022
-0.7652654590723796,0,8,2,2012,0,0,-0.2438369140791509,1.0797310472371193,0.7614917973402551
-1.2233312978149107,0,8,2,2012,0,0,-0.2648050902158379,-1.022809624060967,2.1099931233840428
-0.23540340052032,1,8,2,2012,0,0,-0.8618739057080027,-0.7456942492014019,0.27775552844767243
-0.8812789017076371,0,8,2,2012,0,0,-1.770320136829971,0.6887611090373605,0.018059929746264376
-1.2459385906379226,0,8,2,2012,0,0,0.21117250808695884,1.2655054407334752,-0.5204891396919022
-1.376855708149767,0,8,2,2012,0,0,-1.1952679062813274,-1.022809624060967,-1.3027689144686854
0.409163668762588,1,8,2,2012,0,0,-1.5878970044407932,0.6887611090373605,-0.8690559781128495
1.9384129158557557,2,8,2,2012,0,0,-0.8844146950549413,-1.022809624060967,-1.9238032662812743
-1.191930361324644,0,8,2,2012,0,0,0.10161378777276864,1.389428793235478,-0.7392081787621455
-0.9075748471041216,0,8,2,2012,0,0,-0.11331001762827368,-1.022809624060967,-0.36030804295189417
0.9579011416530114,2,8,2,2012,0,0,0.05181436944813703,1.340639850117929,-1.1122545203393737
-1.3486181105998394,0,8,2,2012,0,0,-0.022622655837102205,1.3144287685499478,-1.21283334852496
-0.1532543914646637,1,8,2,2012,0,0,-1.483580328160775,-0.847762134596492,-2.1079317030654696
0.7468814399824394,2,8,2,2012,0,0,0.1529858193076522,1.2655054407334752,-0.5204891396919022
-0.25570883086971885,1,8,2,2012,0,0,-0.6212640845395185,1.3906892987184887,-1.2756285957519398
-0.9769592987077368,0,8,2,2012,0,0,0.21117250808695884,1.2655054407334752,-0.5204891396919022
-0.9305589082924309,0,8,2,2012,0,0,-0.2364980524313104,1.3956698301262487,-1.3597103674626418
-0.48283908635581385,1,8,2,2012,0,0,-0.803163012525279,0.5097951330132419,0.10746333257789635
0.9403924192566392,2,8,2,2012,0,0,-0.04883287600796106,1.299335885211133,-0.46514417603422503
0.5724470756586781,2,8,2,2012,0,0,0.15351002371106928,1.389428793235478,-0.7392081787621455
-0.1483451814265229,1,8,2,2012,0,0,-0.9588517203401805,-1.022809624060967,0.7614917973402551
0.06984690069365158,1,8,2,2012,0,0,-1.1449442835532784,-0.847762134596492,-0.07826159354257814
-0.2837710107424666,1,8,2,2012,0,0,-1.4767656709163515,-1.022809624060967,-0.9680383169621573
-0.9389381283506959,0,8,2,2012,0,0,-1.0055059122443093,-0.847762134596492,0.4076033277983765
0.5116519662286834,1,8,2,2012,0,0,-0.2648050902158379,-1.022809624060967,2.1099931233840428
-0.6294758300313095,1,8,2,2012,0,0,-1.1884532490369042,1.114660923214085,-0.671091300414235
-0.5381791422292902,1,8,2,2012,0,0,-0.17673875044175216,1.2900315478968896,-0.6200036416533022
0.6343900705580522,2,8,2,2012,0,0,-1.418578982137045,-0.847762134596492,-2.1079317030654696
-0.7837888727676563,0,8,2,2012,0,0,-1.3105928750331064,-0.847762134596492,-0.14850712433886054
-1.4562002121550588,0,8,2,2012,0,0,0.06439527513014902,-1.022809624060967,-0.3294425824504974
1.7698846401364374,2,8,2,2012,0,0,-1.1952679062813274,-1.022809624060967,-1.127155087477979
-0.07023490707221185,1,8,2,2012,0,0,-0.2648050902158379,-1.022809624060967,2.1099931233840428
-0.034159492930900565,1,8,2,2012,0,0,-1.0055059122443093,-0.7456942492014019,-0.3826588936598022
0.573135801532393,2,8,2,2012,0,0,-1.0919996388081434,-0.847762134596492,0.2325216639197637
-1.1255585835694173,0,8,2,2012,0,0,-0.17673875044175216,1.2900315478968896,-0.6200036416533022
0.6455589321870862,2,8,2,2012,0,0,-0.17673875044175216,1.2900315478968896,-0.6200036416533022
-0.08150143081591646,1,8,2,2012,0,0,-1.578985529582701,-0.847762134596492,-0.40181676569515223
1.3473198337634127,2,8,2,2012,0,0,-0.8618739057080027,-0.7456942492014019,-0.11338435894071887
0.7363931897707003,2,8,2,2012,0,0,-1.2723259535836526,-0.847762134596492,-0.14850712433886054
-0.9763164935158085,0,8,2,2012,0,0,-1.675963344214879,0.6887611090373605,-1.096289626976582
0.22127507692775497,1,8,2,2012,0,0,-1.2985361737545116,0.6887611090373605,0.018059929746264376
1.9623971257156043,2,8,2,2012,0,0,-0.9640937643743523,1.114660923214085,-0.671091300414235
1.8019984234725068,2,8,2,2012,0,0,-0.803163012525279,0.5097951330132419,0.10746333257789635
